ISO-10303-21;
HEADER;
/* Generated by software containing ST-Developer
 * from STEP Tools, Inc. (www.steptools.com) 
 */
/* OPTION: using custom renumber hook */

FILE_DESCRIPTION(
/* description */ (
'CAx-IF Rec.Pracs.---Representation and Presentation of Product Manufa
cturing Information (PMI)---4.0---2014-10-13',
'CAx-IF Rec.Pracs.---3D Tessellated Geometry---0.4---2014-09-14','2;1'),

/* implementation_level */ '2;1');

FILE_NAME(
/* name */ 'cap_crown_3versions',
/* time_stamp */ '2025-11-09T12:19:23+03:00',
/* author */ (''),
/* organization */ (''),
/* preprocessor_version */ 'ST-DEVELOPER v20',
/* originating_system */ 'SIEMENS PLM Software NX2506.5001',
/* authorisation */ $);

FILE_SCHEMA (('AP242_MANAGED_MODEL_BASED_3D_ENGINEERING_MIM_LF { 1 0 10303 442 3 1 4 }'));
ENDSEC;

DATA;
#10=DEFAULT_MODEL_GEOMETRIC_VIEW('Trimetric','',#60,#34,'','',#6957,*);
#11=MECHANICAL_DESIGN_AND_DRAUGHTING_RELATIONSHIP('','',#26,#27);
#12=MECHANICAL_DESIGN_AND_DRAUGHTING_RELATIONSHIP('','',#28,#27);
#13=MECHANICAL_DESIGN_AND_DRAUGHTING_RELATIONSHIP('','',#29,#27);
#14=MECHANICAL_DESIGN_AND_DRAUGHTING_RELATIONSHIP('','',#30,#27);
#15=MECHANICAL_DESIGN_AND_DRAUGHTING_RELATIONSHIP('','',#31,#27);
#16=MECHANICAL_DESIGN_AND_DRAUGHTING_RELATIONSHIP('','',#32,#27);
#17=MECHANICAL_DESIGN_AND_DRAUGHTING_RELATIONSHIP('','',#33,#27);
#18=MECHANICAL_DESIGN_AND_DRAUGHTING_RELATIONSHIP('','',#34,#27);
#19=MODEL_GEOMETRIC_VIEW('Top','',#53,#26);
#20=MODEL_GEOMETRIC_VIEW('Front','',#54,#28);
#21=MODEL_GEOMETRIC_VIEW('Right','',#55,#29);
#22=MODEL_GEOMETRIC_VIEW('Back','',#56,#30);
#23=MODEL_GEOMETRIC_VIEW('Bottom','',#57,#31);
#24=MODEL_GEOMETRIC_VIEW('Left','',#58,#32);
#25=MODEL_GEOMETRIC_VIEW('Isometric','',#59,#33);
#26=DRAUGHTING_MODEL('Top',(#53,#44),#6952);
#27=DRAUGHTING_MODEL('',(#45),#6952);
#28=DRAUGHTING_MODEL('Front',(#54,#46),#6952);
#29=DRAUGHTING_MODEL('Right',(#55,#47),#6952);
#30=DRAUGHTING_MODEL('Back',(#56,#48),#6952);
#31=DRAUGHTING_MODEL('Bottom',(#57,#49),#6952);
#32=DRAUGHTING_MODEL('Left',(#58,#50),#6952);
#33=DRAUGHTING_MODEL('Isometric',(#59,#51),#6952);
#34=DRAUGHTING_MODEL('Trimetric',(#60,#52),#6952);
#35=REPRESENTATION_MAP(#2749,#78);
#36=REPRESENTATION_MAP(#2749,#78);
#37=REPRESENTATION_MAP(#2749,#78);
#38=REPRESENTATION_MAP(#2749,#78);
#39=REPRESENTATION_MAP(#2749,#78);
#40=REPRESENTATION_MAP(#2749,#78);
#41=REPRESENTATION_MAP(#2749,#78);
#42=REPRESENTATION_MAP(#2749,#78);
#43=REPRESENTATION_MAP(#2749,#78);
#44=MAPPED_ITEM('',#35,#2749);
#45=MAPPED_ITEM('',#36,#2749);
#46=MAPPED_ITEM('',#37,#2749);
#47=MAPPED_ITEM('',#38,#2749);
#48=MAPPED_ITEM('',#39,#2749);
#49=MAPPED_ITEM('',#40,#2749);
#50=MAPPED_ITEM('',#41,#2749);
#51=MAPPED_ITEM('',#42,#2749);
#52=MAPPED_ITEM('',#43,#2749);
#53=CAMERA_MODEL_D3('Top',#2987,#61);
#54=CAMERA_MODEL_D3('Front',#2989,#62);
#55=CAMERA_MODEL_D3('Right',#2991,#63);
#56=CAMERA_MODEL_D3('Back',#2993,#64);
#57=CAMERA_MODEL_D3('Bottom',#2995,#65);
#58=CAMERA_MODEL_D3('Left',#2997,#66);
#59=CAMERA_MODEL_D3('Isometric',#2999,#67);
#60=CAMERA_MODEL_D3('Trimetric',#3001,#68);
#61=VIEW_VOLUME(.PARALLEL.,#6928,42.1543579101562,0.,.F.,0.,.F.,.F.,#69);
#62=VIEW_VOLUME(.PARALLEL.,#6931,42.1543579101562,0.,.F.,0.,.F.,.F.,#70);
#63=VIEW_VOLUME(.PARALLEL.,#6934,25.7032604217529,0.,.F.,0.,.F.,.F.,#71);
#64=VIEW_VOLUME(.PARALLEL.,#6937,42.1543579101562,0.,.F.,0.,.F.,.F.,#72);
#65=VIEW_VOLUME(.PARALLEL.,#6940,42.1543579101562,0.,.F.,0.,.F.,.F.,#73);
#66=VIEW_VOLUME(.PARALLEL.,#6943,25.7032604217529,0.,.F.,0.,.F.,.F.,#74);
#67=VIEW_VOLUME(.PARALLEL.,#6946,55.8343965457558,0.,.F.,0.,.F.,.F.,#75);
#68=VIEW_VOLUME(.PARALLEL.,#6949,47.407832472736,0.,.F.,0.,.F.,.F.,#76);
#69=PLANAR_BOX('',21.0205236947932,21.0205236947932,#2988);
#70=PLANAR_BOX('',21.0205236947932,21.0205236947932,#2990);
#71=PLANAR_BOX('',12.817085148834,12.817085148834,#2992);
#72=PLANAR_BOX('',21.0205236947932,21.0205236947932,#2994);
#73=PLANAR_BOX('',21.0205236947932,21.0205236947932,#2996);
#74=PLANAR_BOX('',12.817085148834,12.817085148834,#2998);
#75=PLANAR_BOX('',27.8421571045153,27.8421571045153,#3000);
#76=PLANAR_BOX('',23.6402003307904,23.6402003307904,#3002);
#77=SHAPE_REPRESENTATION_RELATIONSHIP('','',#2748,#78);
#78=ADVANCED_BREP_SHAPE_REPRESENTATION('',(#2744,#2745,#2746),#6952);
#79=SPHERICAL_SURFACE('',#2804,1.);
#80=SPHERICAL_SURFACE('',#2826,1.);
#81=SPHERICAL_SURFACE('',#2883,1.);
#82=SPHERICAL_SURFACE('',#2905,1.);
#83=SPHERICAL_SURFACE('',#2962,1.);
#84=SPHERICAL_SURFACE('',#2984,1.);
#85=(
BOUNDED_SURFACE()
B_SPLINE_SURFACE(2,3,((#3936,#3937,#3938,#3939,#3940,#3941,#3942,#3943,
#3944,#3945),(#3946,#3947,#3948,#3949,#3950,#3951,#3952,#3953,#3954,#3955),
(#3956,#3957,#3958,#3959,#3960,#3961,#3962,#3963,#3964,#3965)),
 .RULED_SURF.,.F.,.F.,.F.)
B_SPLINE_SURFACE_WITH_KNOTS((3,3),(4,3,3,4),(0.,1.),(0.0719184581166277,
0.136842927622255,0.921531175238386,0.926598447905117),
 .PIECEWISE_BEZIER_KNOTS.)
GEOMETRIC_REPRESENTATION_ITEM()
RATIONAL_B_SPLINE_SURFACE(((1.,1.,1.,1.,1.,1.,1.,1.,1.,1.),(0.707106781186548,
0.707106781186548,0.707106781186548,0.707106781186548,0.707106781186548,
0.707106781186548,0.707106781186548,0.707106781186548,0.707106781186548,
0.707106781186548),(1.,1.,1.,1.,1.,1.,1.,1.,1.,1.)))
REPRESENTATION_ITEM('')
SURFACE()
);
#86=(
BOUNDED_SURFACE()
B_SPLINE_SURFACE(3,2,((#3977,#3978,#3979),(#3980,#3981,#3982),(#3983,#3984,
#3985),(#3986,#3987,#3988),(#3989,#3990,#3991)),.UNSPECIFIED.,.F.,.F.,.F.)
B_SPLINE_SURFACE_WITH_KNOTS((4,1,4),(3,3),(0.00090397982682602,0.00104152503639039,
0.00117907024595476),(0.,1.),.UNSPECIFIED.)
GEOMETRIC_REPRESENTATION_ITEM()
RATIONAL_B_SPLINE_SURFACE(((1.,0.197618881110014,1.),(1.,0.195587732600508,
1.),(1.,0.199745300365301,1.),(1.,0.216354722716261,1.),(1.,0.225826902671429,
1.)))
REPRESENTATION_ITEM('')
SURFACE()
);
#87=(
BOUNDED_SURFACE()
B_SPLINE_SURFACE(3,2,((#3993,#3994,#3995),(#3996,#3997,#3998),(#3999,#4000,
#4001),(#4002,#4003,#4004),(#4005,#4006,#4007),(#4008,#4009,#4010),(#4011,
#4012,#4013),(#4014,#4015,#4016),(#4017,#4018,#4019),(#4020,#4021,#4022),
(#4023,#4024,#4025),(#4026,#4027,#4028),(#4029,#4030,#4031),(#4032,#4033,
#4034),(#4035,#4036,#4037),(#4038,#4039,#4040),(#4041,#4042,#4043)),
 .UNSPECIFIED.,.F.,.F.,.F.)
B_SPLINE_SURFACE_WITH_KNOTS((4,1,1,1,1,1,1,1,1,1,1,1,1,1,4),(3,3),(-3.3881317890172E-19,
7.02505565497997E-5,0.0001405011130996,0.0002810022261992,0.0004215033392988,
0.0005620044523984,0.000843006678597601,0.0011240089047968,0.001405011130996,
0.0016860133571952,0.0022480178095936,0.002810022261992,0.0033720267143904,
0.0039340311667888,0.0044960356191872),(0.,1.),.UNSPECIFIED.)
GEOMETRIC_REPRESENTATION_ITEM()
RATIONAL_B_SPLINE_SURFACE(((1.,0.225826902671409,1.),(1.,0.238700154035177,
1.),(1.,0.265312317287467,1.),(1.,0.316538983466604,1.),(1.,0.374698850724116,
1.),(1.,0.433676754636659,1.),(1.,0.502887333601976,1.),(1.,0.575691040359526,
1.),(1.,0.647637817861316,1.),(1.,0.708595802091695,1.),(1.,0.778610650665872,
1.),(1.,0.849186957857536,1.),(1.,0.913813686238618,1.),(1.,0.961243694667366,
1.),(1.,0.991940370750411,1.),(1.,0.999999995247703,1.),(1.,1.,1.)))
REPRESENTATION_ITEM('')
SURFACE()
);
#88=(
BOUNDED_SURFACE()
B_SPLINE_SURFACE(2,3,((#4051,#4052,#4053,#4054,#4055,#4056,#4057),(#4058,
#4059,#4060,#4061,#4062,#4063,#4064),(#4065,#4066,#4067,#4068,#4069,#4070,
#4071)),.RULED_SURF.,.F.,.F.,.F.)
B_SPLINE_SURFACE_WITH_KNOTS((3,3),(4,3,4),(0.,1.),(0.076831976579364,0.814428474603429,
0.919554671012956),.PIECEWISE_BEZIER_KNOTS.)
GEOMETRIC_REPRESENTATION_ITEM()
RATIONAL_B_SPLINE_SURFACE(((1.,1.,1.,1.,1.,1.,1.),(0.707106781186548,0.707106781186548,
0.707106781186548,0.707106781186548,0.707106781186548,0.707106781186548,
0.707106781186548),(1.,1.,1.,1.,1.,1.,1.)))
REPRESENTATION_ITEM('')
SURFACE()
);
#89=(
BOUNDED_SURFACE()
B_SPLINE_SURFACE(2,3,((#4188,#4189,#4190,#4191,#4192,#4193,#4194,#4195,
#4196,#4197),(#4198,#4199,#4200,#4201,#4202,#4203,#4204,#4205,#4206,#4207),
(#4208,#4209,#4210,#4211,#4212,#4213,#4214,#4215,#4216,#4217)),
 .RULED_SURF.,.F.,.F.,.F.)
B_SPLINE_SURFACE_WITH_KNOTS((3,3),(4,3,3,4),(0.,1.),(0.0719184581166277,
0.136842927622255,0.921531175238386,0.926598447905117),
 .PIECEWISE_BEZIER_KNOTS.)
GEOMETRIC_REPRESENTATION_ITEM()
RATIONAL_B_SPLINE_SURFACE(((1.,1.,1.,1.,1.,1.,1.,1.,1.,1.),(0.707106781186548,
0.707106781186548,0.707106781186548,0.707106781186548,0.707106781186548,
0.707106781186548,0.707106781186548,0.707106781186548,0.707106781186548,
0.707106781186548),(1.,1.,1.,1.,1.,1.,1.,1.,1.,1.)))
REPRESENTATION_ITEM('')
SURFACE()
);
#90=(
BOUNDED_SURFACE()
B_SPLINE_SURFACE(3,2,((#4229,#4230,#4231),(#4232,#4233,#4234),(#4235,#4236,
#4237),(#4238,#4239,#4240),(#4241,#4242,#4243)),.UNSPECIFIED.,.F.,.F.,.F.)
B_SPLINE_SURFACE_WITH_KNOTS((4,1,4),(3,3),(0.00090397982682602,0.00104152503639039,
0.00117907024595476),(0.,1.),.UNSPECIFIED.)
GEOMETRIC_REPRESENTATION_ITEM()
RATIONAL_B_SPLINE_SURFACE(((1.,0.197618881110014,1.),(1.,0.195587732600548,
1.),(1.,0.199745300365264,1.),(1.,0.216354722716295,1.),(1.,0.225826902671428,
1.)))
REPRESENTATION_ITEM('')
SURFACE()
);
#91=(
BOUNDED_SURFACE()
B_SPLINE_SURFACE(3,2,((#4245,#4246,#4247),(#4248,#4249,#4250),(#4251,#4252,
#4253),(#4254,#4255,#4256),(#4257,#4258,#4259),(#4260,#4261,#4262),(#4263,
#4264,#4265),(#4266,#4267,#4268),(#4269,#4270,#4271),(#4272,#4273,#4274),
(#4275,#4276,#4277),(#4278,#4279,#4280),(#4281,#4282,#4283),(#4284,#4285,
#4286),(#4287,#4288,#4289),(#4290,#4291,#4292),(#4293,#4294,#4295)),
 .UNSPECIFIED.,.F.,.F.,.F.)
B_SPLINE_SURFACE_WITH_KNOTS((4,1,1,1,1,1,1,1,1,1,1,1,1,1,4),(3,3),(-8.80914265144472E-20,
7.02505565497999E-5,0.0001405011130996,0.0002810022261992,0.0004215033392988,
0.0005620044523984,0.000843006678597599,0.0011240089047968,0.001405011130996,
0.0016860133571952,0.0022480178095936,0.002810022261992,0.0033720267143904,
0.0039340311667888,0.0044960356191872),(0.,1.),.UNSPECIFIED.)
GEOMETRIC_REPRESENTATION_ITEM()
RATIONAL_B_SPLINE_SURFACE(((1.,0.225826902671409,1.),(1.,0.238700154035296,
1.),(1.,0.265312317287412,1.),(1.,0.316538983466636,1.),(1.,0.374698850724106,
1.),(1.,0.433676754636655,1.),(1.,0.502887333601978,1.),(1.,0.575691040359528,
1.),(1.,0.647637817861316,1.),(1.,0.708595802091694,1.),(1.,0.778610650665875,
1.),(1.,0.849186957857528,1.),(1.,0.913813686238621,1.),(1.,0.961243694667365,
1.),(1.,0.991940370750412,1.),(1.,0.999999995247703,1.),(1.,1.,1.)))
REPRESENTATION_ITEM('')
SURFACE()
);
#92=(
BOUNDED_SURFACE()
B_SPLINE_SURFACE(2,3,((#4303,#4304,#4305,#4306,#4307,#4308,#4309),(#4310,
#4311,#4312,#4313,#4314,#4315,#4316),(#4317,#4318,#4319,#4320,#4321,#4322,
#4323)),.RULED_SURF.,.F.,.F.,.F.)
B_SPLINE_SURFACE_WITH_KNOTS((3,3),(4,3,4),(0.,1.),(0.0768319765793641,0.814428474603429,
0.919554671012931),.PIECEWISE_BEZIER_KNOTS.)
GEOMETRIC_REPRESENTATION_ITEM()
RATIONAL_B_SPLINE_SURFACE(((1.,1.,1.,1.,1.,1.,1.),(0.707106781186548,0.707106781186548,
0.707106781186548,0.707106781186548,0.707106781186548,0.707106781186548,
0.707106781186548),(1.,1.,1.,1.,1.,1.,1.)))
REPRESENTATION_ITEM('')
SURFACE()
);
#93=(
BOUNDED_SURFACE()
B_SPLINE_SURFACE(3,2,((#4330,#4331,#4332),(#4333,#4334,#4335),(#4336,#4337,
#4338),(#4339,#4340,#4341),(#4342,#4343,#4344),(#4345,#4346,#4347),(#4348,
#4349,#4350)),.UNSPECIFIED.,.F.,.F.,.F.)
B_SPLINE_SURFACE_WITH_KNOTS((4,1,1,1,4),(3,3),(-8.70334227555221E-6,0.0010036546272911,
0.00201601259685774,0.00302837056642439,0.00404072853599104),(0.,1.),
 .UNSPECIFIED.)
GEOMETRIC_REPRESENTATION_ITEM()
RATIONAL_B_SPLINE_SURFACE(((1.,1.,1.),(1.,0.999999999010368,1.),(1.,0.976162503690005,
1.),(1.,0.877141593988163,1.),(1.,0.726423561520838,1.),(1.,0.630171799044262,
1.),(1.,0.618845814431362,1.)))
REPRESENTATION_ITEM('')
SURFACE()
);
#94=(
BOUNDED_SURFACE()
B_SPLINE_SURFACE(2,3,((#4451,#4452,#4453,#4454,#4455,#4456,#4457,#4458,
#4459,#4460),(#4461,#4462,#4463,#4464,#4465,#4466,#4467,#4468,#4469,#4470),
(#4471,#4472,#4473,#4474,#4475,#4476,#4477,#4478,#4479,#4480)),
 .RULED_SURF.,.F.,.F.,.F.)
B_SPLINE_SURFACE_WITH_KNOTS((3,3),(4,3,3,4),(0.,1.),(0.0719184581166277,
0.136842927622255,0.921531175238386,0.926598447905117),
 .PIECEWISE_BEZIER_KNOTS.)
GEOMETRIC_REPRESENTATION_ITEM()
RATIONAL_B_SPLINE_SURFACE(((1.,1.,1.,1.,1.,1.,1.,1.,1.,1.),(0.707106781186548,
0.707106781186548,0.707106781186548,0.707106781186548,0.707106781186548,
0.707106781186548,0.707106781186548,0.707106781186548,0.707106781186548,
0.707106781186548),(1.,1.,1.,1.,1.,1.,1.,1.,1.,1.)))
REPRESENTATION_ITEM('')
SURFACE()
);
#95=(
BOUNDED_SURFACE()
B_SPLINE_SURFACE(3,2,((#4492,#4493,#4494),(#4495,#4496,#4497),(#4498,#4499,
#4500),(#4501,#4502,#4503),(#4504,#4505,#4506)),.UNSPECIFIED.,.F.,.F.,.F.)
B_SPLINE_SURFACE_WITH_KNOTS((4,1,4),(3,3),(0.00090397982682602,0.00104152503639039,
0.00117907024595476),(0.,1.),.UNSPECIFIED.)
GEOMETRIC_REPRESENTATION_ITEM()
RATIONAL_B_SPLINE_SURFACE(((1.,0.197618881110014,1.),(1.,0.195587732600533,
1.),(1.,0.199745300365302,1.),(1.,0.216354722716237,1.),(1.,0.225826902671427,
1.)))
REPRESENTATION_ITEM('')
SURFACE()
);
#96=(
BOUNDED_SURFACE()
B_SPLINE_SURFACE(3,2,((#4508,#4509,#4510),(#4511,#4512,#4513),(#4514,#4515,
#4516),(#4517,#4518,#4519),(#4520,#4521,#4522),(#4523,#4524,#4525),(#4526,
#4527,#4528),(#4529,#4530,#4531),(#4532,#4533,#4534),(#4535,#4536,#4537),
(#4538,#4539,#4540),(#4541,#4542,#4543),(#4544,#4545,#4546),(#4547,#4548,
#4549),(#4550,#4551,#4552),(#4553,#4554,#4555),(#4556,#4557,#4558)),
 .UNSPECIFIED.,.F.,.F.,.F.)
B_SPLINE_SURFACE_WITH_KNOTS((4,1,1,1,1,1,1,1,1,1,1,1,1,1,4),(3,3),(-3.04931861011548E-19,
7.02505565497997E-5,0.0001405011130996,0.0002810022261992,0.0004215033392988,
0.0005620044523984,0.0008430066785976,0.0011240089047968,0.001405011130996,
0.0016860133571952,0.0022480178095936,0.002810022261992,0.0033720267143904,
0.0039340311667888,0.0044960356191872),(0.,1.),.UNSPECIFIED.)
GEOMETRIC_REPRESENTATION_ITEM()
RATIONAL_B_SPLINE_SURFACE(((1.,0.225826902671408,1.),(1.,0.238700154035195,
1.),(1.,0.265312317287457,1.),(1.,0.316538983466614,1.),(1.,0.374698850724121,
1.),(1.,0.433676754636654,1.),(1.,0.502887333601978,1.),(1.,0.575691040359517,
1.),(1.,0.647637817861313,1.),(1.,0.708595802091699,1.),(1.,0.778610650665866,
1.),(1.,0.849186957857536,1.),(1.,0.913813686238625,1.),(1.,0.961243694667359,
1.),(1.,0.991940370750414,1.),(1.,0.999999995247703,1.),(1.,1.,1.)))
REPRESENTATION_ITEM('')
SURFACE()
);
#97=(
BOUNDED_SURFACE()
B_SPLINE_SURFACE(2,3,((#4566,#4567,#4568,#4569,#4570,#4571,#4572),(#4573,
#4574,#4575,#4576,#4577,#4578,#4579),(#4580,#4581,#4582,#4583,#4584,#4585,
#4586)),.RULED_SURF.,.F.,.F.,.F.)
B_SPLINE_SURFACE_WITH_KNOTS((3,3),(4,3,4),(0.,1.),(0.0768319765793641,0.814428474603429,
0.919554671012931),.PIECEWISE_BEZIER_KNOTS.)
GEOMETRIC_REPRESENTATION_ITEM()
RATIONAL_B_SPLINE_SURFACE(((1.,1.,1.,1.,1.,1.,1.),(0.707106781186548,0.707106781186548,
0.707106781186548,0.707106781186548,0.707106781186548,0.707106781186548,
0.707106781186548),(1.,1.,1.,1.,1.,1.,1.)))
REPRESENTATION_ITEM('')
SURFACE()
);
#98=(
BOUNDED_SURFACE()
B_SPLINE_SURFACE(2,3,((#4594,#4595,#4596,#4597,#4598,#4599,#4600,#4601,
#4602,#4603),(#4604,#4605,#4606,#4607,#4608,#4609,#4610,#4611,#4612,#4613),
(#4614,#4615,#4616,#4617,#4618,#4619,#4620,#4621,#4622,#4623)),
 .RULED_SURF.,.F.,.F.,.F.)
B_SPLINE_SURFACE_WITH_KNOTS((3,3),(4,3,3,4),(0.,1.),(0.0719184581166277,
0.136842927622255,0.921531175238386,0.926598447905117),
 .PIECEWISE_BEZIER_KNOTS.)
GEOMETRIC_REPRESENTATION_ITEM()
RATIONAL_B_SPLINE_SURFACE(((1.,1.,1.,1.,1.,1.,1.,1.,1.,1.),(0.707106781186548,
0.707106781186548,0.707106781186548,0.707106781186548,0.707106781186548,
0.707106781186548,0.707106781186548,0.707106781186548,0.707106781186548,
0.707106781186548),(1.,1.,1.,1.,1.,1.,1.,1.,1.,1.)))
REPRESENTATION_ITEM('')
SURFACE()
);
#99=(
BOUNDED_SURFACE()
B_SPLINE_SURFACE(3,2,((#4635,#4636,#4637),(#4638,#4639,#4640),(#4641,#4642,
#4643),(#4644,#4645,#4646),(#4647,#4648,#4649)),.UNSPECIFIED.,.F.,.F.,.F.)
B_SPLINE_SURFACE_WITH_KNOTS((4,1,4),(3,3),(0.00090397982682602,0.00104152503639039,
0.00117907024595476),(0.,1.),.UNSPECIFIED.)
GEOMETRIC_REPRESENTATION_ITEM()
RATIONAL_B_SPLINE_SURFACE(((1.,0.197618881110014,1.),(1.,0.195587732600589,
1.),(1.,0.199745300365297,1.),(1.,0.216354722716192,1.),(1.,0.225826902671428,
1.)))
REPRESENTATION_ITEM('')
SURFACE()
);
#100=(
BOUNDED_SURFACE()
B_SPLINE_SURFACE(3,2,((#4651,#4652,#4653),(#4654,#4655,#4656),(#4657,#4658,
#4659),(#4660,#4661,#4662),(#4663,#4664,#4665),(#4666,#4667,#4668),(#4669,
#4670,#4671),(#4672,#4673,#4674),(#4675,#4676,#4677),(#4678,#4679,#4680),
(#4681,#4682,#4683),(#4684,#4685,#4686),(#4687,#4688,#4689),(#4690,#4691,
#4692),(#4693,#4694,#4695),(#4696,#4697,#4698),(#4699,#4700,#4701)),
 .UNSPECIFIED.,.F.,.F.,.F.)
B_SPLINE_SURFACE_WITH_KNOTS((4,1,1,1,1,1,1,1,1,1,1,1,1,1,4),(3,3),(-8.80914265144472E-20,
7.02505565497999E-5,0.0001405011130996,0.0002810022261992,0.0004215033392988,
0.0005620044523984,0.000843006678597599,0.0011240089047968,0.001405011130996,
0.0016860133571952,0.0022480178095936,0.002810022261992,0.0033720267143904,
0.0039340311667888,0.0044960356191872),(0.,1.),.UNSPECIFIED.)
GEOMETRIC_REPRESENTATION_ITEM()
RATIONAL_B_SPLINE_SURFACE(((1.,0.225826902671408,1.),(1.,0.238700154035457,
1.),(1.,0.265312317287338,1.),(1.,0.316538983466682,1.),(1.,0.374698850724097,
1.),(1.,0.433676754636658,1.),(1.,0.502887333601978,1.),(1.,0.575691040359527,
1.),(1.,0.647637817861313,1.),(1.,0.708595802091697,1.),(1.,0.778610650665864,
1.),(1.,0.849186957857542,1.),(1.,0.913813686238618,1.),(1.,0.961243694667359,
1.),(1.,0.991940370750421,1.),(1.,0.999999995247703,1.),(1.,1.,1.)))
REPRESENTATION_ITEM('')
SURFACE()
);
#101=(
BOUNDED_SURFACE()
B_SPLINE_SURFACE(2,3,((#4709,#4710,#4711,#4712,#4713,#4714,#4715),(#4716,
#4717,#4718,#4719,#4720,#4721,#4722),(#4723,#4724,#4725,#4726,#4727,#4728,
#4729)),.RULED_SURF.,.F.,.F.,.F.)
B_SPLINE_SURFACE_WITH_KNOTS((3,3),(4,3,4),(0.,1.),(0.0768319765793639,0.814428474603429,
0.919554671012957),.PIECEWISE_BEZIER_KNOTS.)
GEOMETRIC_REPRESENTATION_ITEM()
RATIONAL_B_SPLINE_SURFACE(((1.,1.,1.,1.,1.,1.,1.),(0.707106781186548,0.707106781186548,
0.707106781186548,0.707106781186548,0.707106781186548,0.707106781186548,
0.707106781186548),(1.,1.,1.,1.,1.,1.,1.)))
REPRESENTATION_ITEM('')
SURFACE()
);
#102=(
BOUNDED_SURFACE()
B_SPLINE_SURFACE(3,2,((#4736,#4737,#4738),(#4739,#4740,#4741),(#4742,#4743,
#4744),(#4745,#4746,#4747),(#4748,#4749,#4750),(#4751,#4752,#4753),(#4754,
#4755,#4756)),.UNSPECIFIED.,.F.,.F.,.F.)
B_SPLINE_SURFACE_WITH_KNOTS((4,1,1,1,4),(3,3),(-8.70334227555221E-6,0.0010036546272911,
0.00201601259685775,0.0030283705664244,0.00404072853599105),(0.,1.),
 .UNSPECIFIED.)
GEOMETRIC_REPRESENTATION_ITEM()
RATIONAL_B_SPLINE_SURFACE(((1.,1.,1.),(1.,0.999999999010368,1.),(1.,0.976162503690018,
1.),(1.,0.877141593988116,1.),(1.,0.726423561521012,1.),(1.,0.630171799043883,
1.),(1.,0.618845814431362,1.)))
REPRESENTATION_ITEM('')
SURFACE()
);
#103=(
BOUNDED_SURFACE()
B_SPLINE_SURFACE(2,3,((#5039,#5040,#5041,#5042,#5043,#5044,#5045,#5046,
#5047,#5048),(#5049,#5050,#5051,#5052,#5053,#5054,#5055,#5056,#5057,#5058),
(#5059,#5060,#5061,#5062,#5063,#5064,#5065,#5066,#5067,#5068)),
 .RULED_SURF.,.F.,.F.,.F.)
B_SPLINE_SURFACE_WITH_KNOTS((3,3),(4,3,3,4),(0.,1.),(0.0739118640774016,
0.122288087302827,0.920208007936622,0.92525549984831),
 .PIECEWISE_BEZIER_KNOTS.)
GEOMETRIC_REPRESENTATION_ITEM()
RATIONAL_B_SPLINE_SURFACE(((1.,1.,1.,1.,1.,1.,1.,1.,1.,1.),(0.707106781186548,
0.707106781186548,0.707106781186548,0.707106781186548,0.707106781186548,
0.707106781186548,0.707106781186548,0.707106781186548,0.707106781186548,
0.707106781186548),(1.,1.,1.,1.,1.,1.,1.,1.,1.,1.)))
REPRESENTATION_ITEM('')
SURFACE()
);
#104=(
BOUNDED_SURFACE()
B_SPLINE_SURFACE(3,2,((#5080,#5081,#5082),(#5083,#5084,#5085),(#5086,#5087,
#5088),(#5089,#5090,#5091),(#5092,#5093,#5094)),.UNSPECIFIED.,.F.,.F.,.F.)
B_SPLINE_SURFACE_WITH_KNOTS((4,1,4),(3,3),(0.000835728593974659,0.000957950326969874,
0.00108017205996509),(0.,1.),.UNSPECIFIED.)
GEOMETRIC_REPRESENTATION_ITEM()
RATIONAL_B_SPLINE_SURFACE(((1.,0.217507962190905,1.),(1.,0.215706070815447,
1.),(1.,0.218848846721733,1.),(1.,0.233124416897234,1.),(1.,0.241534997302509,
1.)))
REPRESENTATION_ITEM('')
SURFACE()
);
#105=(
BOUNDED_SURFACE()
B_SPLINE_SURFACE(3,2,((#5096,#5097,#5098),(#5099,#5100,#5101),(#5102,#5103,
#5104),(#5105,#5106,#5107),(#5108,#5109,#5110),(#5111,#5112,#5113),(#5114,
#5115,#5116),(#5117,#5118,#5119),(#5120,#5121,#5122),(#5123,#5124,#5125),
(#5126,#5127,#5128),(#5129,#5130,#5131),(#5132,#5133,#5134),(#5135,#5136,
#5137),(#5138,#5139,#5140),(#5141,#5142,#5143)),.UNSPECIFIED.,.F.,.F.,.F.)
B_SPLINE_SURFACE_WITH_KNOTS((4,1,1,1,1,1,1,1,1,1,1,1,1,4),(3,3),(-4.06575814682064E-20,
0.000118082418104684,0.000236164836209369,0.000354247254314053,0.000472329672418737,
0.000708494508628106,0.000944659344837475,0.00118082418104684,0.00141698901725621,
0.00188931868967495,0.00236164836209369,0.00283397803451242,0.00330630770693116,
0.0037786373793499),(0.,1.),.UNSPECIFIED.)
GEOMETRIC_REPRESENTATION_ITEM()
RATIONAL_B_SPLINE_SURFACE(((1.,0.241534997302432,1.),(1.,0.263866554093336,
1.),(1.,0.312986659234469,1.),(1.,0.379974747994773,1.),(1.,0.437913021408364,
1.),(1.,0.506555533663469,1.),(1.,0.57948280085954,1.),(1.,0.651610997309359,
1.),(1.,0.712864288348024,1.),(1.,0.783166289457147,1.),(1.,0.853801243319133,
1.),(1.,0.917834940381713,1.),(1.,0.963937431185907,1.),(1.,0.992815219245567,
1.),(1.,0.999999996164881,1.),(1.,1.,1.)))
REPRESENTATION_ITEM('')
SURFACE()
);
#106=(
BOUNDED_SURFACE()
B_SPLINE_SURFACE(2,3,((#5150,#5151,#5152,#5153,#5154,#5155,#5156),(#5157,
#5158,#5159,#5160,#5161,#5162,#5163),(#5164,#5165,#5166,#5167,#5168,#5169,
#5170)),.RULED_SURF.,.F.,.F.,.F.)
B_SPLINE_SURFACE_WITH_KNOTS((3,3),(4,3,4),(0.,1.),(0.0752615704924158,0.814428474603428,
0.920394530372971),.PIECEWISE_BEZIER_KNOTS.)
GEOMETRIC_REPRESENTATION_ITEM()
RATIONAL_B_SPLINE_SURFACE(((1.,1.,1.,1.,1.,1.,1.),(0.707106781186548,0.707106781186548,
0.707106781186548,0.707106781186548,0.707106781186548,0.707106781186548,
0.707106781186548),(1.,1.,1.,1.,1.,1.,1.)))
REPRESENTATION_ITEM('')
SURFACE()
);
#107=(
BOUNDED_SURFACE()
B_SPLINE_SURFACE(2,3,((#5287,#5288,#5289,#5290,#5291,#5292,#5293,#5294,
#5295,#5296),(#5297,#5298,#5299,#5300,#5301,#5302,#5303,#5304,#5305,#5306),
(#5307,#5308,#5309,#5310,#5311,#5312,#5313,#5314,#5315,#5316)),
 .RULED_SURF.,.F.,.F.,.F.)
B_SPLINE_SURFACE_WITH_KNOTS((3,3),(4,3,3,4),(0.,1.),(0.0739118640774016,
0.122288087302827,0.920208007936622,0.92525549984831),
 .PIECEWISE_BEZIER_KNOTS.)
GEOMETRIC_REPRESENTATION_ITEM()
RATIONAL_B_SPLINE_SURFACE(((1.,1.,1.,1.,1.,1.,1.,1.,1.,1.),(0.707106781186548,
0.707106781186548,0.707106781186548,0.707106781186548,0.707106781186548,
0.707106781186548,0.707106781186548,0.707106781186548,0.707106781186548,
0.707106781186548),(1.,1.,1.,1.,1.,1.,1.,1.,1.,1.)))
REPRESENTATION_ITEM('')
SURFACE()
);
#108=(
BOUNDED_SURFACE()
B_SPLINE_SURFACE(3,2,((#5328,#5329,#5330),(#5331,#5332,#5333),(#5334,#5335,
#5336),(#5337,#5338,#5339),(#5340,#5341,#5342)),.UNSPECIFIED.,.F.,.F.,.F.)
B_SPLINE_SURFACE_WITH_KNOTS((4,1,4),(3,3),(0.000835728593974659,0.000957950326969874,
0.00108017205996509),(0.,1.),.UNSPECIFIED.)
GEOMETRIC_REPRESENTATION_ITEM()
RATIONAL_B_SPLINE_SURFACE(((1.,0.217507962190905,1.),(1.,0.215706070815363,
1.),(1.,0.21884884672174,1.),(1.,0.233124416897304,1.),(1.,0.241534997302509,
1.)))
REPRESENTATION_ITEM('')
SURFACE()
);
#109=(
BOUNDED_SURFACE()
B_SPLINE_SURFACE(3,2,((#5344,#5345,#5346),(#5347,#5348,#5349),(#5350,#5351,
#5352),(#5353,#5354,#5355),(#5356,#5357,#5358),(#5359,#5360,#5361),(#5362,
#5363,#5364),(#5365,#5366,#5367),(#5368,#5369,#5370),(#5371,#5372,#5373),
(#5374,#5375,#5376),(#5377,#5378,#5379),(#5380,#5381,#5382),(#5383,#5384,
#5385),(#5386,#5387,#5388),(#5389,#5390,#5391)),.UNSPECIFIED.,.F.,.F.,.F.)
B_SPLINE_SURFACE_WITH_KNOTS((4,1,1,1,1,1,1,1,1,1,1,1,1,4),(3,3),(-5.42101086242752E-20,
0.000118082418104684,0.000236164836209368,0.000354247254314052,0.000472329672418736,
0.000708494508628104,0.000944659344837472,0.00118082418104684,0.00141698901725621,
0.00188931868967494,0.00236164836209368,0.00283397803451242,0.00330630770693115,
0.00377863737934989),(0.,1.),.UNSPECIFIED.)
GEOMETRIC_REPRESENTATION_ITEM()
RATIONAL_B_SPLINE_SURFACE(((1.,0.241534997302432,1.),(1.,0.263866554093242,
1.),(1.,0.312986659234514,1.),(1.,0.379974747994763,1.),(1.,0.437913021408368,
1.),(1.,0.506555533663469,1.),(1.,0.579482800859539,1.),(1.,0.65161099730936,
1.),(1.,0.712864288348025,1.),(1.,0.783166289457146,1.),(1.,0.853801243319136,
1.),(1.,0.917834940381714,1.),(1.,0.963937431185904,1.),(1.,0.992815219245568,
1.),(1.,0.999999996164881,1.),(1.,1.,1.)))
REPRESENTATION_ITEM('')
SURFACE()
);
#110=(
BOUNDED_SURFACE()
B_SPLINE_SURFACE(2,3,((#5398,#5399,#5400,#5401,#5402,#5403,#5404),(#5405,
#5406,#5407,#5408,#5409,#5410,#5411),(#5412,#5413,#5414,#5415,#5416,#5417,
#5418)),.RULED_SURF.,.F.,.F.,.F.)
B_SPLINE_SURFACE_WITH_KNOTS((3,3),(4,3,4),(0.,1.),(0.075261570492416,0.814428474603428,
0.920394530372949),.PIECEWISE_BEZIER_KNOTS.)
GEOMETRIC_REPRESENTATION_ITEM()
RATIONAL_B_SPLINE_SURFACE(((1.,1.,1.,1.,1.,1.,1.),(0.707106781186548,0.707106781186548,
0.707106781186548,0.707106781186548,0.707106781186548,0.707106781186548,
0.707106781186548),(1.,1.,1.,1.,1.,1.,1.)))
REPRESENTATION_ITEM('')
SURFACE()
);
#111=(
BOUNDED_SURFACE()
B_SPLINE_SURFACE(3,2,((#5425,#5426,#5427),(#5428,#5429,#5430),(#5431,#5432,
#5433),(#5434,#5435,#5436),(#5437,#5438,#5439),(#5440,#5441,#5442),(#5443,
#5444,#5445)),.UNSPECIFIED.,.F.,.F.,.F.)
B_SPLINE_SURFACE_WITH_KNOTS((4,1,1,1,4),(3,3),(-8.72676886768406E-6,0.00100478245222072,
0.00201829167330912,0.00303180089439752,0.00404531011548592),(0.,1.),
 .UNSPECIFIED.)
GEOMETRIC_REPRESENTATION_ITEM()
RATIONAL_B_SPLINE_SURFACE(((1.,1.,1.),(1.,0.999999999084051,1.),(1.,0.976362047461217,
1.),(1.,0.877496062074002,1.),(1.,0.725876783707706,1.),(1.,0.629331423627025,
1.),(1.,0.618845814431362,1.)))
REPRESENTATION_ITEM('')
SURFACE()
);
#112=(
BOUNDED_SURFACE()
B_SPLINE_SURFACE(2,3,((#5546,#5547,#5548,#5549,#5550,#5551,#5552,#5553,
#5554,#5555),(#5556,#5557,#5558,#5559,#5560,#5561,#5562,#5563,#5564,#5565),
(#5566,#5567,#5568,#5569,#5570,#5571,#5572,#5573,#5574,#5575)),
 .RULED_SURF.,.F.,.F.,.F.)
B_SPLINE_SURFACE_WITH_KNOTS((3,3),(4,3,3,4),(0.,1.),(0.0739118640774016,
0.122288087302827,0.920208007936622,0.92525549984831),
 .PIECEWISE_BEZIER_KNOTS.)
GEOMETRIC_REPRESENTATION_ITEM()
RATIONAL_B_SPLINE_SURFACE(((1.,1.,1.,1.,1.,1.,1.,1.,1.,1.),(0.707106781186548,
0.707106781186548,0.707106781186548,0.707106781186548,0.707106781186548,
0.707106781186548,0.707106781186548,0.707106781186548,0.707106781186548,
0.707106781186548),(1.,1.,1.,1.,1.,1.,1.,1.,1.,1.)))
REPRESENTATION_ITEM('')
SURFACE()
);
#113=(
BOUNDED_SURFACE()
B_SPLINE_SURFACE(3,2,((#5587,#5588,#5589),(#5590,#5591,#5592),(#5593,#5594,
#5595),(#5596,#5597,#5598),(#5599,#5600,#5601)),.UNSPECIFIED.,.F.,.F.,.F.)
B_SPLINE_SURFACE_WITH_KNOTS((4,1,4),(3,3),(0.000835728593974659,0.000957950326969875,
0.00108017205996509),(0.,1.),.UNSPECIFIED.)
GEOMETRIC_REPRESENTATION_ITEM()
RATIONAL_B_SPLINE_SURFACE(((1.,0.217507962190905,1.),(1.,0.215706070815442,
1.),(1.,0.218848846721698,1.),(1.,0.233124416897308,1.),(1.,0.241534997302508,
1.)))
REPRESENTATION_ITEM('')
SURFACE()
);
#114=(
BOUNDED_SURFACE()
B_SPLINE_SURFACE(3,2,((#5603,#5604,#5605),(#5606,#5607,#5608),(#5609,#5610,
#5611),(#5612,#5613,#5614),(#5615,#5616,#5617),(#5618,#5619,#5620),(#5621,
#5622,#5623),(#5624,#5625,#5626),(#5627,#5628,#5629),(#5630,#5631,#5632),
(#5633,#5634,#5635),(#5636,#5637,#5638),(#5639,#5640,#5641),(#5642,#5643,
#5644),(#5645,#5646,#5647),(#5648,#5649,#5650)),.UNSPECIFIED.,.F.,.F.,.F.)
B_SPLINE_SURFACE_WITH_KNOTS((4,1,1,1,1,1,1,1,1,1,1,1,1,4),(3,3),(-5.42101086242752E-20,
0.000118082418104684,0.000236164836209369,0.000354247254314053,0.000472329672418737,
0.000708494508628106,0.000944659344837475,0.00118082418104684,0.00141698901725621,
0.00188931868967495,0.00236164836209369,0.00283397803451242,0.00330630770693116,
0.0037786373793499),(0.,1.),.UNSPECIFIED.)
GEOMETRIC_REPRESENTATION_ITEM()
RATIONAL_B_SPLINE_SURFACE(((1.,0.241534997302432,1.),(1.,0.26386655409326,
1.),(1.,0.312986659234503,1.),(1.,0.379974747994757,1.),(1.,0.437913021408368,
1.),(1.,0.506555533663464,1.),(1.,0.579482800859542,1.),(1.,0.651610997309356,
1.),(1.,0.712864288348029,1.),(1.,0.783166289457143,1.),(1.,0.853801243319137,
1.),(1.,0.917834940381713,1.),(1.,0.963937431185905,1.),(1.,0.992815219245569,
1.),(1.,0.999999996164881,1.),(1.,1.,1.)))
REPRESENTATION_ITEM('')
SURFACE()
);
#115=(
BOUNDED_SURFACE()
B_SPLINE_SURFACE(2,3,((#5657,#5658,#5659,#5660,#5661,#5662,#5663),(#5664,
#5665,#5666,#5667,#5668,#5669,#5670),(#5671,#5672,#5673,#5674,#5675,#5676,
#5677)),.RULED_SURF.,.F.,.F.,.F.)
B_SPLINE_SURFACE_WITH_KNOTS((3,3),(4,3,4),(0.,1.),(0.075261570492416,0.814428474603428,
0.920394530372948),.PIECEWISE_BEZIER_KNOTS.)
GEOMETRIC_REPRESENTATION_ITEM()
RATIONAL_B_SPLINE_SURFACE(((1.,1.,1.,1.,1.,1.,1.),(0.707106781186548,0.707106781186548,
0.707106781186548,0.707106781186548,0.707106781186548,0.707106781186548,
0.707106781186548),(1.,1.,1.,1.,1.,1.,1.)))
REPRESENTATION_ITEM('')
SURFACE()
);
#116=(
BOUNDED_SURFACE()
B_SPLINE_SURFACE(2,3,((#5685,#5686,#5687,#5688,#5689,#5690,#5691,#5692,
#5693,#5694),(#5695,#5696,#5697,#5698,#5699,#5700,#5701,#5702,#5703,#5704),
(#5705,#5706,#5707,#5708,#5709,#5710,#5711,#5712,#5713,#5714)),
 .RULED_SURF.,.F.,.F.,.F.)
B_SPLINE_SURFACE_WITH_KNOTS((3,3),(4,3,3,4),(0.,1.),(0.0739118640774016,
0.122288087302827,0.920208007936622,0.92525549984831),
 .PIECEWISE_BEZIER_KNOTS.)
GEOMETRIC_REPRESENTATION_ITEM()
RATIONAL_B_SPLINE_SURFACE(((1.,1.,1.,1.,1.,1.,1.,1.,1.,1.),(0.707106781186548,
0.707106781186548,0.707106781186548,0.707106781186548,0.707106781186548,
0.707106781186548,0.707106781186548,0.707106781186548,0.707106781186548,
0.707106781186548),(1.,1.,1.,1.,1.,1.,1.,1.,1.,1.)))
REPRESENTATION_ITEM('')
SURFACE()
);
#117=(
BOUNDED_SURFACE()
B_SPLINE_SURFACE(3,2,((#5726,#5727,#5728),(#5729,#5730,#5731),(#5732,#5733,
#5734),(#5735,#5736,#5737),(#5738,#5739,#5740)),.UNSPECIFIED.,.F.,.F.,.F.)
B_SPLINE_SURFACE_WITH_KNOTS((4,1,4),(3,3),(0.000835728593974659,0.000957950326969875,
0.00108017205996509),(0.,1.),.UNSPECIFIED.)
GEOMETRIC_REPRESENTATION_ITEM()
RATIONAL_B_SPLINE_SURFACE(((1.,0.217507962190905,1.),(1.,0.215706070815372,
1.),(1.,0.21884884672174,1.),(1.,0.233124416897295,1.),(1.,0.241534997302509,
1.)))
REPRESENTATION_ITEM('')
SURFACE()
);
#118=(
BOUNDED_SURFACE()
B_SPLINE_SURFACE(3,2,((#5742,#5743,#5744),(#5745,#5746,#5747),(#5748,#5749,
#5750),(#5751,#5752,#5753),(#5754,#5755,#5756),(#5757,#5758,#5759),(#5760,
#5761,#5762),(#5763,#5764,#5765),(#5766,#5767,#5768),(#5769,#5770,#5771),
(#5772,#5773,#5774),(#5775,#5776,#5777),(#5778,#5779,#5780),(#5781,#5782,
#5783),(#5784,#5785,#5786),(#5787,#5788,#5789)),.UNSPECIFIED.,.F.,.F.,.F.)
B_SPLINE_SURFACE_WITH_KNOTS((4,1,1,1,1,1,1,1,1,1,1,1,1,4),(3,3),(-5.42101086242752E-20,
0.000118082418104684,0.000236164836209368,0.000354247254314052,0.000472329672418736,
0.000708494508628104,0.000944659344837472,0.00118082418104684,0.00141698901725621,
0.00188931868967494,0.00236164836209368,0.00283397803451242,0.00330630770693115,
0.00377863737934989),(0.,1.),.UNSPECIFIED.)
GEOMETRIC_REPRESENTATION_ITEM()
RATIONAL_B_SPLINE_SURFACE(((1.,0.241534997302432,1.),(1.,0.263866554093039,
1.),(1.,0.312986659234609,1.),(1.,0.379974747994737,1.),(1.,0.437913021408371,
1.),(1.,0.506555533663464,1.),(1.,0.579482800859543,1.),(1.,0.651610997309358,
1.),(1.,0.712864288348026,1.),(1.,0.783166289457145,1.),(1.,0.853801243319138,
1.),(1.,0.917834940381714,1.),(1.,0.963937431185907,1.),(1.,0.992815219245567,
1.),(1.,0.999999996164881,1.),(1.,1.,1.)))
REPRESENTATION_ITEM('')
SURFACE()
);
#119=(
BOUNDED_SURFACE()
B_SPLINE_SURFACE(2,3,((#5796,#5797,#5798,#5799,#5800,#5801,#5802),(#5803,
#5804,#5805,#5806,#5807,#5808,#5809),(#5810,#5811,#5812,#5813,#5814,#5815,
#5816)),.RULED_SURF.,.F.,.F.,.F.)
B_SPLINE_SURFACE_WITH_KNOTS((3,3),(4,3,4),(0.,1.),(0.0752615704924158,0.814428474603428,
0.920394530372973),.PIECEWISE_BEZIER_KNOTS.)
GEOMETRIC_REPRESENTATION_ITEM()
RATIONAL_B_SPLINE_SURFACE(((1.,1.,1.,1.,1.,1.,1.),(0.707106781186548,0.707106781186548,
0.707106781186548,0.707106781186548,0.707106781186548,0.707106781186548,
0.707106781186548),(1.,1.,1.,1.,1.,1.,1.)))
REPRESENTATION_ITEM('')
SURFACE()
);
#120=(
BOUNDED_SURFACE()
B_SPLINE_SURFACE(3,2,((#5823,#5824,#5825),(#5826,#5827,#5828),(#5829,#5830,
#5831),(#5832,#5833,#5834),(#5835,#5836,#5837),(#5838,#5839,#5840),(#5841,
#5842,#5843)),.UNSPECIFIED.,.F.,.F.,.F.)
B_SPLINE_SURFACE_WITH_KNOTS((4,1,1,1,4),(3,3),(-8.72676886768406E-6,0.00100478245222072,
0.00201829167330912,0.00303180089439752,0.00404531011548592),(0.,1.),
 .UNSPECIFIED.)
GEOMETRIC_REPRESENTATION_ITEM()
RATIONAL_B_SPLINE_SURFACE(((1.,1.,1.),(1.,0.999999999084051,1.),(1.,0.976362047461219,
1.),(1.,0.877496062073994,1.),(1.,0.725876783707732,1.),(1.,0.629331423626969,
1.),(1.,0.618845814431363,1.)))
REPRESENTATION_ITEM('')
SURFACE()
);
#121=(
BOUNDED_SURFACE()
B_SPLINE_SURFACE(2,3,((#6126,#6127,#6128,#6129,#6130,#6131,#6132,#6133,
#6134,#6135),(#6136,#6137,#6138,#6139,#6140,#6141,#6142,#6143,#6144,#6145),
(#6146,#6147,#6148,#6149,#6150,#6151,#6152,#6153,#6154,#6155)),
 .RULED_SURF.,.F.,.F.,.F.)
B_SPLINE_SURFACE_WITH_KNOTS((3,3),(4,3,3,4),(0.,1.),(0.0751059380510576,
0.112904489274949,0.919354953570451,0.924390235969179),
 .PIECEWISE_BEZIER_KNOTS.)
GEOMETRIC_REPRESENTATION_ITEM()
RATIONAL_B_SPLINE_SURFACE(((1.,1.,1.,1.,1.,1.,1.,1.,1.,1.),(0.707106781186548,
0.707106781186548,0.707106781186548,0.707106781186548,0.707106781186548,
0.707106781186548,0.707106781186548,0.707106781186548,0.707106781186548,
0.707106781186548),(1.,1.,1.,1.,1.,1.,1.,1.,1.,1.)))
REPRESENTATION_ITEM('')
SURFACE()
);
#122=(
BOUNDED_SURFACE()
B_SPLINE_SURFACE(3,2,((#6167,#6168,#6169),(#6170,#6171,#6172),(#6173,#6174,
#6175),(#6176,#6177,#6178)),.UNSPECIFIED.,.F.,.F.,.F.)
B_SPLINE_SURFACE_WITH_KNOTS((4,4),(3,3),(0.000776742016839086,0.000997611051883827),
(0.,1.),.PIECEWISE_BEZIER_KNOTS.)
GEOMETRIC_REPRESENTATION_ITEM()
RATIONAL_B_SPLINE_SURFACE(((1.,0.232157756803616,1.),(1.,0.228905517029119,
1.),(1.,0.238279487389089,1.),(1.,0.253684337041915,1.)))
REPRESENTATION_ITEM('')
SURFACE()
);
#123=(
BOUNDED_SURFACE()
B_SPLINE_SURFACE(3,2,((#6180,#6181,#6182),(#6183,#6184,#6185),(#6186,#6187,
#6188),(#6189,#6190,#6191),(#6192,#6193,#6194),(#6195,#6196,#6197),(#6198,
#6199,#6200),(#6201,#6202,#6203),(#6204,#6205,#6206),(#6207,#6208,#6209),
(#6210,#6211,#6212),(#6213,#6214,#6215),(#6216,#6217,#6218),(#6219,#6220,
#6221),(#6222,#6223,#6224),(#6225,#6226,#6227)),.UNSPECIFIED.,.F.,.F.,.F.)
B_SPLINE_SURFACE_WITH_KNOTS((4,1,1,1,1,1,1,1,1,1,1,1,1,4),(3,3),(-3.25260651745651E-18,
0.000102816228713018,0.000205632457426039,0.000308448686139061,0.000411264914852082,
0.000616897372278125,0.000822529829704168,0.00102816228713021,0.00123379474455625,
0.00164505965940834,0.00205632457426042,0.00246758948911251,0.00287885440396459,
0.00329011931881668),(0.,1.),.UNSPECIFIED.)
GEOMETRIC_REPRESENTATION_ITEM()
RATIONAL_B_SPLINE_SURFACE(((1.,0.253684337041911,1.),(1.,0.273773680369921,
1.),(1.,0.319485967241289,1.),(1.,0.384320637271065,1.),(1.,0.441204118798091,
1.),(1.,0.509202853559491,1.),(1.,0.58199840374957,1.),(1.,0.65413068718612,
1.),(1.,0.715490892018686,1.),(1.,0.785906808956248,1.),(1.,0.856526282560517,
1.),(1.,0.920192203562267,1.),(1.,0.965377089914906,1.),(1.,0.993265951042235,
1.),(1.,0.999999996533615,1.),(1.,1.,1.)))
REPRESENTATION_ITEM('')
SURFACE()
);
#124=(
BOUNDED_SURFACE()
B_SPLINE_SURFACE(2,3,((#6234,#6235,#6236,#6237,#6238,#6239,#6240),(#6241,
#6242,#6243,#6244,#6245,#6246,#6247),(#6248,#6249,#6250,#6251,#6252,#6253,
#6254)),.RULED_SURF.,.F.,.F.,.F.)
B_SPLINE_SURFACE_WITH_KNOTS((3,3),(4,3,4),(0.,1.),(0.0742543702546227,0.814428474603429,
0.92112462068884),.PIECEWISE_BEZIER_KNOTS.)
GEOMETRIC_REPRESENTATION_ITEM()
RATIONAL_B_SPLINE_SURFACE(((1.,1.,1.,1.,1.,1.,1.),(0.707106781186548,0.707106781186548,
0.707106781186548,0.707106781186548,0.707106781186548,0.707106781186548,
0.707106781186548),(1.,1.,1.,1.,1.,1.,1.)))
REPRESENTATION_ITEM('')
SURFACE()
);
#125=(
BOUNDED_SURFACE()
B_SPLINE_SURFACE(2,3,((#6371,#6372,#6373,#6374,#6375,#6376,#6377,#6378,
#6379,#6380),(#6381,#6382,#6383,#6384,#6385,#6386,#6387,#6388,#6389,#6390),
(#6391,#6392,#6393,#6394,#6395,#6396,#6397,#6398,#6399,#6400)),
 .RULED_SURF.,.F.,.F.,.F.)
B_SPLINE_SURFACE_WITH_KNOTS((3,3),(4,3,3,4),(0.,1.),(0.0751059380510576,
0.112904489274949,0.919354953570451,0.924390235969179),
 .PIECEWISE_BEZIER_KNOTS.)
GEOMETRIC_REPRESENTATION_ITEM()
RATIONAL_B_SPLINE_SURFACE(((1.,1.,1.,1.,1.,1.,1.,1.,1.,1.),(0.707106781186548,
0.707106781186548,0.707106781186548,0.707106781186548,0.707106781186548,
0.707106781186548,0.707106781186548,0.707106781186548,0.707106781186548,
0.707106781186548),(1.,1.,1.,1.,1.,1.,1.,1.,1.,1.)))
REPRESENTATION_ITEM('')
SURFACE()
);
#126=(
BOUNDED_SURFACE()
B_SPLINE_SURFACE(3,2,((#6412,#6413,#6414),(#6415,#6416,#6417),(#6418,#6419,
#6420),(#6421,#6422,#6423)),.UNSPECIFIED.,.F.,.F.,.F.)
B_SPLINE_SURFACE_WITH_KNOTS((4,4),(3,3),(0.000776742016839086,0.000997611051883826),
(0.,1.),.PIECEWISE_BEZIER_KNOTS.)
GEOMETRIC_REPRESENTATION_ITEM()
RATIONAL_B_SPLINE_SURFACE(((1.,0.232157756803616,1.),(1.,0.228905517029132,
1.),(1.,0.238279487389332,1.),(1.,0.253684337041911,1.)))
REPRESENTATION_ITEM('')
SURFACE()
);
#127=(
BOUNDED_SURFACE()
B_SPLINE_SURFACE(3,2,((#6425,#6426,#6427),(#6428,#6429,#6430),(#6431,#6432,
#6433),(#6434,#6435,#6436),(#6437,#6438,#6439),(#6440,#6441,#6442),(#6443,
#6444,#6445),(#6446,#6447,#6448),(#6449,#6450,#6451),(#6452,#6453,#6454),
(#6455,#6456,#6457),(#6458,#6459,#6460),(#6461,#6462,#6463),(#6464,#6465,
#6466),(#6467,#6468,#6469),(#6470,#6471,#6472)),.UNSPECIFIED.,.F.,.F.,.F.)
B_SPLINE_SURFACE_WITH_KNOTS((4,1,1,1,1,1,1,1,1,1,1,1,1,4),(3,3),(-3.08997619158369E-18,
0.000102816228713018,0.00020563245742604,0.000308448686139061,0.000411264914852083,
0.000616897372278126,0.000822529829704169,0.00102816228713021,0.00123379474455625,
0.00164505965940834,0.00205632457426043,0.00246758948911251,0.0028788544039646,
0.00329011931881668),(0.,1.),.UNSPECIFIED.)
GEOMETRIC_REPRESENTATION_ITEM()
RATIONAL_B_SPLINE_SURFACE(((1.,0.25368433704191,1.),(1.,0.273773680369831,
1.),(1.,0.319485967241335,1.),(1.,0.38432063727104,1.),(1.,0.441204118798104,
1.),(1.,0.509202853559484,1.),(1.,0.581998403749574,1.),(1.,0.654130687186114,
1.),(1.,0.715490892018682,1.),(1.,0.785906808956252,1.),(1.,0.85652628256052,
1.),(1.,0.920192203562264,1.),(1.,0.965377089914906,1.),(1.,0.993265951042236,
1.),(1.,0.999999996533615,1.),(1.,1.,1.)))
REPRESENTATION_ITEM('')
SURFACE()
);
#128=(
BOUNDED_SURFACE()
B_SPLINE_SURFACE(2,3,((#6479,#6480,#6481,#6482,#6483,#6484,#6485),(#6486,
#6487,#6488,#6489,#6490,#6491,#6492),(#6493,#6494,#6495,#6496,#6497,#6498,
#6499)),.RULED_SURF.,.F.,.F.,.F.)
B_SPLINE_SURFACE_WITH_KNOTS((3,3),(4,3,4),(0.,1.),(0.0742543702546227,0.814428474603429,
0.921124620688838),.PIECEWISE_BEZIER_KNOTS.)
GEOMETRIC_REPRESENTATION_ITEM()
RATIONAL_B_SPLINE_SURFACE(((1.,1.,1.,1.,1.,1.,1.),(0.707106781186547,0.707106781186547,
0.707106781186547,0.707106781186548,0.707106781186548,0.707106781186548,
0.707106781186548),(1.,1.,1.,1.,1.,1.,1.)))
REPRESENTATION_ITEM('')
SURFACE()
);
#129=(
BOUNDED_SURFACE()
B_SPLINE_SURFACE(3,2,((#6506,#6507,#6508),(#6509,#6510,#6511),(#6512,#6513,
#6514),(#6515,#6516,#6517),(#6518,#6519,#6520),(#6521,#6522,#6523),(#6524,
#6525,#6526)),.UNSPECIFIED.,.F.,.F.,.F.)
B_SPLINE_SURFACE_WITH_KNOTS((4,1,1,1,4),(3,3),(-8.74767335674705E-6,0.00100579010515835,
0.00202032788367345,0.00303486566218854,0.00404940344070364),(0.,1.),
 .UNSPECIFIED.)
GEOMETRIC_REPRESENTATION_ITEM()
RATIONAL_B_SPLINE_SURFACE(((1.,1.,1.),(1.,0.999999999148244,1.),(1.,0.976536845089038,
1.),(1.,0.877820007517997,1.),(1.,0.725419426325852,1.),(1.,0.62860135421473,
1.),(1.,0.618845814431362,1.)))
REPRESENTATION_ITEM('')
SURFACE()
);
#130=(
BOUNDED_SURFACE()
B_SPLINE_SURFACE(2,3,((#6627,#6628,#6629,#6630,#6631,#6632,#6633,#6634,
#6635,#6636),(#6637,#6638,#6639,#6640,#6641,#6642,#6643,#6644,#6645,#6646),
(#6647,#6648,#6649,#6650,#6651,#6652,#6653,#6654,#6655,#6656)),
 .RULED_SURF.,.F.,.F.,.F.)
B_SPLINE_SURFACE_WITH_KNOTS((3,3),(4,3,3,4),(0.,1.),(0.0751059380510576,
0.112904489274949,0.919354953570451,0.924390235969179),
 .PIECEWISE_BEZIER_KNOTS.)
GEOMETRIC_REPRESENTATION_ITEM()
RATIONAL_B_SPLINE_SURFACE(((1.,1.,1.,1.,1.,1.,1.,1.,1.,1.),(0.707106781186548,
0.707106781186548,0.707106781186548,0.707106781186548,0.707106781186548,
0.707106781186548,0.707106781186548,0.707106781186548,0.707106781186548,
0.707106781186548),(1.,1.,1.,1.,1.,1.,1.,1.,1.,1.)))
REPRESENTATION_ITEM('')
SURFACE()
);
#131=(
BOUNDED_SURFACE()
B_SPLINE_SURFACE(3,2,((#6668,#6669,#6670),(#6671,#6672,#6673),(#6674,#6675,
#6676),(#6677,#6678,#6679)),.UNSPECIFIED.,.F.,.F.,.F.)
B_SPLINE_SURFACE_WITH_KNOTS((4,4),(3,3),(0.000776742016839088,0.000997611051883823),
(0.,1.),.PIECEWISE_BEZIER_KNOTS.)
GEOMETRIC_REPRESENTATION_ITEM()
RATIONAL_B_SPLINE_SURFACE(((1.,0.232157756803616,1.),(1.,0.228905517029212,
1.),(1.,0.238279487388968,1.),(1.,0.253684337041912,1.)))
REPRESENTATION_ITEM('')
SURFACE()
);
#132=(
BOUNDED_SURFACE()
B_SPLINE_SURFACE(3,2,((#6681,#6682,#6683),(#6684,#6685,#6686),(#6687,#6688,
#6689),(#6690,#6691,#6692),(#6693,#6694,#6695),(#6696,#6697,#6698),(#6699,
#6700,#6701),(#6702,#6703,#6704),(#6705,#6706,#6707),(#6708,#6709,#6710),
(#6711,#6712,#6713),(#6714,#6715,#6716),(#6717,#6718,#6719),(#6720,#6721,
#6722),(#6723,#6724,#6725),(#6726,#6727,#6728)),.UNSPECIFIED.,.F.,.F.,.F.)
B_SPLINE_SURFACE_WITH_KNOTS((4,1,1,1,1,1,1,1,1,1,1,1,1,4),(3,3),(-3.25260651745651E-18,
0.000102816228713018,0.00020563245742604,0.000308448686139061,0.000411264914852082,
0.000616897372278125,0.000822529829704168,0.00102816228713021,0.00123379474455625,
0.00164505965940834,0.00205632457426042,0.00246758948911251,0.0028788544039646,
0.00329011931881668),(0.,1.),.UNSPECIFIED.)
GEOMETRIC_REPRESENTATION_ITEM()
RATIONAL_B_SPLINE_SURFACE(((1.,0.253684337041911,1.),(1.,0.27377368037013,
1.),(1.,0.319485967241191,1.),(1.,0.384320637271089,1.),(1.,0.44120411879809,
1.),(1.,0.509202853559492,1.),(1.,0.581998403749574,1.),(1.,0.654130687186118,
1.),(1.,0.71549089201869,1.),(1.,0.785906808956248,1.),(1.,0.856526282560512,
1.),(1.,0.920192203562268,1.),(1.,0.965377089914906,1.),(1.,0.993265951042235,
1.),(1.,0.999999996533615,1.),(1.,1.,1.)))
REPRESENTATION_ITEM('')
SURFACE()
);
#133=(
BOUNDED_SURFACE()
B_SPLINE_SURFACE(2,3,((#6735,#6736,#6737,#6738,#6739,#6740,#6741),(#6742,
#6743,#6744,#6745,#6746,#6747,#6748),(#6749,#6750,#6751,#6752,#6753,#6754,
#6755)),.RULED_SURF.,.F.,.F.,.F.)
B_SPLINE_SURFACE_WITH_KNOTS((3,3),(4,3,4),(0.,1.),(0.0742543702546227,0.814428474603429,
0.921124620688839),.PIECEWISE_BEZIER_KNOTS.)
GEOMETRIC_REPRESENTATION_ITEM()
RATIONAL_B_SPLINE_SURFACE(((1.,1.,1.,1.,1.,1.,1.),(0.707106781186547,0.707106781186547,
0.707106781186547,0.707106781186548,0.707106781186548,0.707106781186548,
0.707106781186548),(1.,1.,1.,1.,1.,1.,1.)))
REPRESENTATION_ITEM('')
SURFACE()
);
#134=(
BOUNDED_SURFACE()
B_SPLINE_SURFACE(2,3,((#6763,#6764,#6765,#6766,#6767,#6768,#6769,#6770,
#6771,#6772),(#6773,#6774,#6775,#6776,#6777,#6778,#6779,#6780,#6781,#6782),
(#6783,#6784,#6785,#6786,#6787,#6788,#6789,#6790,#6791,#6792)),
 .RULED_SURF.,.F.,.F.,.F.)
B_SPLINE_SURFACE_WITH_KNOTS((3,3),(4,3,3,4),(0.,1.),(0.0751059380510576,
0.112904489274949,0.919354953570451,0.924390235969179),
 .PIECEWISE_BEZIER_KNOTS.)
GEOMETRIC_REPRESENTATION_ITEM()
RATIONAL_B_SPLINE_SURFACE(((1.,1.,1.,1.,1.,1.,1.,1.,1.,1.),(0.707106781186548,
0.707106781186548,0.707106781186548,0.707106781186548,0.707106781186548,
0.707106781186548,0.707106781186548,0.707106781186548,0.707106781186548,
0.707106781186548),(1.,1.,1.,1.,1.,1.,1.,1.,1.,1.)))
REPRESENTATION_ITEM('')
SURFACE()
);
#135=(
BOUNDED_SURFACE()
B_SPLINE_SURFACE(3,2,((#6804,#6805,#6806),(#6807,#6808,#6809),(#6810,#6811,
#6812),(#6813,#6814,#6815)),.UNSPECIFIED.,.F.,.F.,.F.)
B_SPLINE_SURFACE_WITH_KNOTS((4,4),(3,3),(0.000776742016839088,0.000997611051883825),
(0.,1.),.PIECEWISE_BEZIER_KNOTS.)
GEOMETRIC_REPRESENTATION_ITEM()
RATIONAL_B_SPLINE_SURFACE(((1.,0.232157756803616,1.),(1.,0.228905517029226,
1.),(1.,0.238279487389252,1.),(1.,0.253684337041911,1.)))
REPRESENTATION_ITEM('')
SURFACE()
);
#136=(
BOUNDED_SURFACE()
B_SPLINE_SURFACE(3,2,((#6817,#6818,#6819),(#6820,#6821,#6822),(#6823,#6824,
#6825),(#6826,#6827,#6828),(#6829,#6830,#6831),(#6832,#6833,#6834),(#6835,
#6836,#6837),(#6838,#6839,#6840),(#6841,#6842,#6843),(#6844,#6845,#6846),
(#6847,#6848,#6849),(#6850,#6851,#6852),(#6853,#6854,#6855),(#6856,#6857,
#6858),(#6859,#6860,#6861),(#6862,#6863,#6864)),.UNSPECIFIED.,.F.,.F.,.F.)
B_SPLINE_SURFACE_WITH_KNOTS((4,1,1,1,1,1,1,1,1,1,1,1,1,4),(3,3),(-1.58564567726005E-18,
0.00010281622871302,0.000205632457426041,0.000308448686139062,0.000411264914852084,
0.000616897372278126,0.000822529829704169,0.00102816228713021,0.00123379474455625,
0.00164505965940834,0.00205632457426043,0.00246758948911251,0.0028788544039646,
0.00329011931881668),(0.,1.),.UNSPECIFIED.)
GEOMETRIC_REPRESENTATION_ITEM()
RATIONAL_B_SPLINE_SURFACE(((1.,0.253684337041911,1.),(1.,0.273773680370062,
1.),(1.,0.319485967241223,1.),(1.,0.384320637271078,1.),(1.,0.441204118798089,
1.),(1.,0.509202853559492,1.),(1.,0.581998403749576,1.),(1.,0.654130687186112,
1.),(1.,0.71549089201869,1.),(1.,0.785906808956246,1.),(1.,0.856526282560517,
1.),(1.,0.920192203562267,1.),(1.,0.965377089914906,1.),(1.,0.993265951042235,
1.),(1.,0.999999996533615,1.),(1.,1.,1.)))
REPRESENTATION_ITEM('')
SURFACE()
);
#137=(
BOUNDED_SURFACE()
B_SPLINE_SURFACE(2,3,((#6871,#6872,#6873,#6874,#6875,#6876,#6877),(#6878,
#6879,#6880,#6881,#6882,#6883,#6884),(#6885,#6886,#6887,#6888,#6889,#6890,
#6891)),.RULED_SURF.,.F.,.F.,.F.)
B_SPLINE_SURFACE_WITH_KNOTS((3,3),(4,3,4),(0.,1.),(0.0742543702546227,0.814428474603429,
0.92112462068884),.PIECEWISE_BEZIER_KNOTS.)
GEOMETRIC_REPRESENTATION_ITEM()
RATIONAL_B_SPLINE_SURFACE(((1.,1.,1.,1.,1.,1.,1.),(0.707106781186548,0.707106781186548,
0.707106781186548,0.707106781186548,0.707106781186548,0.707106781186548,
0.707106781186548),(1.,1.,1.,1.,1.,1.,1.)))
REPRESENTATION_ITEM('')
SURFACE()
);
#138=(
BOUNDED_SURFACE()
B_SPLINE_SURFACE(3,2,((#6898,#6899,#6900),(#6901,#6902,#6903),(#6904,#6905,
#6906),(#6907,#6908,#6909),(#6910,#6911,#6912),(#6913,#6914,#6915),(#6916,
#6917,#6918)),.UNSPECIFIED.,.F.,.F.,.F.)
B_SPLINE_SURFACE_WITH_KNOTS((4,1,1,1,4),(3,3),(-8.74767335674705E-6,0.00100579010515835,
0.00202032788367345,0.00303486566218855,0.00404940344070364),(0.,1.),
 .UNSPECIFIED.)
GEOMETRIC_REPRESENTATION_ITEM()
RATIONAL_B_SPLINE_SURFACE(((1.,1.,1.),(1.,0.999999999148244,1.),(1.,0.976536845089049,
1.),(1.,0.877820007517962,1.),(1.,0.725419426325984,1.),(1.,0.628601354214445,
1.),(1.,0.618845814431362,1.)))
REPRESENTATION_ITEM('')
SURFACE()
);
#139=ELLIPSE('',#2769,0.707106781186547,0.5);
#140=ELLIPSE('',#2770,0.707106781186547,0.5);
#141=ELLIPSE('',#2772,0.707106781186547,0.5);
#142=ELLIPSE('',#2774,0.707106781186547,0.5);
#143=ELLIPSE('',#2790,0.707106781186547,0.5);
#144=ELLIPSE('',#2792,0.707106781186547,0.5);
#145=ELLIPSE('',#2800,1.41421356237309,1.);
#146=ELLIPSE('',#2801,1.41421356237309,1.);
#147=ELLIPSE('',#2807,1.41421356237309,1.);
#148=ELLIPSE('',#2809,1.41421356237309,1.);
#149=ELLIPSE('',#2814,0.707106781186547,0.5);
#150=ELLIPSE('',#2816,0.707106781186547,0.5);
#151=ELLIPSE('',#2848,0.707106781186547,0.5);
#152=ELLIPSE('',#2849,0.707106781186547,0.5);
#153=ELLIPSE('',#2851,0.707106781186547,0.5);
#154=ELLIPSE('',#2853,0.707106781186547,0.5);
#155=ELLIPSE('',#2869,0.707106781186547,0.5);
#156=ELLIPSE('',#2871,0.707106781186547,0.5);
#157=ELLIPSE('',#2879,1.41421356237309,1.);
#158=ELLIPSE('',#2880,1.41421356237309,1.);
#159=ELLIPSE('',#2886,1.41421356237309,1.);
#160=ELLIPSE('',#2888,1.41421356237309,1.);
#161=ELLIPSE('',#2893,0.707106781186547,0.5);
#162=ELLIPSE('',#2895,0.707106781186547,0.5);
#163=ELLIPSE('',#2927,0.707106781186547,0.5);
#164=ELLIPSE('',#2928,0.707106781186547,0.5);
#165=ELLIPSE('',#2930,0.707106781186547,0.5);
#166=ELLIPSE('',#2932,0.707106781186547,0.5);
#167=ELLIPSE('',#2948,0.707106781186547,0.5);
#168=ELLIPSE('',#2950,0.707106781186547,0.5);
#169=ELLIPSE('',#2958,1.41421356237309,1.);
#170=ELLIPSE('',#2959,1.41421356237309,1.);
#171=ELLIPSE('',#2965,1.41421356237309,1.);
#172=ELLIPSE('',#2967,1.41421356237309,1.);
#173=ELLIPSE('',#2972,0.707106781186547,0.5);
#174=ELLIPSE('',#2974,0.707106781186547,0.5);
#175=B_SPLINE_CURVE_WITH_KNOTS('',3,(#3700,#3701,#3702,#3703),
 .UNSPECIFIED.,.F.,.F.,(4,4),(1.0842021724855E-19,0.000270850430429739),
 .UNSPECIFIED.);
#176=B_SPLINE_CURVE_WITH_KNOTS('',3,(#3704,#3705,#3706,#3707),
 .UNSPECIFIED.,.F.,.F.,(4,4),(1.0842021724855E-19,0.000270850430429739),
 .UNSPECIFIED.);
#177=B_SPLINE_CURVE_WITH_KNOTS('',3,(#3729,#3730,#3731,#3732,#3733),
 .UNSPECIFIED.,.F.,.F.,(4,1,4),(5.74627151417317E-18,0.00242053741835231,
0.00484107483670461),.UNSPECIFIED.);
#178=B_SPLINE_CURVE_WITH_KNOTS('',3,(#3737,#3738,#3739,#3740,#3741),
 .UNSPECIFIED.,.F.,.F.,(4,1,4),(5.74627151417317E-18,0.00242053741835231,
0.00484107483670461),.UNSPECIFIED.);
#179=B_SPLINE_CURVE_WITH_KNOTS('',3,(#3745,#3746,#3747,#3748,#3749),
 .UNSPECIFIED.,.F.,.F.,(4,1,4),(5.69180325632064E-18,0.00242053741835231,
0.00484107483670461),.UNSPECIFIED.);
#180=B_SPLINE_CURVE_WITH_KNOTS('',3,(#3753,#3754,#3755,#3756,#3757),
 .UNSPECIFIED.,.F.,.F.,(4,1,4),(5.69180325632064E-18,0.00242053741835231,
0.00484107483670461),.UNSPECIFIED.);
#181=B_SPLINE_CURVE_WITH_KNOTS('',3,(#3966,#3967,#3968,#3969),
 .UNSPECIFIED.,.F.,.F.,(4,4),(-5.99999999511217E-8,0.000528889712029807),
 .UNSPECIFIED.);
#182=B_SPLINE_CURVE_WITH_KNOTS('',3,(#3971,#3972,#3973,#3974,#3975,#3976),
 .UNSPECIFIED.,.F.,.F.,(4,1,1,4),(0.,0.00129617320992388,0.00259234641984776,
0.00518469283969553),.UNSPECIFIED.);
#183=B_SPLINE_CURVE_WITH_KNOTS('',3,(#4044,#4045,#4046,#4047,#4048,#4049,
#4050),.UNSPECIFIED.,.F.,.F.,(4,1,1,1,4),(-1.88491989567967E-5,0.00125237373752134,
0.00252359667399948,0.00379481961047761,0.00506604254695575),
 .UNSPECIFIED.);
#184=B_SPLINE_CURVE_WITH_KNOTS('',3,(#4072,#4073,#4074,#4075,#4076,#4077),
 .UNSPECIFIED.,.F.,.F.,(4,1,1,4),(-8.78236591128948E-6,0.00147805958264521,
0.00222148055692346,0.00296490153120171),.UNSPECIFIED.);
#185=B_SPLINE_CURVE_WITH_KNOTS('',3,(#4088,#4089,#4090,#4091),
 .UNSPECIFIED.,.F.,.F.,(4,4),(1.0842021724855E-19,0.000270850430429739),
 .UNSPECIFIED.);
#186=B_SPLINE_CURVE_WITH_KNOTS('',3,(#4137,#4138,#4139,#4140),
 .UNSPECIFIED.,.F.,.F.,(4,4),(1.0842021724855E-19,0.000270850430429737),
 .UNSPECIFIED.);
#187=B_SPLINE_CURVE_WITH_KNOTS('',3,(#4218,#4219,#4220,#4221),
 .UNSPECIFIED.,.F.,.F.,(4,4),(-5.99999999511113E-8,0.000528889712029807),
 .UNSPECIFIED.);
#188=B_SPLINE_CURVE_WITH_KNOTS('',3,(#4223,#4224,#4225,#4226,#4227,#4228),
 .UNSPECIFIED.,.F.,.F.,(4,1,1,4),(0.,0.00129617320992393,0.00259234641984786,
0.00518469283969572),.UNSPECIFIED.);
#189=B_SPLINE_CURVE_WITH_KNOTS('',3,(#4296,#4297,#4298,#4299,#4300,#4301,
#4302),.UNSPECIFIED.,.F.,.F.,(4,1,1,1,4),(-1.88491989567964E-5,0.00125237373752134,
0.00252359667399948,0.00379481961047762,0.00506604254695575),
 .UNSPECIFIED.);
#190=B_SPLINE_CURVE_WITH_KNOTS('',3,(#4324,#4325,#4326,#4327,#4328,#4329),
 .UNSPECIFIED.,.F.,.F.,(4,1,1,4),(-5.99999996010487E-8,0.000750598623063094,
0.00150125724612579,0.00300257449225118),.UNSPECIFIED.);
#191=B_SPLINE_CURVE_WITH_KNOTS('',3,(#4481,#4482,#4483,#4484),
 .UNSPECIFIED.,.F.,.F.,(4,4),(-5.99999999511217E-8,0.000528889712029807),
 .UNSPECIFIED.);
#192=B_SPLINE_CURVE_WITH_KNOTS('',3,(#4486,#4487,#4488,#4489,#4490,#4491),
 .UNSPECIFIED.,.F.,.F.,(4,1,1,4),(0.,0.00129617320992388,0.00259234641984776,
0.00518469283969552),.UNSPECIFIED.);
#193=B_SPLINE_CURVE_WITH_KNOTS('',3,(#4559,#4560,#4561,#4562,#4563,#4564,
#4565),.UNSPECIFIED.,.F.,.F.,(4,1,1,1,4),(-1.88491989567967E-5,0.00125237373752134,
0.00252359667399948,0.00379481961047761,0.00506604254695575),
 .UNSPECIFIED.);
#194=B_SPLINE_CURVE_WITH_KNOTS('',3,(#4587,#4588,#4589,#4590,#4591,#4592),
 .UNSPECIFIED.,.F.,.F.,(4,1,1,4),(-8.78236591128948E-6,0.00147805958264521,
0.00222148055692346,0.00296490153120171),.UNSPECIFIED.);
#195=B_SPLINE_CURVE_WITH_KNOTS('',3,(#4624,#4625,#4626,#4627),
 .UNSPECIFIED.,.F.,.F.,(4,4),(-5.99999999511113E-8,0.000528889712029807),
 .UNSPECIFIED.);
#196=B_SPLINE_CURVE_WITH_KNOTS('',3,(#4629,#4630,#4631,#4632,#4633,#4634),
 .UNSPECIFIED.,.F.,.F.,(4,1,1,4),(0.,0.00129617320992393,0.00259234641984786,
0.00518469283969572),.UNSPECIFIED.);
#197=B_SPLINE_CURVE_WITH_KNOTS('',3,(#4702,#4703,#4704,#4705,#4706,#4707,
#4708),.UNSPECIFIED.,.F.,.F.,(4,1,1,1,4),(-1.88491989567964E-5,0.00125237373752134,
0.00252359667399948,0.00379481961047761,0.00506604254695575),
 .UNSPECIFIED.);
#198=B_SPLINE_CURVE_WITH_KNOTS('',3,(#4730,#4731,#4732,#4733,#4734,#4735),
 .UNSPECIFIED.,.F.,.F.,(4,1,1,4),(-5.99999996010487E-8,0.000750598623063096,
0.00150125724612579,0.00300257449225119),.UNSPECIFIED.);
#199=B_SPLINE_CURVE_WITH_KNOTS('',3,(#4803,#4804,#4805,#4806),
 .UNSPECIFIED.,.F.,.F.,(4,4),(8.82476632789654E-19,0.000240331940940373),
 .UNSPECIFIED.);
#200=B_SPLINE_CURVE_WITH_KNOTS('',3,(#4807,#4808,#4809,#4810),
 .UNSPECIFIED.,.F.,.F.,(4,4),(1.09633159842987E-18,0.000240331940940373),
 .UNSPECIFIED.);
#201=B_SPLINE_CURVE_WITH_KNOTS('',3,(#4832,#4833,#4834,#4835,#4836),
 .UNSPECIFIED.,.F.,.F.,(4,1,4),(5.2759554800502E-18,0.00239995938491798,
0.00479991876983595),.UNSPECIFIED.);
#202=B_SPLINE_CURVE_WITH_KNOTS('',3,(#4840,#4841,#4842,#4843,#4844),
 .UNSPECIFIED.,.F.,.F.,(4,1,4),(5.2759554800502E-18,0.00239995938491798,
0.00479991876983595),.UNSPECIFIED.);
#203=B_SPLINE_CURVE_WITH_KNOTS('',3,(#4848,#4849,#4850,#4851,#4852),
 .UNSPECIFIED.,.F.,.F.,(4,1,4),(5.2759554800502E-18,0.00239995938491798,
0.00479991876983595),.UNSPECIFIED.);
#204=B_SPLINE_CURVE_WITH_KNOTS('',3,(#4856,#4857,#4858,#4859,#4860),
 .UNSPECIFIED.,.F.,.F.,(4,1,4),(5.2759554800502E-18,0.00239995938491798,
0.00479991876983595),.UNSPECIFIED.);
#205=B_SPLINE_CURVE_WITH_KNOTS('',3,(#5069,#5070,#5071,#5072),
 .UNSPECIFIED.,.F.,.F.,(4,4),(-5.99999999572281E-8,0.000494100596662564),
 .UNSPECIFIED.);
#206=B_SPLINE_CURVE_WITH_KNOTS('',3,(#5074,#5075,#5076,#5077,#5078,#5079),
 .UNSPECIFIED.,.F.,.F.,(4,1,1,4),(0.,0.0011249563449145,0.00224991268982901,
0.00449982537965801),.UNSPECIFIED.);
#207=B_SPLINE_CURVE_WITH_KNOTS('',3,(#5144,#5145,#5146,#5147,#5148,#5149),
 .UNSPECIFIED.,.F.,.F.,(4,1,1,4),(-1.60099367284498E-5,0.0022117899632359,
0.00332568991321808,0.00443958986320025),.UNSPECIFIED.);
#208=B_SPLINE_CURVE_WITH_KNOTS('',3,(#5171,#5172,#5173,#5174,#5175,#5176),
 .UNSPECIFIED.,.F.,.F.,(4,1,1,4),(-8.79318525089703E-6,0.00148139683812967,
0.00222649184981996,0.00297158686151024),.UNSPECIFIED.);
#209=B_SPLINE_CURVE_WITH_KNOTS('',3,(#5187,#5188,#5189,#5190),
 .UNSPECIFIED.,.F.,.F.,(4,4),(1.31116760487651E-18,0.000240331940940373),
 .UNSPECIFIED.);
#210=B_SPLINE_CURVE_WITH_KNOTS('',3,(#5236,#5237,#5238,#5239),
 .UNSPECIFIED.,.F.,.F.,(4,4),(1.09633159842987E-18,0.000240331940940373),
 .UNSPECIFIED.);
#211=B_SPLINE_CURVE_WITH_KNOTS('',3,(#5317,#5318,#5319,#5320),
 .UNSPECIFIED.,.F.,.F.,(4,4),(-5.99999999572281E-8,0.000494100596662564),
 .UNSPECIFIED.);
#212=B_SPLINE_CURVE_WITH_KNOTS('',3,(#5322,#5323,#5324,#5325,#5326,#5327),
 .UNSPECIFIED.,.F.,.F.,(4,1,1,4),(0.,0.00112495634491454,0.00224991268982908,
0.00449982537965816),.UNSPECIFIED.);
#213=B_SPLINE_CURVE_WITH_KNOTS('',3,(#5392,#5393,#5394,#5395,#5396,#5397),
 .UNSPECIFIED.,.F.,.F.,(4,1,1,4),(-1.60099367284499E-5,0.0022117899632359,
0.00332568991321808,0.00443958986320025),.UNSPECIFIED.);
#214=B_SPLINE_CURVE_WITH_KNOTS('',3,(#5419,#5420,#5421,#5422,#5423,#5424),
 .UNSPECIFIED.,.F.,.F.,(4,1,1,4),(-5.99999995872711E-8,0.00075250139116266,
0.00150506278232491,0.0030101855646494),.UNSPECIFIED.);
#215=B_SPLINE_CURVE_WITH_KNOTS('',3,(#5576,#5577,#5578,#5579),
 .UNSPECIFIED.,.F.,.F.,(4,4),(-5.99999999572281E-8,0.000494100596662564),
 .UNSPECIFIED.);
#216=B_SPLINE_CURVE_WITH_KNOTS('',3,(#5581,#5582,#5583,#5584,#5585,#5586),
 .UNSPECIFIED.,.F.,.F.,(4,1,1,4),(0.,0.0011249563449145,0.00224991268982901,
0.00449982537965801),.UNSPECIFIED.);
#217=B_SPLINE_CURVE_WITH_KNOTS('',3,(#5651,#5652,#5653,#5654,#5655,#5656),
 .UNSPECIFIED.,.F.,.F.,(4,1,1,4),(-1.60099367284498E-5,0.0022117899632359,
0.00332568991321807,0.00443958986320025),.UNSPECIFIED.);
#218=B_SPLINE_CURVE_WITH_KNOTS('',3,(#5678,#5679,#5680,#5681,#5682,#5683),
 .UNSPECIFIED.,.F.,.F.,(4,1,1,4),(-8.79318525089703E-6,0.00148139683812967,
0.00222649184981996,0.00297158686151025),.UNSPECIFIED.);
#219=B_SPLINE_CURVE_WITH_KNOTS('',3,(#5715,#5716,#5717,#5718),
 .UNSPECIFIED.,.F.,.F.,(4,4),(-5.99999999572281E-8,0.000494100596662564),
 .UNSPECIFIED.);
#220=B_SPLINE_CURVE_WITH_KNOTS('',3,(#5720,#5721,#5722,#5723,#5724,#5725),
 .UNSPECIFIED.,.F.,.F.,(4,1,1,4),(0.,0.00112495634491454,0.00224991268982908,
0.00449982537965816),.UNSPECIFIED.);
#221=B_SPLINE_CURVE_WITH_KNOTS('',3,(#5790,#5791,#5792,#5793,#5794,#5795),
 .UNSPECIFIED.,.F.,.F.,(4,1,1,4),(-1.60099367284499E-5,0.0022117899632359,
0.00332568991321808,0.00443958986320025),.UNSPECIFIED.);
#222=B_SPLINE_CURVE_WITH_KNOTS('',3,(#5817,#5818,#5819,#5820,#5821,#5822),
 .UNSPECIFIED.,.F.,.F.,(4,1,1,4),(-5.99999995872711E-8,0.000752501391162661,
0.00150506278232491,0.00301018556464941),.UNSPECIFIED.);
#223=B_SPLINE_CURVE_WITH_KNOTS('',3,(#5890,#5891,#5892,#5893),
 .UNSPECIFIED.,.F.,.F.,(4,4),(1.742330095303E-18,0.000217097672744988),
 .UNSPECIFIED.);
#224=B_SPLINE_CURVE_WITH_KNOTS('',3,(#5894,#5895,#5896,#5897),
 .UNSPECIFIED.,.F.,.F.,(4,4),(1.62630325872826E-19,0.000217097672744991),
 .UNSPECIFIED.);
#225=B_SPLINE_CURVE_WITH_KNOTS('',3,(#5919,#5920,#5921,#5922,#5923),
 .UNSPECIFIED.,.F.,.F.,(4,1,4),(6.31448876631291E-18,0.00238677986602938,
0.00477355973205876),.UNSPECIFIED.);
#226=B_SPLINE_CURVE_WITH_KNOTS('',3,(#5927,#5928,#5929,#5930,#5931),
 .UNSPECIFIED.,.F.,.F.,(4,1,4),(6.31448876631291E-18,0.00238677986602938,
0.00477355973205876),.UNSPECIFIED.);
#227=B_SPLINE_CURVE_WITH_KNOTS('',3,(#5935,#5936,#5937,#5938,#5939),
 .UNSPECIFIED.,.F.,.F.,(4,1,4),(5.74627151417317E-18,0.00238677986602938,
0.00477355973205876),.UNSPECIFIED.);
#228=B_SPLINE_CURVE_WITH_KNOTS('',3,(#5943,#5944,#5945,#5946,#5947),
 .UNSPECIFIED.,.F.,.F.,(4,1,4),(5.74627151417317E-18,0.00238677986602938,
0.00477355973205876),.UNSPECIFIED.);
#229=B_SPLINE_CURVE_WITH_KNOTS('',3,(#6156,#6157,#6158,#6159),
 .UNSPECIFIED.,.F.,.F.,(4,4),(-5.99999999608557E-8,0.000467483047934018),
 .UNSPECIFIED.);
#230=B_SPLINE_CURVE_WITH_KNOTS('',3,(#6161,#6162,#6163,#6164,#6165,#6166),
 .UNSPECIFIED.,.F.,.F.,(4,1,1,4),(0.,0.00101006046636901,0.00202012093273802,
0.00404024186547603),.UNSPECIFIED.);
#231=B_SPLINE_CURVE_WITH_KNOTS('',3,(#6228,#6229,#6230,#6231,#6232,#6233),
 .UNSPECIFIED.,.F.,.F.,(4,1,1,4),(-3.75522324790007E-5,0.00197883031895981,
0.00298702159467922,0.00399521287039862),.UNSPECIFIED.);
#232=B_SPLINE_CURVE_WITH_KNOTS('',3,(#6255,#6256,#6257,#6258,#6259,#6260),
 .UNSPECIFIED.,.F.,.F.,(4,1,1,4),(-8.80228844319844E-6,0.00148435179696864,
0.00223092883967455,0.00297750588238047),.UNSPECIFIED.);
#233=B_SPLINE_CURVE_WITH_KNOTS('',3,(#6271,#6272,#6273,#6274),
 .UNSPECIFIED.,.F.,.F.,(4,4),(1.742330095303E-18,0.000217097672744988),
 .UNSPECIFIED.);
#234=B_SPLINE_CURVE_WITH_KNOTS('',3,(#6320,#6321,#6322,#6323),
 .UNSPECIFIED.,.F.,.F.,(4,4),(1.62630325872826E-19,0.000217097672744991),
 .UNSPECIFIED.);
#235=B_SPLINE_CURVE_WITH_KNOTS('',3,(#6401,#6402,#6403,#6404),
 .UNSPECIFIED.,.F.,.F.,(4,4),(-5.99999999608414E-8,0.000467483047934018),
 .UNSPECIFIED.);
#236=B_SPLINE_CURVE_WITH_KNOTS('',3,(#6406,#6407,#6408,#6409,#6410,#6411),
 .UNSPECIFIED.,.F.,.F.,(4,1,1,4),(0.,0.00101006046636901,0.00202012093273802,
0.00404024186547603),.UNSPECIFIED.);
#237=B_SPLINE_CURVE_WITH_KNOTS('',3,(#6473,#6474,#6475,#6476,#6477,#6478),
 .UNSPECIFIED.,.F.,.F.,(4,1,1,4),(-3.75522324790004E-5,0.00197883031895981,
0.00298702159467922,0.00399521287039862),.UNSPECIFIED.);
#238=B_SPLINE_CURVE_WITH_KNOTS('',3,(#6500,#6501,#6502,#6503,#6504,#6505),
 .UNSPECIFIED.,.F.,.F.,(4,1,1,4),(-5.99999991595609E-8,0.000754194921888962,
0.00150844984377708,0.00301695968755333),.UNSPECIFIED.);
#239=B_SPLINE_CURVE_WITH_KNOTS('',3,(#6657,#6658,#6659,#6660),
 .UNSPECIFIED.,.F.,.F.,(4,4),(-5.99999999591224E-8,0.000467483047934018),
 .UNSPECIFIED.);
#240=B_SPLINE_CURVE_WITH_KNOTS('',3,(#6662,#6663,#6664,#6665,#6666,#6667),
 .UNSPECIFIED.,.F.,.F.,(4,1,1,4),(0.,0.00101006046636901,0.00202012093273801,
0.00404024186547602),.UNSPECIFIED.);
#241=B_SPLINE_CURVE_WITH_KNOTS('',3,(#6729,#6730,#6731,#6732,#6733,#6734),
 .UNSPECIFIED.,.F.,.F.,(4,1,1,4),(-3.75522324790007E-5,0.00197883031895981,
0.00298702159467922,0.00399521287039862),.UNSPECIFIED.);
#242=B_SPLINE_CURVE_WITH_KNOTS('',3,(#6756,#6757,#6758,#6759,#6760,#6761),
 .UNSPECIFIED.,.F.,.F.,(4,1,1,4),(-8.80228844319844E-6,0.00148435179696864,
0.00223092883967455,0.00297750588238047),.UNSPECIFIED.);
#243=B_SPLINE_CURVE_WITH_KNOTS('',3,(#6793,#6794,#6795,#6796),
 .UNSPECIFIED.,.F.,.F.,(4,4),(-5.99999999591082E-8,0.000467483047934018),
 .UNSPECIFIED.);
#244=B_SPLINE_CURVE_WITH_KNOTS('',3,(#6798,#6799,#6800,#6801,#6802,#6803),
 .UNSPECIFIED.,.F.,.F.,(4,1,1,4),(0.,0.00101006046636901,0.00202012093273801,
0.00404024186547603),.UNSPECIFIED.);
#245=B_SPLINE_CURVE_WITH_KNOTS('',3,(#6865,#6866,#6867,#6868,#6869,#6870),
 .UNSPECIFIED.,.F.,.F.,(4,1,1,4),(-3.75522324790004E-5,0.00197883031895981,
0.00298702159467922,0.00399521287039862),.UNSPECIFIED.);
#246=B_SPLINE_CURVE_WITH_KNOTS('',3,(#6892,#6893,#6894,#6895,#6896,#6897),
 .UNSPECIFIED.,.F.,.F.,(4,1,1,4),(-5.99999991612915E-8,0.000754194921888963,
0.00150844984377709,0.00301695968755333),.UNSPECIFIED.);
#247=(
BOUNDED_CURVE()
B_SPLINE_CURVE(3,(#3683,#3684,#3685,#3686,#3687,#3688,#3689,#3690,#3691,
#3692,#3693,#3694,#3695,#3696,#3697,#3698),.UNSPECIFIED.,.F.,.F.)
B_SPLINE_CURVE_WITH_KNOTS((4,3,3,3,3,4),(-1.60699972609327,0.,0.074038952236676,
0.814428474603429,1.,1.79381764712544),.PIECEWISE_BEZIER_KNOTS.)
CURVE()
GEOMETRIC_REPRESENTATION_ITEM()
RATIONAL_B_SPLINE_CURVE((1.,1.,1.,1.,1.,1.,1.,1.,1.,1.,1.,1.,1.,1.,1.,1.))
REPRESENTATION_ITEM('')
);
#248=(
BOUNDED_CURVE()
B_SPLINE_CURVE(3,(#3709,#3710,#3711,#3712,#3713,#3714,#3715,#3716,#3717,
#3718,#3719,#3720,#3721,#3722,#3723,#3724),.UNSPECIFIED.,.F.,.F.)
B_SPLINE_CURVE_WITH_KNOTS((4,3,3,3,3,4),(-1.60699972609327,0.,0.074038952236676,
0.814428474603429,1.,1.79381764712544),.PIECEWISE_BEZIER_KNOTS.)
CURVE()
GEOMETRIC_REPRESENTATION_ITEM()
RATIONAL_B_SPLINE_CURVE((1.,1.,1.,1.,1.,1.,1.,1.,1.,1.,1.,1.,1.,1.,1.,1.))
REPRESENTATION_ITEM('')
);
#249=(
BOUNDED_CURVE()
B_SPLINE_CURVE(3,(#3775,#3776,#3777,#3778,#3779,#3780,#3781,#3782,#3783,
#3784,#3785,#3786,#3787,#3788,#3789,#3790),.UNSPECIFIED.,.F.,.F.)
B_SPLINE_CURVE_WITH_KNOTS((4,3,3,3,3,4),(-1.6121051581267,0.,0.136842927622255,
0.921531175238386,1.,2.49280297901098),.PIECEWISE_BEZIER_KNOTS.)
CURVE()
GEOMETRIC_REPRESENTATION_ITEM()
RATIONAL_B_SPLINE_CURVE((1.,1.,1.,1.,1.,1.,1.,1.,1.,1.,1.,1.,1.,1.,1.,1.))
REPRESENTATION_ITEM('')
);
#250=(
BOUNDED_CURVE()
B_SPLINE_CURVE(3,(#3791,#3792,#3793,#3794,#3795,#3796,#3797,#3798,#3799,
#3800,#3801,#3802,#3803,#3804,#3805,#3806),.UNSPECIFIED.,.F.,.F.)
B_SPLINE_CURVE_WITH_KNOTS((4,3,3,3,3,4),(-1.6121051581267,0.,0.136842927622255,
0.921531175238386,1.,2.49280297901098),.PIECEWISE_BEZIER_KNOTS.)
CURVE()
GEOMETRIC_REPRESENTATION_ITEM()
RATIONAL_B_SPLINE_CURVE((1.,1.,1.,1.,1.,1.,1.,1.,1.,1.,1.,1.,1.,1.,1.,1.))
REPRESENTATION_ITEM('')
);
#251=(
BOUNDED_CURVE()
B_SPLINE_CURVE(3,(#3808,#3809,#3810,#3811,#3812,#3813,#3814,#3815,#3816,
#3817,#3818,#3819,#3820,#3821,#3822,#3823),.UNSPECIFIED.,.F.,.F.)
B_SPLINE_CURVE_WITH_KNOTS((4,3,3,3,3,4),(-1.6121051581267,0.,0.136842927622255,
0.921531175238386,1.,2.49280297901098),.PIECEWISE_BEZIER_KNOTS.)
CURVE()
GEOMETRIC_REPRESENTATION_ITEM()
RATIONAL_B_SPLINE_CURVE((1.,1.,1.,1.,1.,1.,1.,1.,1.,1.,1.,1.,1.,1.,1.,1.))
REPRESENTATION_ITEM('')
);
#252=(
BOUNDED_CURVE()
B_SPLINE_CURVE(3,(#3825,#3826,#3827,#3828,#3829,#3830,#3831,#3832,#3833,
#3834,#3835,#3836,#3837,#3838,#3839,#3840),.UNSPECIFIED.,.F.,.F.)
B_SPLINE_CURVE_WITH_KNOTS((4,3,3,3,3,4),(-1.60699972609327,0.,0.074038952236676,
0.814428474603429,1.,1.79381764712544),.PIECEWISE_BEZIER_KNOTS.)
CURVE()
GEOMETRIC_REPRESENTATION_ITEM()
RATIONAL_B_SPLINE_CURVE((1.,1.,1.,1.,1.,1.,1.,1.,1.,1.,1.,1.,1.,1.,1.,1.))
REPRESENTATION_ITEM('')
);
#253=(
BOUNDED_CURVE()
B_SPLINE_CURVE(3,(#3842,#3843,#3844,#3845,#3846,#3847,#3848,#3849,#3850,
#3851,#3852,#3853,#3854,#3855,#3856,#3857),.UNSPECIFIED.,.F.,.F.)
B_SPLINE_CURVE_WITH_KNOTS((4,3,3,3,3,4),(-1.60699972609327,0.,0.074038952236676,
0.814428474603429,1.,1.79381764712544),.PIECEWISE_BEZIER_KNOTS.)
CURVE()
GEOMETRIC_REPRESENTATION_ITEM()
RATIONAL_B_SPLINE_CURVE((1.,1.,1.,1.,1.,1.,1.,1.,1.,1.,1.,1.,1.,1.,1.,1.))
REPRESENTATION_ITEM('')
);
#254=(
BOUNDED_CURVE()
B_SPLINE_CURVE(3,(#3859,#3860,#3861,#3862,#3863,#3864,#3865,#3866,#3867,
#3868,#3869,#3870,#3871,#3872,#3873,#3874),.UNSPECIFIED.,.F.,.F.)
B_SPLINE_CURVE_WITH_KNOTS((4,3,3,3,3,4),(-1.6121051581267,0.,0.136842927622255,
0.921531175238386,1.,2.49280297901098),.PIECEWISE_BEZIER_KNOTS.)
CURVE()
GEOMETRIC_REPRESENTATION_ITEM()
RATIONAL_B_SPLINE_CURVE((1.,1.,1.,1.,1.,1.,1.,1.,1.,1.,1.,1.,1.,1.,1.,1.))
REPRESENTATION_ITEM('')
);
#255=(
BOUNDED_CURVE()
B_SPLINE_CURVE(3,(#4093,#4094,#4095,#4096,#4097,#4098,#4099,#4100,#4101,
#4102,#4103,#4104,#4105,#4106,#4107,#4108),.UNSPECIFIED.,.F.,.F.)
B_SPLINE_CURVE_WITH_KNOTS((4,3,3,3,3,4),(-1.60699972609327,0.,0.074038952236676,
0.814428474603429,1.,1.79381764712544),.PIECEWISE_BEZIER_KNOTS.)
CURVE()
GEOMETRIC_REPRESENTATION_ITEM()
RATIONAL_B_SPLINE_CURVE((1.,1.,1.,1.,1.,1.,1.,1.,1.,1.,1.,1.,1.,1.,1.,1.))
REPRESENTATION_ITEM('')
);
#256=(
BOUNDED_CURVE()
B_SPLINE_CURVE(3,(#4120,#4121,#4122,#4123,#4124,#4125,#4126,#4127,#4128,
#4129,#4130,#4131,#4132,#4133,#4134,#4135),.UNSPECIFIED.,.F.,.F.)
B_SPLINE_CURVE_WITH_KNOTS((4,3,3,3,3,4),(-1.60699972609327,0.,0.074038952236676,
0.814428474603429,1.,1.79381764712544),.PIECEWISE_BEZIER_KNOTS.)
CURVE()
GEOMETRIC_REPRESENTATION_ITEM()
RATIONAL_B_SPLINE_CURVE((1.,1.,1.,1.,1.,1.,1.,1.,1.,1.,1.,1.,1.,1.,1.,1.))
REPRESENTATION_ITEM('')
);
#257=(
BOUNDED_CURVE()
B_SPLINE_CURVE(3,(#4142,#4143,#4144,#4145,#4146,#4147,#4148,#4149,#4150,
#4151,#4152,#4153,#4154,#4155,#4156,#4157),.UNSPECIFIED.,.F.,.F.)
B_SPLINE_CURVE_WITH_KNOTS((4,3,3,3,3,4),(-1.6121051581267,0.,0.136842927622255,
0.921531175238386,1.,2.49280297901098),.PIECEWISE_BEZIER_KNOTS.)
CURVE()
GEOMETRIC_REPRESENTATION_ITEM()
RATIONAL_B_SPLINE_CURVE((1.,1.,1.,1.,1.,1.,1.,1.,1.,1.,1.,1.,1.,1.,1.,1.))
REPRESENTATION_ITEM('')
);
#258=(
BOUNDED_CURVE()
B_SPLINE_CURVE(3,(#4158,#4159,#4160,#4161,#4162,#4163,#4164,#4165,#4166,
#4167,#4168,#4169,#4170,#4171,#4172,#4173),.UNSPECIFIED.,.F.,.F.)
B_SPLINE_CURVE_WITH_KNOTS((4,3,3,3,3,4),(-1.6121051581267,0.,0.136842927622255,
0.921531175238386,1.,2.49280297901098),.PIECEWISE_BEZIER_KNOTS.)
CURVE()
GEOMETRIC_REPRESENTATION_ITEM()
RATIONAL_B_SPLINE_CURVE((1.,1.,1.,1.,1.,1.,1.,1.,1.,1.,1.,1.,1.,1.,1.,1.))
REPRESENTATION_ITEM('')
);
#259=(
BOUNDED_CURVE()
B_SPLINE_CURVE(3,(#4370,#4371,#4372,#4373,#4374,#4375,#4376,#4377,#4378,
#4379,#4380,#4381,#4382,#4383,#4384,#4385),.UNSPECIFIED.,.F.,.F.)
B_SPLINE_CURVE_WITH_KNOTS((4,3,3,3,3,4),(-1.6121051581267,0.,0.136842927622255,
0.921531175238386,1.,2.49280297901098),.PIECEWISE_BEZIER_KNOTS.)
CURVE()
GEOMETRIC_REPRESENTATION_ITEM()
RATIONAL_B_SPLINE_CURVE((1.,1.,1.,1.,1.,1.,1.,1.,1.,1.,1.,1.,1.,1.,1.,1.))
REPRESENTATION_ITEM('')
);
#260=(
BOUNDED_CURVE()
B_SPLINE_CURVE(3,(#4387,#4388,#4389,#4390,#4391,#4392,#4393,#4394,#4395,
#4396,#4397,#4398,#4399,#4400,#4401,#4402),.UNSPECIFIED.,.F.,.F.)
B_SPLINE_CURVE_WITH_KNOTS((4,3,3,3,3,4),(-1.60699972609327,0.,0.074038952236676,
0.814428474603429,1.,1.79381764712544),.PIECEWISE_BEZIER_KNOTS.)
CURVE()
GEOMETRIC_REPRESENTATION_ITEM()
RATIONAL_B_SPLINE_CURVE((1.,1.,1.,1.,1.,1.,1.,1.,1.,1.,1.,1.,1.,1.,1.,1.))
REPRESENTATION_ITEM('')
);
#261=(
BOUNDED_CURVE()
B_SPLINE_CURVE(3,(#4404,#4405,#4406,#4407,#4408,#4409,#4410,#4411,#4412,
#4413,#4414,#4415,#4416,#4417,#4418,#4419),.UNSPECIFIED.,.F.,.F.)
B_SPLINE_CURVE_WITH_KNOTS((4,3,3,3,3,4),(-1.60699972609327,0.,0.074038952236676,
0.814428474603429,1.,1.79381764712544),.PIECEWISE_BEZIER_KNOTS.)
CURVE()
GEOMETRIC_REPRESENTATION_ITEM()
RATIONAL_B_SPLINE_CURVE((1.,1.,1.,1.,1.,1.,1.,1.,1.,1.,1.,1.,1.,1.,1.,1.))
REPRESENTATION_ITEM('')
);
#262=(
BOUNDED_CURVE()
B_SPLINE_CURVE(3,(#4421,#4422,#4423,#4424,#4425,#4426,#4427,#4428,#4429,
#4430,#4431,#4432,#4433,#4434,#4435,#4436),.UNSPECIFIED.,.F.,.F.)
B_SPLINE_CURVE_WITH_KNOTS((4,3,3,3,3,4),(-1.6121051581267,0.,0.136842927622255,
0.921531175238386,1.,2.49280297901098),.PIECEWISE_BEZIER_KNOTS.)
CURVE()
GEOMETRIC_REPRESENTATION_ITEM()
RATIONAL_B_SPLINE_CURVE((1.,1.,1.,1.,1.,1.,1.,1.,1.,1.,1.,1.,1.,1.,1.,1.))
REPRESENTATION_ITEM('')
);
#263=(
BOUNDED_CURVE()
B_SPLINE_CURVE(3,(#4786,#4787,#4788,#4789,#4790,#4791,#4792,#4793,#4794,
#4795,#4796,#4797,#4798,#4799,#4800,#4801),.UNSPECIFIED.,.F.,.F.)
B_SPLINE_CURVE_WITH_KNOTS((4,3,3,3,3,4),(-1.60865086459061,0.,0.0740389522366749,
0.814428474603428,1.,1.87896613096344),.PIECEWISE_BEZIER_KNOTS.)
CURVE()
GEOMETRIC_REPRESENTATION_ITEM()
RATIONAL_B_SPLINE_CURVE((1.,1.,1.,1.,1.,1.,1.,1.,1.,1.,1.,1.,1.,1.,1.,1.))
REPRESENTATION_ITEM('')
);
#264=(
BOUNDED_CURVE()
B_SPLINE_CURVE(3,(#4812,#4813,#4814,#4815,#4816,#4817,#4818,#4819,#4820,
#4821,#4822,#4823,#4824,#4825,#4826,#4827),.UNSPECIFIED.,.F.,.F.)
B_SPLINE_CURVE_WITH_KNOTS((4,3,3,3,3,4),(-1.60865086459061,0.,0.0740389522366749,
0.814428474603428,1.,1.87896613096344),.PIECEWISE_BEZIER_KNOTS.)
CURVE()
GEOMETRIC_REPRESENTATION_ITEM()
RATIONAL_B_SPLINE_CURVE((1.,1.,1.,1.,1.,1.,1.,1.,1.,1.,1.,1.,1.,1.,1.,1.))
REPRESENTATION_ITEM('')
);
#265=(
BOUNDED_CURVE()
B_SPLINE_CURVE(3,(#4878,#4879,#4880,#4881,#4882,#4883,#4884,#4885,#4886,
#4887,#4888,#4889,#4890,#4891,#4892,#4893),.UNSPECIFIED.,.F.,.F.)
B_SPLINE_CURVE_WITH_KNOTS((4,3,3,3,3,4),(-1.60353794790598,0.,0.122288087302827,
0.920208007936622,1.,2.33370067122489),.PIECEWISE_BEZIER_KNOTS.)
CURVE()
GEOMETRIC_REPRESENTATION_ITEM()
RATIONAL_B_SPLINE_CURVE((1.,1.,1.,1.,1.,1.,1.,1.,1.,1.,1.,1.,1.,1.,1.,1.))
REPRESENTATION_ITEM('')
);
#266=(
BOUNDED_CURVE()
B_SPLINE_CURVE(3,(#4894,#4895,#4896,#4897,#4898,#4899,#4900,#4901,#4902,
#4903,#4904,#4905,#4906,#4907,#4908,#4909),.UNSPECIFIED.,.F.,.F.)
B_SPLINE_CURVE_WITH_KNOTS((4,3,3,3,3,4),(-1.60353794790598,0.,0.122288087302827,
0.920208007936622,1.,2.33370067122489),.PIECEWISE_BEZIER_KNOTS.)
CURVE()
GEOMETRIC_REPRESENTATION_ITEM()
RATIONAL_B_SPLINE_CURVE((1.,1.,1.,1.,1.,1.,1.,1.,1.,1.,1.,1.,1.,1.,1.,1.))
REPRESENTATION_ITEM('')
);
#267=(
BOUNDED_CURVE()
B_SPLINE_CURVE(3,(#4911,#4912,#4913,#4914,#4915,#4916,#4917,#4918,#4919,
#4920,#4921,#4922,#4923,#4924,#4925,#4926),.UNSPECIFIED.,.F.,.F.)
B_SPLINE_CURVE_WITH_KNOTS((4,3,3,3,3,4),(-1.60353794790598,0.,0.122288087302827,
0.920208007936622,1.,2.33370067122489),.PIECEWISE_BEZIER_KNOTS.)
CURVE()
GEOMETRIC_REPRESENTATION_ITEM()
RATIONAL_B_SPLINE_CURVE((1.,1.,1.,1.,1.,1.,1.,1.,1.,1.,1.,1.,1.,1.,1.,1.))
REPRESENTATION_ITEM('')
);
#268=(
BOUNDED_CURVE()
B_SPLINE_CURVE(3,(#4928,#4929,#4930,#4931,#4932,#4933,#4934,#4935,#4936,
#4937,#4938,#4939,#4940,#4941,#4942,#4943),.UNSPECIFIED.,.F.,.F.)
B_SPLINE_CURVE_WITH_KNOTS((4,3,3,3,3,4),(-1.60865086459061,0.,0.0740389522366749,
0.814428474603428,1.,1.87896613096344),.PIECEWISE_BEZIER_KNOTS.)
CURVE()
GEOMETRIC_REPRESENTATION_ITEM()
RATIONAL_B_SPLINE_CURVE((1.,1.,1.,1.,1.,1.,1.,1.,1.,1.,1.,1.,1.,1.,1.,1.))
REPRESENTATION_ITEM('')
);
#269=(
BOUNDED_CURVE()
B_SPLINE_CURVE(3,(#4945,#4946,#4947,#4948,#4949,#4950,#4951,#4952,#4953,
#4954,#4955,#4956,#4957,#4958,#4959,#4960),.UNSPECIFIED.,.F.,.F.)
B_SPLINE_CURVE_WITH_KNOTS((4,3,3,3,3,4),(-1.60865086459061,0.,0.0740389522366749,
0.814428474603428,1.,1.87896613096344),.PIECEWISE_BEZIER_KNOTS.)
CURVE()
GEOMETRIC_REPRESENTATION_ITEM()
RATIONAL_B_SPLINE_CURVE((1.,1.,1.,1.,1.,1.,1.,1.,1.,1.,1.,1.,1.,1.,1.,1.))
REPRESENTATION_ITEM('')
);
#270=(
BOUNDED_CURVE()
B_SPLINE_CURVE(3,(#4962,#4963,#4964,#4965,#4966,#4967,#4968,#4969,#4970,
#4971,#4972,#4973,#4974,#4975,#4976,#4977),.UNSPECIFIED.,.F.,.F.)
B_SPLINE_CURVE_WITH_KNOTS((4,3,3,3,3,4),(-1.60353794790598,0.,0.122288087302827,
0.920208007936622,1.,2.33370067122489),.PIECEWISE_BEZIER_KNOTS.)
CURVE()
GEOMETRIC_REPRESENTATION_ITEM()
RATIONAL_B_SPLINE_CURVE((1.,1.,1.,1.,1.,1.,1.,1.,1.,1.,1.,1.,1.,1.,1.,1.))
REPRESENTATION_ITEM('')
);
#271=(
BOUNDED_CURVE()
B_SPLINE_CURVE(3,(#5192,#5193,#5194,#5195,#5196,#5197,#5198,#5199,#5200,
#5201,#5202,#5203,#5204,#5205,#5206,#5207),.UNSPECIFIED.,.F.,.F.)
B_SPLINE_CURVE_WITH_KNOTS((4,3,3,3,3,4),(-1.60865086459061,0.,0.0740389522366749,
0.814428474603428,1.,1.87896613096344),.PIECEWISE_BEZIER_KNOTS.)
CURVE()
GEOMETRIC_REPRESENTATION_ITEM()
RATIONAL_B_SPLINE_CURVE((1.,1.,1.,1.,1.,1.,1.,1.,1.,1.,1.,1.,1.,1.,1.,1.))
REPRESENTATION_ITEM('')
);
#272=(
BOUNDED_CURVE()
B_SPLINE_CURVE(3,(#5219,#5220,#5221,#5222,#5223,#5224,#5225,#5226,#5227,
#5228,#5229,#5230,#5231,#5232,#5233,#5234),.UNSPECIFIED.,.F.,.F.)
B_SPLINE_CURVE_WITH_KNOTS((4,3,3,3,3,4),(-1.60865086459061,0.,0.0740389522366749,
0.814428474603428,1.,1.87896613096344),.PIECEWISE_BEZIER_KNOTS.)
CURVE()
GEOMETRIC_REPRESENTATION_ITEM()
RATIONAL_B_SPLINE_CURVE((1.,1.,1.,1.,1.,1.,1.,1.,1.,1.,1.,1.,1.,1.,1.,1.))
REPRESENTATION_ITEM('')
);
#273=(
BOUNDED_CURVE()
B_SPLINE_CURVE(3,(#5241,#5242,#5243,#5244,#5245,#5246,#5247,#5248,#5249,
#5250,#5251,#5252,#5253,#5254,#5255,#5256),.UNSPECIFIED.,.F.,.F.)
B_SPLINE_CURVE_WITH_KNOTS((4,3,3,3,3,4),(-1.60353794790598,0.,0.122288087302827,
0.920208007936622,1.,2.33370067122489),.PIECEWISE_BEZIER_KNOTS.)
CURVE()
GEOMETRIC_REPRESENTATION_ITEM()
RATIONAL_B_SPLINE_CURVE((1.,1.,1.,1.,1.,1.,1.,1.,1.,1.,1.,1.,1.,1.,1.,1.))
REPRESENTATION_ITEM('')
);
#274=(
BOUNDED_CURVE()
B_SPLINE_CURVE(3,(#5257,#5258,#5259,#5260,#5261,#5262,#5263,#5264,#5265,
#5266,#5267,#5268,#5269,#5270,#5271,#5272),.UNSPECIFIED.,.F.,.F.)
B_SPLINE_CURVE_WITH_KNOTS((4,3,3,3,3,4),(-1.60353794790598,0.,0.122288087302827,
0.920208007936622,1.,2.33370067122489),.PIECEWISE_BEZIER_KNOTS.)
CURVE()
GEOMETRIC_REPRESENTATION_ITEM()
RATIONAL_B_SPLINE_CURVE((1.,1.,1.,1.,1.,1.,1.,1.,1.,1.,1.,1.,1.,1.,1.,1.))
REPRESENTATION_ITEM('')
);
#275=(
BOUNDED_CURVE()
B_SPLINE_CURVE(3,(#5465,#5466,#5467,#5468,#5469,#5470,#5471,#5472,#5473,
#5474,#5475,#5476,#5477,#5478,#5479,#5480),.UNSPECIFIED.,.F.,.F.)
B_SPLINE_CURVE_WITH_KNOTS((4,3,3,3,3,4),(-1.60353794790598,0.,0.122288087302827,
0.920208007936622,1.,2.33370067122489),.PIECEWISE_BEZIER_KNOTS.)
CURVE()
GEOMETRIC_REPRESENTATION_ITEM()
RATIONAL_B_SPLINE_CURVE((1.,1.,1.,1.,1.,1.,1.,1.,1.,1.,1.,1.,1.,1.,1.,1.))
REPRESENTATION_ITEM('')
);
#276=(
BOUNDED_CURVE()
B_SPLINE_CURVE(3,(#5482,#5483,#5484,#5485,#5486,#5487,#5488,#5489,#5490,
#5491,#5492,#5493,#5494,#5495,#5496,#5497),.UNSPECIFIED.,.F.,.F.)
B_SPLINE_CURVE_WITH_KNOTS((4,3,3,3,3,4),(-1.60865086459061,0.,0.0740389522366749,
0.814428474603428,1.,1.87896613096344),.PIECEWISE_BEZIER_KNOTS.)
CURVE()
GEOMETRIC_REPRESENTATION_ITEM()
RATIONAL_B_SPLINE_CURVE((1.,1.,1.,1.,1.,1.,1.,1.,1.,1.,1.,1.,1.,1.,1.,1.))
REPRESENTATION_ITEM('')
);
#277=(
BOUNDED_CURVE()
B_SPLINE_CURVE(3,(#5499,#5500,#5501,#5502,#5503,#5504,#5505,#5506,#5507,
#5508,#5509,#5510,#5511,#5512,#5513,#5514),.UNSPECIFIED.,.F.,.F.)
B_SPLINE_CURVE_WITH_KNOTS((4,3,3,3,3,4),(-1.60865086459061,0.,0.0740389522366749,
0.814428474603428,1.,1.87896613096344),.PIECEWISE_BEZIER_KNOTS.)
CURVE()
GEOMETRIC_REPRESENTATION_ITEM()
RATIONAL_B_SPLINE_CURVE((1.,1.,1.,1.,1.,1.,1.,1.,1.,1.,1.,1.,1.,1.,1.,1.))
REPRESENTATION_ITEM('')
);
#278=(
BOUNDED_CURVE()
B_SPLINE_CURVE(3,(#5516,#5517,#5518,#5519,#5520,#5521,#5522,#5523,#5524,
#5525,#5526,#5527,#5528,#5529,#5530,#5531),.UNSPECIFIED.,.F.,.F.)
B_SPLINE_CURVE_WITH_KNOTS((4,3,3,3,3,4),(-1.60353794790598,0.,0.122288087302827,
0.920208007936622,1.,2.33370067122489),.PIECEWISE_BEZIER_KNOTS.)
CURVE()
GEOMETRIC_REPRESENTATION_ITEM()
RATIONAL_B_SPLINE_CURVE((1.,1.,1.,1.,1.,1.,1.,1.,1.,1.,1.,1.,1.,1.,1.,1.))
REPRESENTATION_ITEM('')
);
#279=(
BOUNDED_CURVE()
B_SPLINE_CURVE(3,(#5873,#5874,#5875,#5876,#5877,#5878,#5879,#5880,#5881,
#5882,#5883,#5884,#5885,#5886,#5887,#5888),.UNSPECIFIED.,.F.,.F.)
B_SPLINE_CURVE_WITH_KNOTS((4,3,3,3,3,4),(-1.61009044493918,0.,0.0740389522366751,
0.814428474603429,1.,1.96484314299172),.PIECEWISE_BEZIER_KNOTS.)
CURVE()
GEOMETRIC_REPRESENTATION_ITEM()
RATIONAL_B_SPLINE_CURVE((1.,1.,1.,1.,1.,1.,1.,1.,1.,1.,1.,1.,1.,1.,1.,1.))
REPRESENTATION_ITEM('')
);
#280=(
BOUNDED_CURVE()
B_SPLINE_CURVE(3,(#5899,#5900,#5901,#5902,#5903,#5904,#5905,#5906,#5907,
#5908,#5909,#5910,#5911,#5912,#5913,#5914),.UNSPECIFIED.,.F.,.F.)
B_SPLINE_CURVE_WITH_KNOTS((4,3,3,3,3,4),(-1.61009044493918,0.,0.0740389522366751,
0.814428474603429,1.,1.96484314299172),.PIECEWISE_BEZIER_KNOTS.)
CURVE()
GEOMETRIC_REPRESENTATION_ITEM()
RATIONAL_B_SPLINE_CURVE((1.,1.,1.,1.,1.,1.,1.,1.,1.,1.,1.,1.,1.,1.,1.,1.))
REPRESENTATION_ITEM('')
);
#281=(
BOUNDED_CURVE()
B_SPLINE_CURVE(3,(#5965,#5966,#5967,#5968,#5969,#5970,#5971,#5972,#5973,
#5974,#5975,#5976,#5977,#5978,#5979,#5980),.UNSPECIFIED.,.F.,.F.)
B_SPLINE_CURVE_WITH_KNOTS((4,3,3,3,3,4),(-1.59828624579155,0.,0.112904489274949,
0.919354953570451,1.,2.21070182513793),.PIECEWISE_BEZIER_KNOTS.)
CURVE()
GEOMETRIC_REPRESENTATION_ITEM()
RATIONAL_B_SPLINE_CURVE((1.,1.,1.,1.,1.,1.,1.,1.,1.,1.,1.,1.,1.,1.,1.,1.))
REPRESENTATION_ITEM('')
);
#282=(
BOUNDED_CURVE()
B_SPLINE_CURVE(3,(#5981,#5982,#5983,#5984,#5985,#5986,#5987,#5988,#5989,
#5990,#5991,#5992,#5993,#5994,#5995,#5996),.UNSPECIFIED.,.F.,.F.)
B_SPLINE_CURVE_WITH_KNOTS((4,3,3,3,3,4),(-1.59828624579155,0.,0.112904489274949,
0.919354953570451,1.,2.21070182513793),.PIECEWISE_BEZIER_KNOTS.)
CURVE()
GEOMETRIC_REPRESENTATION_ITEM()
RATIONAL_B_SPLINE_CURVE((1.,1.,1.,1.,1.,1.,1.,1.,1.,1.,1.,1.,1.,1.,1.,1.))
REPRESENTATION_ITEM('')
);
#283=(
BOUNDED_CURVE()
B_SPLINE_CURVE(3,(#5998,#5999,#6000,#6001,#6002,#6003,#6004,#6005,#6006,
#6007,#6008,#6009,#6010,#6011,#6012,#6013),.UNSPECIFIED.,.F.,.F.)
B_SPLINE_CURVE_WITH_KNOTS((4,3,3,3,3,4),(-1.59828624579155,0.,0.112904489274949,
0.919354953570451,1.,2.21070182513793),.PIECEWISE_BEZIER_KNOTS.)
CURVE()
GEOMETRIC_REPRESENTATION_ITEM()
RATIONAL_B_SPLINE_CURVE((1.,1.,1.,1.,1.,1.,1.,1.,1.,1.,1.,1.,1.,1.,1.,1.))
REPRESENTATION_ITEM('')
);
#284=(
BOUNDED_CURVE()
B_SPLINE_CURVE(3,(#6015,#6016,#6017,#6018,#6019,#6020,#6021,#6022,#6023,
#6024,#6025,#6026,#6027,#6028,#6029,#6030),.UNSPECIFIED.,.F.,.F.)
B_SPLINE_CURVE_WITH_KNOTS((4,3,3,3,3,4),(-1.61009044493918,0.,0.0740389522366751,
0.814428474603429,1.,1.96484314299172),.PIECEWISE_BEZIER_KNOTS.)
CURVE()
GEOMETRIC_REPRESENTATION_ITEM()
RATIONAL_B_SPLINE_CURVE((1.,1.,1.,1.,1.,1.,1.,1.,1.,1.,1.,1.,1.,1.,1.,1.))
REPRESENTATION_ITEM('')
);
#285=(
BOUNDED_CURVE()
B_SPLINE_CURVE(3,(#6032,#6033,#6034,#6035,#6036,#6037,#6038,#6039,#6040,
#6041,#6042,#6043,#6044,#6045,#6046,#6047),.UNSPECIFIED.,.F.,.F.)
B_SPLINE_CURVE_WITH_KNOTS((4,3,3,3,3,4),(-1.61009044493918,0.,0.0740389522366751,
0.814428474603429,1.,1.96484314299172),.PIECEWISE_BEZIER_KNOTS.)
CURVE()
GEOMETRIC_REPRESENTATION_ITEM()
RATIONAL_B_SPLINE_CURVE((1.,1.,1.,1.,1.,1.,1.,1.,1.,1.,1.,1.,1.,1.,1.,1.))
REPRESENTATION_ITEM('')
);
#286=(
BOUNDED_CURVE()
B_SPLINE_CURVE(3,(#6049,#6050,#6051,#6052,#6053,#6054,#6055,#6056,#6057,
#6058,#6059,#6060,#6061,#6062,#6063,#6064),.UNSPECIFIED.,.F.,.F.)
B_SPLINE_CURVE_WITH_KNOTS((4,3,3,3,3,4),(-1.59828624579155,0.,0.112904489274949,
0.919354953570451,1.,2.21070182513793),.PIECEWISE_BEZIER_KNOTS.)
CURVE()
GEOMETRIC_REPRESENTATION_ITEM()
RATIONAL_B_SPLINE_CURVE((1.,1.,1.,1.,1.,1.,1.,1.,1.,1.,1.,1.,1.,1.,1.,1.))
REPRESENTATION_ITEM('')
);
#287=(
BOUNDED_CURVE()
B_SPLINE_CURVE(3,(#6276,#6277,#6278,#6279,#6280,#6281,#6282,#6283,#6284,
#6285,#6286,#6287,#6288,#6289,#6290,#6291),.UNSPECIFIED.,.F.,.F.)
B_SPLINE_CURVE_WITH_KNOTS((4,3,3,3,3,4),(-1.61009044493918,0.,0.0740389522366751,
0.814428474603429,1.,1.96484314299172),.PIECEWISE_BEZIER_KNOTS.)
CURVE()
GEOMETRIC_REPRESENTATION_ITEM()
RATIONAL_B_SPLINE_CURVE((1.,1.,1.,1.,1.,1.,1.,1.,1.,1.,1.,1.,1.,1.,1.,1.))
REPRESENTATION_ITEM('')
);
#288=(
BOUNDED_CURVE()
B_SPLINE_CURVE(3,(#6303,#6304,#6305,#6306,#6307,#6308,#6309,#6310,#6311,
#6312,#6313,#6314,#6315,#6316,#6317,#6318),.UNSPECIFIED.,.F.,.F.)
B_SPLINE_CURVE_WITH_KNOTS((4,3,3,3,3,4),(-1.61009044493918,0.,0.0740389522366751,
0.814428474603429,1.,1.96484314299172),.PIECEWISE_BEZIER_KNOTS.)
CURVE()
GEOMETRIC_REPRESENTATION_ITEM()
RATIONAL_B_SPLINE_CURVE((1.,1.,1.,1.,1.,1.,1.,1.,1.,1.,1.,1.,1.,1.,1.,1.))
REPRESENTATION_ITEM('')
);
#289=(
BOUNDED_CURVE()
B_SPLINE_CURVE(3,(#6325,#6326,#6327,#6328,#6329,#6330,#6331,#6332,#6333,
#6334,#6335,#6336,#6337,#6338,#6339,#6340),.UNSPECIFIED.,.F.,.F.)
B_SPLINE_CURVE_WITH_KNOTS((4,3,3,3,3,4),(-1.59828624579155,0.,0.112904489274949,
0.919354953570451,1.,2.21070182513793),.PIECEWISE_BEZIER_KNOTS.)
CURVE()
GEOMETRIC_REPRESENTATION_ITEM()
RATIONAL_B_SPLINE_CURVE((1.,1.,1.,1.,1.,1.,1.,1.,1.,1.,1.,1.,1.,1.,1.,1.))
REPRESENTATION_ITEM('')
);
#290=(
BOUNDED_CURVE()
B_SPLINE_CURVE(3,(#6341,#6342,#6343,#6344,#6345,#6346,#6347,#6348,#6349,
#6350,#6351,#6352,#6353,#6354,#6355,#6356),.UNSPECIFIED.,.F.,.F.)
B_SPLINE_CURVE_WITH_KNOTS((4,3,3,3,3,4),(-1.59828624579155,0.,0.112904489274949,
0.919354953570451,1.,2.21070182513793),.PIECEWISE_BEZIER_KNOTS.)
CURVE()
GEOMETRIC_REPRESENTATION_ITEM()
RATIONAL_B_SPLINE_CURVE((1.,1.,1.,1.,1.,1.,1.,1.,1.,1.,1.,1.,1.,1.,1.,1.))
REPRESENTATION_ITEM('')
);
#291=(
BOUNDED_CURVE()
B_SPLINE_CURVE(3,(#6546,#6547,#6548,#6549,#6550,#6551,#6552,#6553,#6554,
#6555,#6556,#6557,#6558,#6559,#6560,#6561),.UNSPECIFIED.,.F.,.F.)
B_SPLINE_CURVE_WITH_KNOTS((4,3,3,3,3,4),(-1.59828624579155,0.,0.112904489274949,
0.919354953570451,1.,2.21070182513793),.PIECEWISE_BEZIER_KNOTS.)
CURVE()
GEOMETRIC_REPRESENTATION_ITEM()
RATIONAL_B_SPLINE_CURVE((1.,1.,1.,1.,1.,1.,1.,1.,1.,1.,1.,1.,1.,1.,1.,1.))
REPRESENTATION_ITEM('')
);
#292=(
BOUNDED_CURVE()
B_SPLINE_CURVE(3,(#6563,#6564,#6565,#6566,#6567,#6568,#6569,#6570,#6571,
#6572,#6573,#6574,#6575,#6576,#6577,#6578),.UNSPECIFIED.,.F.,.F.)
B_SPLINE_CURVE_WITH_KNOTS((4,3,3,3,3,4),(-1.61009044493918,0.,0.0740389522366751,
0.814428474603429,1.,1.96484314299172),.PIECEWISE_BEZIER_KNOTS.)
CURVE()
GEOMETRIC_REPRESENTATION_ITEM()
RATIONAL_B_SPLINE_CURVE((1.,1.,1.,1.,1.,1.,1.,1.,1.,1.,1.,1.,1.,1.,1.,1.))
REPRESENTATION_ITEM('')
);
#293=(
BOUNDED_CURVE()
B_SPLINE_CURVE(3,(#6580,#6581,#6582,#6583,#6584,#6585,#6586,#6587,#6588,
#6589,#6590,#6591,#6592,#6593,#6594,#6595),.UNSPECIFIED.,.F.,.F.)
B_SPLINE_CURVE_WITH_KNOTS((4,3,3,3,3,4),(-1.61009044493918,0.,0.0740389522366751,
0.814428474603429,1.,1.96484314299172),.PIECEWISE_BEZIER_KNOTS.)
CURVE()
GEOMETRIC_REPRESENTATION_ITEM()
RATIONAL_B_SPLINE_CURVE((1.,1.,1.,1.,1.,1.,1.,1.,1.,1.,1.,1.,1.,1.,1.,1.))
REPRESENTATION_ITEM('')
);
#294=(
BOUNDED_CURVE()
B_SPLINE_CURVE(3,(#6597,#6598,#6599,#6600,#6601,#6602,#6603,#6604,#6605,
#6606,#6607,#6608,#6609,#6610,#6611,#6612),.UNSPECIFIED.,.F.,.F.)
B_SPLINE_CURVE_WITH_KNOTS((4,3,3,3,3,4),(-1.59828624579155,0.,0.112904489274949,
0.919354953570451,1.,2.21070182513793),.PIECEWISE_BEZIER_KNOTS.)
CURVE()
GEOMETRIC_REPRESENTATION_ITEM()
RATIONAL_B_SPLINE_CURVE((1.,1.,1.,1.,1.,1.,1.,1.,1.,1.,1.,1.,1.,1.,1.,1.))
REPRESENTATION_ITEM('')
);
#295=PLANE('',#2753);
#296=PLANE('',#2754);
#297=PLANE('',#2759);
#298=PLANE('',#2760);
#299=PLANE('',#2761);
#300=PLANE('',#2762);
#301=PLANE('',#2763);
#302=PLANE('',#2771);
#303=PLANE('',#2773);
#304=PLANE('',#2775);
#305=PLANE('',#2779);
#306=PLANE('',#2786);
#307=PLANE('',#2787);
#308=PLANE('',#2788);
#309=PLANE('',#2791);
#310=PLANE('',#2793);
#311=PLANE('',#2811);
#312=PLANE('',#2812);
#313=PLANE('',#2815);
#314=PLANE('',#2817);
#315=PLANE('',#2832);
#316=PLANE('',#2833);
#317=PLANE('',#2838);
#318=PLANE('',#2839);
#319=PLANE('',#2840);
#320=PLANE('',#2841);
#321=PLANE('',#2842);
#322=PLANE('',#2850);
#323=PLANE('',#2852);
#324=PLANE('',#2854);
#325=PLANE('',#2858);
#326=PLANE('',#2865);
#327=PLANE('',#2866);
#328=PLANE('',#2867);
#329=PLANE('',#2870);
#330=PLANE('',#2872);
#331=PLANE('',#2890);
#332=PLANE('',#2891);
#333=PLANE('',#2894);
#334=PLANE('',#2896);
#335=PLANE('',#2911);
#336=PLANE('',#2912);
#337=PLANE('',#2917);
#338=PLANE('',#2918);
#339=PLANE('',#2919);
#340=PLANE('',#2920);
#341=PLANE('',#2921);
#342=PLANE('',#2929);
#343=PLANE('',#2931);
#344=PLANE('',#2933);
#345=PLANE('',#2937);
#346=PLANE('',#2944);
#347=PLANE('',#2945);
#348=PLANE('',#2946);
#349=PLANE('',#2949);
#350=PLANE('',#2951);
#351=PLANE('',#2969);
#352=PLANE('',#2970);
#353=PLANE('',#2973);
#354=PLANE('',#2975);
#355=CIRCLE('',#2751,1.);
#356=CIRCLE('',#2752,1.);
#357=CIRCLE('',#2755,0.5);
#358=CIRCLE('',#2756,0.5);
#359=CIRCLE('',#2757,0.5);
#360=CIRCLE('',#2758,0.5);
#361=CIRCLE('',#2764,0.5);
#362=CIRCLE('',#2765,0.5);
#363=CIRCLE('',#2766,0.5);
#364=CIRCLE('',#2767,0.5);
#365=CIRCLE('',#2777,1.);
#366=CIRCLE('',#2778,1.);
#367=CIRCLE('',#2780,1.);
#368=CIRCLE('',#2781,1.);
#369=CIRCLE('',#2782,1.);
#370=CIRCLE('',#2784,1.);
#371=CIRCLE('',#2785,1.);
#372=CIRCLE('',#2794,1.);
#373=CIRCLE('',#2795,1.);
#374=CIRCLE('',#2797,1.);
#375=CIRCLE('',#2799,1.);
#376=CIRCLE('',#2803,1.);
#377=CIRCLE('',#2805,1.);
#378=CIRCLE('',#2810,1.);
#379=CIRCLE('',#2818,1.);
#380=CIRCLE('',#2820,1.);
#381=CIRCLE('',#2821,1.);
#382=CIRCLE('',#2823,1.);
#383=CIRCLE('',#2825,1.);
#384=CIRCLE('',#2827,1.);
#385=CIRCLE('',#2830,0.999999999999999);
#386=CIRCLE('',#2831,0.999999999999999);
#387=CIRCLE('',#2834,0.5);
#388=CIRCLE('',#2835,0.5);
#389=CIRCLE('',#2836,0.5);
#390=CIRCLE('',#2837,0.5);
#391=CIRCLE('',#2843,0.5);
#392=CIRCLE('',#2844,0.5);
#393=CIRCLE('',#2845,0.5);
#394=CIRCLE('',#2846,0.5);
#395=CIRCLE('',#2856,1.);
#396=CIRCLE('',#2857,1.);
#397=CIRCLE('',#2859,1.);
#398=CIRCLE('',#2860,1.);
#399=CIRCLE('',#2861,0.999999999999999);
#400=CIRCLE('',#2863,0.999999999999999);
#401=CIRCLE('',#2864,0.999999999999999);
#402=CIRCLE('',#2873,0.999999999999999);
#403=CIRCLE('',#2874,1.);
#404=CIRCLE('',#2876,1.);
#405=CIRCLE('',#2878,1.);
#406=CIRCLE('',#2882,1.);
#407=CIRCLE('',#2884,1.);
#408=CIRCLE('',#2889,1.);
#409=CIRCLE('',#2897,0.999999999999999);
#410=CIRCLE('',#2899,0.999999999999999);
#411=CIRCLE('',#2900,1.);
#412=CIRCLE('',#2902,1.);
#413=CIRCLE('',#2904,1.);
#414=CIRCLE('',#2906,1.);
#415=CIRCLE('',#2909,1.);
#416=CIRCLE('',#2910,1.);
#417=CIRCLE('',#2913,0.5);
#418=CIRCLE('',#2914,0.5);
#419=CIRCLE('',#2915,0.5);
#420=CIRCLE('',#2916,0.5);
#421=CIRCLE('',#2922,0.5);
#422=CIRCLE('',#2923,0.5);
#423=CIRCLE('',#2924,0.5);
#424=CIRCLE('',#2925,0.5);
#425=CIRCLE('',#2935,1.);
#426=CIRCLE('',#2936,1.);
#427=CIRCLE('',#2938,1.);
#428=CIRCLE('',#2939,1.);
#429=CIRCLE('',#2940,1.);
#430=CIRCLE('',#2942,1.);
#431=CIRCLE('',#2943,1.);
#432=CIRCLE('',#2952,1.);
#433=CIRCLE('',#2953,1.);
#434=CIRCLE('',#2955,1.);
#435=CIRCLE('',#2957,1.);
#436=CIRCLE('',#2961,1.);
#437=CIRCLE('',#2963,1.);
#438=CIRCLE('',#2968,1.);
#439=CIRCLE('',#2976,1.);
#440=CIRCLE('',#2978,1.);
#441=CIRCLE('',#2979,1.);
#442=CIRCLE('',#2981,1.);
#443=CIRCLE('',#2983,1.);
#444=CIRCLE('',#2985,1.);
#445=ORIENTED_EDGE('',*,*,#1237,.F.);
#446=ORIENTED_EDGE('',*,*,#1238,.T.);
#447=ORIENTED_EDGE('',*,*,#1239,.T.);
#448=ORIENTED_EDGE('',*,*,#1240,.T.);
#449=ORIENTED_EDGE('',*,*,#1241,.T.);
#450=ORIENTED_EDGE('',*,*,#1242,.T.);
#451=ORIENTED_EDGE('',*,*,#1243,.T.);
#452=ORIENTED_EDGE('',*,*,#1244,.T.);
#453=ORIENTED_EDGE('',*,*,#1245,.T.);
#454=ORIENTED_EDGE('',*,*,#1246,.T.);
#455=ORIENTED_EDGE('',*,*,#1247,.T.);
#456=ORIENTED_EDGE('',*,*,#1239,.F.);
#457=ORIENTED_EDGE('',*,*,#1248,.T.);
#458=ORIENTED_EDGE('',*,*,#1249,.T.);
#459=ORIENTED_EDGE('',*,*,#1250,.T.);
#460=ORIENTED_EDGE('',*,*,#1251,.T.);
#461=ORIENTED_EDGE('',*,*,#1252,.T.);
#462=ORIENTED_EDGE('',*,*,#1253,.T.);
#463=ORIENTED_EDGE('',*,*,#1254,.T.);
#464=ORIENTED_EDGE('',*,*,#1255,.T.);
#465=ORIENTED_EDGE('',*,*,#1256,.T.);
#466=ORIENTED_EDGE('',*,*,#1257,.T.);
#467=ORIENTED_EDGE('',*,*,#1258,.T.);
#468=ORIENTED_EDGE('',*,*,#1259,.T.);
#469=ORIENTED_EDGE('',*,*,#1260,.T.);
#470=ORIENTED_EDGE('',*,*,#1261,.T.);
#471=ORIENTED_EDGE('',*,*,#1262,.T.);
#472=ORIENTED_EDGE('',*,*,#1263,.T.);
#473=ORIENTED_EDGE('',*,*,#1264,.T.);
#474=ORIENTED_EDGE('',*,*,#1265,.T.);
#475=ORIENTED_EDGE('',*,*,#1250,.F.);
#476=ORIENTED_EDGE('',*,*,#1266,.T.);
#477=ORIENTED_EDGE('',*,*,#1237,.T.);
#478=ORIENTED_EDGE('',*,*,#1267,.T.);
#479=ORIENTED_EDGE('',*,*,#1256,.F.);
#480=ORIENTED_EDGE('',*,*,#1268,.T.);
#481=ORIENTED_EDGE('',*,*,#1269,.T.);
#482=ORIENTED_EDGE('',*,*,#1270,.T.);
#483=ORIENTED_EDGE('',*,*,#1271,.T.);
#484=ORIENTED_EDGE('',*,*,#1272,.T.);
#485=ORIENTED_EDGE('',*,*,#1273,.T.);
#486=ORIENTED_EDGE('',*,*,#1274,.T.);
#487=ORIENTED_EDGE('',*,*,#1275,.T.);
#488=ORIENTED_EDGE('',*,*,#1276,.T.);
#489=ORIENTED_EDGE('',*,*,#1277,.T.);
#490=ORIENTED_EDGE('',*,*,#1278,.T.);
#491=ORIENTED_EDGE('',*,*,#1279,.T.);
#492=ORIENTED_EDGE('',*,*,#1272,.F.);
#493=ORIENTED_EDGE('',*,*,#1280,.F.);
#494=ORIENTED_EDGE('',*,*,#1279,.F.);
#495=ORIENTED_EDGE('',*,*,#1281,.F.);
#496=ORIENTED_EDGE('',*,*,#1282,.F.);
#497=ORIENTED_EDGE('',*,*,#1283,.F.);
#498=ORIENTED_EDGE('',*,*,#1284,.F.);
#499=ORIENTED_EDGE('',*,*,#1285,.F.);
#500=ORIENTED_EDGE('',*,*,#1260,.F.);
#501=ORIENTED_EDGE('',*,*,#1286,.T.);
#502=ORIENTED_EDGE('',*,*,#1276,.F.);
#503=ORIENTED_EDGE('',*,*,#1280,.T.);
#504=ORIENTED_EDGE('',*,*,#1275,.F.);
#505=ORIENTED_EDGE('',*,*,#1287,.T.);
#506=ORIENTED_EDGE('',*,*,#1286,.F.);
#507=ORIENTED_EDGE('',*,*,#1259,.F.);
#508=ORIENTED_EDGE('',*,*,#1288,.F.);
#509=ORIENTED_EDGE('',*,*,#1277,.F.);
#510=ORIENTED_EDGE('',*,*,#1274,.F.);
#511=ORIENTED_EDGE('',*,*,#1289,.F.);
#512=ORIENTED_EDGE('',*,*,#1261,.F.);
#513=ORIENTED_EDGE('',*,*,#1287,.F.);
#514=ORIENTED_EDGE('',*,*,#1290,.T.);
#515=ORIENTED_EDGE('',*,*,#1291,.T.);
#516=ORIENTED_EDGE('',*,*,#1292,.T.);
#517=ORIENTED_EDGE('',*,*,#1293,.T.);
#518=ORIENTED_EDGE('',*,*,#1294,.F.);
#519=ORIENTED_EDGE('',*,*,#1295,.T.);
#520=ORIENTED_EDGE('',*,*,#1290,.F.);
#521=ORIENTED_EDGE('',*,*,#1296,.T.);
#522=ORIENTED_EDGE('',*,*,#1297,.T.);
#523=ORIENTED_EDGE('',*,*,#1298,.T.);
#524=ORIENTED_EDGE('',*,*,#1299,.T.);
#525=ORIENTED_EDGE('',*,*,#1300,.F.);
#526=ORIENTED_EDGE('',*,*,#1296,.F.);
#527=ORIENTED_EDGE('',*,*,#1293,.F.);
#528=ORIENTED_EDGE('',*,*,#1301,.T.);
#529=ORIENTED_EDGE('',*,*,#1302,.F.);
#530=ORIENTED_EDGE('',*,*,#1266,.F.);
#531=ORIENTED_EDGE('',*,*,#1257,.F.);
#532=ORIENTED_EDGE('',*,*,#1271,.F.);
#533=ORIENTED_EDGE('',*,*,#1303,.F.);
#534=ORIENTED_EDGE('',*,*,#1238,.F.);
#535=ORIENTED_EDGE('',*,*,#1302,.T.);
#536=ORIENTED_EDGE('',*,*,#1304,.F.);
#537=ORIENTED_EDGE('',*,*,#1248,.F.);
#538=ORIENTED_EDGE('',*,*,#1304,.T.);
#539=ORIENTED_EDGE('',*,*,#1303,.T.);
#540=ORIENTED_EDGE('',*,*,#1305,.F.);
#541=ORIENTED_EDGE('',*,*,#1270,.F.);
#542=ORIENTED_EDGE('',*,*,#1306,.T.);
#543=ORIENTED_EDGE('',*,*,#1249,.F.);
#544=ORIENTED_EDGE('',*,*,#1305,.T.);
#545=ORIENTED_EDGE('',*,*,#1307,.F.);
#546=ORIENTED_EDGE('',*,*,#1308,.T.);
#547=ORIENTED_EDGE('',*,*,#1309,.T.);
#548=ORIENTED_EDGE('',*,*,#1310,.T.);
#549=ORIENTED_EDGE('',*,*,#1309,.F.);
#550=ORIENTED_EDGE('',*,*,#1311,.T.);
#551=ORIENTED_EDGE('',*,*,#1312,.T.);
#552=ORIENTED_EDGE('',*,*,#1313,.T.);
#553=ORIENTED_EDGE('',*,*,#1314,.T.);
#554=ORIENTED_EDGE('',*,*,#1315,.T.);
#555=ORIENTED_EDGE('',*,*,#1316,.T.);
#556=ORIENTED_EDGE('',*,*,#1317,.T.);
#557=ORIENTED_EDGE('',*,*,#1318,.T.);
#558=ORIENTED_EDGE('',*,*,#1319,.T.);
#559=ORIENTED_EDGE('',*,*,#1254,.F.);
#560=ORIENTED_EDGE('',*,*,#1320,.T.);
#561=ORIENTED_EDGE('',*,*,#1307,.T.);
#562=ORIENTED_EDGE('',*,*,#1321,.T.);
#563=ORIENTED_EDGE('',*,*,#1322,.T.);
#564=ORIENTED_EDGE('',*,*,#1284,.T.);
#565=ORIENTED_EDGE('',*,*,#1323,.T.);
#566=ORIENTED_EDGE('',*,*,#1324,.T.);
#567=ORIENTED_EDGE('',*,*,#1262,.F.);
#568=ORIENTED_EDGE('',*,*,#1289,.T.);
#569=ORIENTED_EDGE('',*,*,#1273,.F.);
#570=ORIENTED_EDGE('',*,*,#1285,.T.);
#571=ORIENTED_EDGE('',*,*,#1322,.F.);
#572=ORIENTED_EDGE('',*,*,#1325,.T.);
#573=ORIENTED_EDGE('',*,*,#1325,.F.);
#574=ORIENTED_EDGE('',*,*,#1324,.F.);
#575=ORIENTED_EDGE('',*,*,#1326,.F.);
#576=ORIENTED_EDGE('',*,*,#1263,.F.);
#577=ORIENTED_EDGE('',*,*,#1300,.T.);
#578=ORIENTED_EDGE('',*,*,#1327,.T.);
#579=ORIENTED_EDGE('',*,*,#1328,.T.);
#580=ORIENTED_EDGE('',*,*,#1294,.T.);
#581=ORIENTED_EDGE('',*,*,#1329,.F.);
#582=ORIENTED_EDGE('',*,*,#1330,.F.);
#583=ORIENTED_EDGE('',*,*,#1268,.F.);
#584=ORIENTED_EDGE('',*,*,#1255,.F.);
#585=ORIENTED_EDGE('',*,*,#1321,.F.);
#586=ORIENTED_EDGE('',*,*,#1310,.F.);
#587=ORIENTED_EDGE('',*,*,#1319,.F.);
#588=ORIENTED_EDGE('',*,*,#1331,.T.);
#589=ORIENTED_EDGE('',*,*,#1329,.T.);
#590=ORIENTED_EDGE('',*,*,#1331,.F.);
#591=ORIENTED_EDGE('',*,*,#1332,.F.);
#592=ORIENTED_EDGE('',*,*,#1330,.T.);
#593=ORIENTED_EDGE('',*,*,#1318,.F.);
#594=ORIENTED_EDGE('',*,*,#1333,.T.);
#595=ORIENTED_EDGE('',*,*,#1269,.F.);
#596=ORIENTED_EDGE('',*,*,#1332,.T.);
#597=ORIENTED_EDGE('',*,*,#1306,.F.);
#598=ORIENTED_EDGE('',*,*,#1333,.F.);
#599=ORIENTED_EDGE('',*,*,#1334,.F.);
#600=ORIENTED_EDGE('',*,*,#1317,.F.);
#601=ORIENTED_EDGE('',*,*,#1335,.T.);
#602=ORIENTED_EDGE('',*,*,#1241,.F.);
#603=ORIENTED_EDGE('',*,*,#1334,.T.);
#604=ORIENTED_EDGE('',*,*,#1292,.F.);
#605=ORIENTED_EDGE('',*,*,#1336,.F.);
#606=ORIENTED_EDGE('',*,*,#1337,.F.);
#607=ORIENTED_EDGE('',*,*,#1243,.F.);
#608=ORIENTED_EDGE('',*,*,#1338,.F.);
#609=ORIENTED_EDGE('',*,*,#1301,.F.);
#610=ORIENTED_EDGE('',*,*,#1338,.T.);
#611=ORIENTED_EDGE('',*,*,#1242,.F.);
#612=ORIENTED_EDGE('',*,*,#1339,.F.);
#613=ORIENTED_EDGE('',*,*,#1297,.F.);
#614=ORIENTED_EDGE('',*,*,#1339,.T.);
#615=ORIENTED_EDGE('',*,*,#1335,.F.);
#616=ORIENTED_EDGE('',*,*,#1340,.F.);
#617=ORIENTED_EDGE('',*,*,#1340,.T.);
#618=ORIENTED_EDGE('',*,*,#1316,.F.);
#619=ORIENTED_EDGE('',*,*,#1341,.F.);
#620=ORIENTED_EDGE('',*,*,#1298,.F.);
#621=ORIENTED_EDGE('',*,*,#1315,.F.);
#622=ORIENTED_EDGE('',*,*,#1342,.T.);
#623=ORIENTED_EDGE('',*,*,#1343,.F.);
#624=ORIENTED_EDGE('',*,*,#1327,.F.);
#625=ORIENTED_EDGE('',*,*,#1299,.F.);
#626=ORIENTED_EDGE('',*,*,#1341,.T.);
#627=ORIENTED_EDGE('',*,*,#1252,.F.);
#628=ORIENTED_EDGE('',*,*,#1344,.T.);
#629=ORIENTED_EDGE('',*,*,#1345,.T.);
#630=ORIENTED_EDGE('',*,*,#1346,.T.);
#631=ORIENTED_EDGE('',*,*,#1347,.T.);
#632=ORIENTED_EDGE('',*,*,#1282,.T.);
#633=ORIENTED_EDGE('',*,*,#1348,.T.);
#634=ORIENTED_EDGE('',*,*,#1349,.T.);
#635=ORIENTED_EDGE('',*,*,#1350,.T.);
#636=ORIENTED_EDGE('',*,*,#1258,.F.);
#637=ORIENTED_EDGE('',*,*,#1351,.T.);
#638=ORIENTED_EDGE('',*,*,#1348,.F.);
#639=ORIENTED_EDGE('',*,*,#1281,.T.);
#640=ORIENTED_EDGE('',*,*,#1278,.F.);
#641=ORIENTED_EDGE('',*,*,#1288,.T.);
#642=ORIENTED_EDGE('',*,*,#1349,.F.);
#643=ORIENTED_EDGE('',*,*,#1351,.F.);
#644=ORIENTED_EDGE('',*,*,#1265,.F.);
#645=ORIENTED_EDGE('',*,*,#1352,.F.);
#646=ORIENTED_EDGE('',*,*,#1353,.T.);
#647=ORIENTED_EDGE('',*,*,#1336,.T.);
#648=ORIENTED_EDGE('',*,*,#1291,.F.);
#649=ORIENTED_EDGE('',*,*,#1295,.F.);
#650=ORIENTED_EDGE('',*,*,#1328,.F.);
#651=ORIENTED_EDGE('',*,*,#1343,.T.);
#652=ORIENTED_EDGE('',*,*,#1354,.T.);
#653=ORIENTED_EDGE('',*,*,#1355,.F.);
#654=ORIENTED_EDGE('',*,*,#1356,.F.);
#655=ORIENTED_EDGE('',*,*,#1344,.F.);
#656=ORIENTED_EDGE('',*,*,#1251,.F.);
#657=ORIENTED_EDGE('',*,*,#1267,.F.);
#658=ORIENTED_EDGE('',*,*,#1240,.F.);
#659=ORIENTED_EDGE('',*,*,#1247,.F.);
#660=ORIENTED_EDGE('',*,*,#1357,.T.);
#661=ORIENTED_EDGE('',*,*,#1355,.T.);
#662=ORIENTED_EDGE('',*,*,#1357,.F.);
#663=ORIENTED_EDGE('',*,*,#1358,.F.);
#664=ORIENTED_EDGE('',*,*,#1356,.T.);
#665=ORIENTED_EDGE('',*,*,#1345,.F.);
#666=ORIENTED_EDGE('',*,*,#1358,.T.);
#667=ORIENTED_EDGE('',*,*,#1246,.F.);
#668=ORIENTED_EDGE('',*,*,#1359,.T.);
#669=ORIENTED_EDGE('',*,*,#1264,.F.);
#670=ORIENTED_EDGE('',*,*,#1326,.T.);
#671=ORIENTED_EDGE('',*,*,#1323,.F.);
#672=ORIENTED_EDGE('',*,*,#1283,.T.);
#673=ORIENTED_EDGE('',*,*,#1350,.F.);
#674=ORIENTED_EDGE('',*,*,#1352,.T.);
#675=ORIENTED_EDGE('',*,*,#1360,.F.);
#676=ORIENTED_EDGE('',*,*,#1320,.F.);
#677=ORIENTED_EDGE('',*,*,#1253,.F.);
#678=ORIENTED_EDGE('',*,*,#1347,.F.);
#679=ORIENTED_EDGE('',*,*,#1361,.F.);
#680=ORIENTED_EDGE('',*,*,#1308,.F.);
#681=ORIENTED_EDGE('',*,*,#1360,.T.);
#682=ORIENTED_EDGE('',*,*,#1362,.F.);
#683=ORIENTED_EDGE('',*,*,#1311,.F.);
#684=ORIENTED_EDGE('',*,*,#1362,.T.);
#685=ORIENTED_EDGE('',*,*,#1361,.T.);
#686=ORIENTED_EDGE('',*,*,#1363,.F.);
#687=ORIENTED_EDGE('',*,*,#1312,.F.);
#688=ORIENTED_EDGE('',*,*,#1363,.T.);
#689=ORIENTED_EDGE('',*,*,#1346,.F.);
#690=ORIENTED_EDGE('',*,*,#1364,.T.);
#691=ORIENTED_EDGE('',*,*,#1359,.F.);
#692=ORIENTED_EDGE('',*,*,#1365,.F.);
#693=ORIENTED_EDGE('',*,*,#1364,.F.);
#694=ORIENTED_EDGE('',*,*,#1313,.F.);
#695=ORIENTED_EDGE('',*,*,#1365,.T.);
#696=ORIENTED_EDGE('',*,*,#1245,.F.);
#697=ORIENTED_EDGE('',*,*,#1366,.T.);
#698=ORIENTED_EDGE('',*,*,#1337,.T.);
#699=ORIENTED_EDGE('',*,*,#1353,.F.);
#700=ORIENTED_EDGE('',*,*,#1367,.F.);
#701=ORIENTED_EDGE('',*,*,#1244,.F.);
#702=ORIENTED_EDGE('',*,*,#1367,.T.);
#703=ORIENTED_EDGE('',*,*,#1368,.F.);
#704=ORIENTED_EDGE('',*,*,#1366,.F.);
#705=ORIENTED_EDGE('',*,*,#1368,.T.);
#706=ORIENTED_EDGE('',*,*,#1354,.F.);
#707=ORIENTED_EDGE('',*,*,#1342,.F.);
#708=ORIENTED_EDGE('',*,*,#1314,.F.);
#709=ORIENTED_EDGE('',*,*,#1369,.F.);
#710=ORIENTED_EDGE('',*,*,#1370,.T.);
#711=ORIENTED_EDGE('',*,*,#1371,.T.);
#712=ORIENTED_EDGE('',*,*,#1372,.T.);
#713=ORIENTED_EDGE('',*,*,#1373,.T.);
#714=ORIENTED_EDGE('',*,*,#1374,.T.);
#715=ORIENTED_EDGE('',*,*,#1375,.T.);
#716=ORIENTED_EDGE('',*,*,#1376,.T.);
#717=ORIENTED_EDGE('',*,*,#1377,.T.);
#718=ORIENTED_EDGE('',*,*,#1378,.T.);
#719=ORIENTED_EDGE('',*,*,#1379,.T.);
#720=ORIENTED_EDGE('',*,*,#1371,.F.);
#721=ORIENTED_EDGE('',*,*,#1380,.T.);
#722=ORIENTED_EDGE('',*,*,#1381,.T.);
#723=ORIENTED_EDGE('',*,*,#1382,.T.);
#724=ORIENTED_EDGE('',*,*,#1383,.T.);
#725=ORIENTED_EDGE('',*,*,#1384,.T.);
#726=ORIENTED_EDGE('',*,*,#1385,.T.);
#727=ORIENTED_EDGE('',*,*,#1386,.T.);
#728=ORIENTED_EDGE('',*,*,#1387,.T.);
#729=ORIENTED_EDGE('',*,*,#1388,.T.);
#730=ORIENTED_EDGE('',*,*,#1389,.T.);
#731=ORIENTED_EDGE('',*,*,#1390,.T.);
#732=ORIENTED_EDGE('',*,*,#1391,.T.);
#733=ORIENTED_EDGE('',*,*,#1392,.T.);
#734=ORIENTED_EDGE('',*,*,#1393,.T.);
#735=ORIENTED_EDGE('',*,*,#1394,.T.);
#736=ORIENTED_EDGE('',*,*,#1395,.T.);
#737=ORIENTED_EDGE('',*,*,#1396,.T.);
#738=ORIENTED_EDGE('',*,*,#1397,.T.);
#739=ORIENTED_EDGE('',*,*,#1382,.F.);
#740=ORIENTED_EDGE('',*,*,#1398,.T.);
#741=ORIENTED_EDGE('',*,*,#1369,.T.);
#742=ORIENTED_EDGE('',*,*,#1399,.T.);
#743=ORIENTED_EDGE('',*,*,#1388,.F.);
#744=ORIENTED_EDGE('',*,*,#1400,.T.);
#745=ORIENTED_EDGE('',*,*,#1401,.T.);
#746=ORIENTED_EDGE('',*,*,#1402,.T.);
#747=ORIENTED_EDGE('',*,*,#1403,.T.);
#748=ORIENTED_EDGE('',*,*,#1404,.T.);
#749=ORIENTED_EDGE('',*,*,#1405,.T.);
#750=ORIENTED_EDGE('',*,*,#1406,.T.);
#751=ORIENTED_EDGE('',*,*,#1407,.T.);
#752=ORIENTED_EDGE('',*,*,#1408,.T.);
#753=ORIENTED_EDGE('',*,*,#1409,.T.);
#754=ORIENTED_EDGE('',*,*,#1410,.T.);
#755=ORIENTED_EDGE('',*,*,#1411,.T.);
#756=ORIENTED_EDGE('',*,*,#1404,.F.);
#757=ORIENTED_EDGE('',*,*,#1412,.F.);
#758=ORIENTED_EDGE('',*,*,#1411,.F.);
#759=ORIENTED_EDGE('',*,*,#1413,.F.);
#760=ORIENTED_EDGE('',*,*,#1414,.F.);
#761=ORIENTED_EDGE('',*,*,#1415,.F.);
#762=ORIENTED_EDGE('',*,*,#1416,.F.);
#763=ORIENTED_EDGE('',*,*,#1417,.F.);
#764=ORIENTED_EDGE('',*,*,#1392,.F.);
#765=ORIENTED_EDGE('',*,*,#1418,.T.);
#766=ORIENTED_EDGE('',*,*,#1408,.F.);
#767=ORIENTED_EDGE('',*,*,#1412,.T.);
#768=ORIENTED_EDGE('',*,*,#1407,.F.);
#769=ORIENTED_EDGE('',*,*,#1419,.T.);
#770=ORIENTED_EDGE('',*,*,#1418,.F.);
#771=ORIENTED_EDGE('',*,*,#1391,.F.);
#772=ORIENTED_EDGE('',*,*,#1420,.F.);
#773=ORIENTED_EDGE('',*,*,#1409,.F.);
#774=ORIENTED_EDGE('',*,*,#1406,.F.);
#775=ORIENTED_EDGE('',*,*,#1421,.F.);
#776=ORIENTED_EDGE('',*,*,#1393,.F.);
#777=ORIENTED_EDGE('',*,*,#1419,.F.);
#778=ORIENTED_EDGE('',*,*,#1422,.T.);
#779=ORIENTED_EDGE('',*,*,#1423,.T.);
#780=ORIENTED_EDGE('',*,*,#1424,.T.);
#781=ORIENTED_EDGE('',*,*,#1425,.T.);
#782=ORIENTED_EDGE('',*,*,#1426,.F.);
#783=ORIENTED_EDGE('',*,*,#1427,.T.);
#784=ORIENTED_EDGE('',*,*,#1422,.F.);
#785=ORIENTED_EDGE('',*,*,#1428,.T.);
#786=ORIENTED_EDGE('',*,*,#1429,.T.);
#787=ORIENTED_EDGE('',*,*,#1430,.T.);
#788=ORIENTED_EDGE('',*,*,#1431,.T.);
#789=ORIENTED_EDGE('',*,*,#1432,.F.);
#790=ORIENTED_EDGE('',*,*,#1428,.F.);
#791=ORIENTED_EDGE('',*,*,#1425,.F.);
#792=ORIENTED_EDGE('',*,*,#1433,.T.);
#793=ORIENTED_EDGE('',*,*,#1434,.F.);
#794=ORIENTED_EDGE('',*,*,#1398,.F.);
#795=ORIENTED_EDGE('',*,*,#1389,.F.);
#796=ORIENTED_EDGE('',*,*,#1403,.F.);
#797=ORIENTED_EDGE('',*,*,#1435,.F.);
#798=ORIENTED_EDGE('',*,*,#1370,.F.);
#799=ORIENTED_EDGE('',*,*,#1434,.T.);
#800=ORIENTED_EDGE('',*,*,#1436,.F.);
#801=ORIENTED_EDGE('',*,*,#1380,.F.);
#802=ORIENTED_EDGE('',*,*,#1436,.T.);
#803=ORIENTED_EDGE('',*,*,#1435,.T.);
#804=ORIENTED_EDGE('',*,*,#1437,.F.);
#805=ORIENTED_EDGE('',*,*,#1402,.F.);
#806=ORIENTED_EDGE('',*,*,#1438,.T.);
#807=ORIENTED_EDGE('',*,*,#1381,.F.);
#808=ORIENTED_EDGE('',*,*,#1437,.T.);
#809=ORIENTED_EDGE('',*,*,#1439,.F.);
#810=ORIENTED_EDGE('',*,*,#1440,.T.);
#811=ORIENTED_EDGE('',*,*,#1441,.T.);
#812=ORIENTED_EDGE('',*,*,#1442,.T.);
#813=ORIENTED_EDGE('',*,*,#1441,.F.);
#814=ORIENTED_EDGE('',*,*,#1443,.T.);
#815=ORIENTED_EDGE('',*,*,#1444,.T.);
#816=ORIENTED_EDGE('',*,*,#1445,.T.);
#817=ORIENTED_EDGE('',*,*,#1446,.T.);
#818=ORIENTED_EDGE('',*,*,#1447,.T.);
#819=ORIENTED_EDGE('',*,*,#1448,.T.);
#820=ORIENTED_EDGE('',*,*,#1449,.T.);
#821=ORIENTED_EDGE('',*,*,#1450,.T.);
#822=ORIENTED_EDGE('',*,*,#1451,.T.);
#823=ORIENTED_EDGE('',*,*,#1386,.F.);
#824=ORIENTED_EDGE('',*,*,#1452,.T.);
#825=ORIENTED_EDGE('',*,*,#1439,.T.);
#826=ORIENTED_EDGE('',*,*,#1453,.T.);
#827=ORIENTED_EDGE('',*,*,#1454,.T.);
#828=ORIENTED_EDGE('',*,*,#1416,.T.);
#829=ORIENTED_EDGE('',*,*,#1455,.T.);
#830=ORIENTED_EDGE('',*,*,#1456,.T.);
#831=ORIENTED_EDGE('',*,*,#1394,.F.);
#832=ORIENTED_EDGE('',*,*,#1421,.T.);
#833=ORIENTED_EDGE('',*,*,#1405,.F.);
#834=ORIENTED_EDGE('',*,*,#1417,.T.);
#835=ORIENTED_EDGE('',*,*,#1454,.F.);
#836=ORIENTED_EDGE('',*,*,#1457,.T.);
#837=ORIENTED_EDGE('',*,*,#1457,.F.);
#838=ORIENTED_EDGE('',*,*,#1456,.F.);
#839=ORIENTED_EDGE('',*,*,#1458,.F.);
#840=ORIENTED_EDGE('',*,*,#1395,.F.);
#841=ORIENTED_EDGE('',*,*,#1432,.T.);
#842=ORIENTED_EDGE('',*,*,#1459,.T.);
#843=ORIENTED_EDGE('',*,*,#1460,.T.);
#844=ORIENTED_EDGE('',*,*,#1426,.T.);
#845=ORIENTED_EDGE('',*,*,#1461,.F.);
#846=ORIENTED_EDGE('',*,*,#1462,.F.);
#847=ORIENTED_EDGE('',*,*,#1400,.F.);
#848=ORIENTED_EDGE('',*,*,#1387,.F.);
#849=ORIENTED_EDGE('',*,*,#1453,.F.);
#850=ORIENTED_EDGE('',*,*,#1442,.F.);
#851=ORIENTED_EDGE('',*,*,#1451,.F.);
#852=ORIENTED_EDGE('',*,*,#1463,.T.);
#853=ORIENTED_EDGE('',*,*,#1461,.T.);
#854=ORIENTED_EDGE('',*,*,#1463,.F.);
#855=ORIENTED_EDGE('',*,*,#1464,.F.);
#856=ORIENTED_EDGE('',*,*,#1462,.T.);
#857=ORIENTED_EDGE('',*,*,#1450,.F.);
#858=ORIENTED_EDGE('',*,*,#1465,.T.);
#859=ORIENTED_EDGE('',*,*,#1401,.F.);
#860=ORIENTED_EDGE('',*,*,#1464,.T.);
#861=ORIENTED_EDGE('',*,*,#1438,.F.);
#862=ORIENTED_EDGE('',*,*,#1465,.F.);
#863=ORIENTED_EDGE('',*,*,#1466,.F.);
#864=ORIENTED_EDGE('',*,*,#1449,.F.);
#865=ORIENTED_EDGE('',*,*,#1467,.T.);
#866=ORIENTED_EDGE('',*,*,#1373,.F.);
#867=ORIENTED_EDGE('',*,*,#1466,.T.);
#868=ORIENTED_EDGE('',*,*,#1424,.F.);
#869=ORIENTED_EDGE('',*,*,#1468,.F.);
#870=ORIENTED_EDGE('',*,*,#1469,.F.);
#871=ORIENTED_EDGE('',*,*,#1375,.F.);
#872=ORIENTED_EDGE('',*,*,#1470,.F.);
#873=ORIENTED_EDGE('',*,*,#1433,.F.);
#874=ORIENTED_EDGE('',*,*,#1470,.T.);
#875=ORIENTED_EDGE('',*,*,#1374,.F.);
#876=ORIENTED_EDGE('',*,*,#1471,.F.);
#877=ORIENTED_EDGE('',*,*,#1429,.F.);
#878=ORIENTED_EDGE('',*,*,#1471,.T.);
#879=ORIENTED_EDGE('',*,*,#1467,.F.);
#880=ORIENTED_EDGE('',*,*,#1472,.F.);
#881=ORIENTED_EDGE('',*,*,#1472,.T.);
#882=ORIENTED_EDGE('',*,*,#1448,.F.);
#883=ORIENTED_EDGE('',*,*,#1473,.F.);
#884=ORIENTED_EDGE('',*,*,#1430,.F.);
#885=ORIENTED_EDGE('',*,*,#1447,.F.);
#886=ORIENTED_EDGE('',*,*,#1474,.T.);
#887=ORIENTED_EDGE('',*,*,#1475,.F.);
#888=ORIENTED_EDGE('',*,*,#1459,.F.);
#889=ORIENTED_EDGE('',*,*,#1431,.F.);
#890=ORIENTED_EDGE('',*,*,#1473,.T.);
#891=ORIENTED_EDGE('',*,*,#1384,.F.);
#892=ORIENTED_EDGE('',*,*,#1476,.T.);
#893=ORIENTED_EDGE('',*,*,#1477,.T.);
#894=ORIENTED_EDGE('',*,*,#1478,.T.);
#895=ORIENTED_EDGE('',*,*,#1479,.T.);
#896=ORIENTED_EDGE('',*,*,#1414,.T.);
#897=ORIENTED_EDGE('',*,*,#1480,.T.);
#898=ORIENTED_EDGE('',*,*,#1481,.T.);
#899=ORIENTED_EDGE('',*,*,#1482,.T.);
#900=ORIENTED_EDGE('',*,*,#1390,.F.);
#901=ORIENTED_EDGE('',*,*,#1483,.T.);
#902=ORIENTED_EDGE('',*,*,#1480,.F.);
#903=ORIENTED_EDGE('',*,*,#1413,.T.);
#904=ORIENTED_EDGE('',*,*,#1410,.F.);
#905=ORIENTED_EDGE('',*,*,#1420,.T.);
#906=ORIENTED_EDGE('',*,*,#1481,.F.);
#907=ORIENTED_EDGE('',*,*,#1483,.F.);
#908=ORIENTED_EDGE('',*,*,#1397,.F.);
#909=ORIENTED_EDGE('',*,*,#1484,.F.);
#910=ORIENTED_EDGE('',*,*,#1485,.T.);
#911=ORIENTED_EDGE('',*,*,#1468,.T.);
#912=ORIENTED_EDGE('',*,*,#1423,.F.);
#913=ORIENTED_EDGE('',*,*,#1427,.F.);
#914=ORIENTED_EDGE('',*,*,#1460,.F.);
#915=ORIENTED_EDGE('',*,*,#1475,.T.);
#916=ORIENTED_EDGE('',*,*,#1486,.T.);
#917=ORIENTED_EDGE('',*,*,#1487,.F.);
#918=ORIENTED_EDGE('',*,*,#1488,.F.);
#919=ORIENTED_EDGE('',*,*,#1476,.F.);
#920=ORIENTED_EDGE('',*,*,#1383,.F.);
#921=ORIENTED_EDGE('',*,*,#1399,.F.);
#922=ORIENTED_EDGE('',*,*,#1372,.F.);
#923=ORIENTED_EDGE('',*,*,#1379,.F.);
#924=ORIENTED_EDGE('',*,*,#1489,.T.);
#925=ORIENTED_EDGE('',*,*,#1487,.T.);
#926=ORIENTED_EDGE('',*,*,#1489,.F.);
#927=ORIENTED_EDGE('',*,*,#1490,.F.);
#928=ORIENTED_EDGE('',*,*,#1488,.T.);
#929=ORIENTED_EDGE('',*,*,#1477,.F.);
#930=ORIENTED_EDGE('',*,*,#1490,.T.);
#931=ORIENTED_EDGE('',*,*,#1378,.F.);
#932=ORIENTED_EDGE('',*,*,#1491,.T.);
#933=ORIENTED_EDGE('',*,*,#1396,.F.);
#934=ORIENTED_EDGE('',*,*,#1458,.T.);
#935=ORIENTED_EDGE('',*,*,#1455,.F.);
#936=ORIENTED_EDGE('',*,*,#1415,.T.);
#937=ORIENTED_EDGE('',*,*,#1482,.F.);
#938=ORIENTED_EDGE('',*,*,#1484,.T.);
#939=ORIENTED_EDGE('',*,*,#1492,.F.);
#940=ORIENTED_EDGE('',*,*,#1452,.F.);
#941=ORIENTED_EDGE('',*,*,#1385,.F.);
#942=ORIENTED_EDGE('',*,*,#1479,.F.);
#943=ORIENTED_EDGE('',*,*,#1493,.F.);
#944=ORIENTED_EDGE('',*,*,#1440,.F.);
#945=ORIENTED_EDGE('',*,*,#1492,.T.);
#946=ORIENTED_EDGE('',*,*,#1494,.F.);
#947=ORIENTED_EDGE('',*,*,#1443,.F.);
#948=ORIENTED_EDGE('',*,*,#1494,.T.);
#949=ORIENTED_EDGE('',*,*,#1493,.T.);
#950=ORIENTED_EDGE('',*,*,#1495,.F.);
#951=ORIENTED_EDGE('',*,*,#1444,.F.);
#952=ORIENTED_EDGE('',*,*,#1495,.T.);
#953=ORIENTED_EDGE('',*,*,#1478,.F.);
#954=ORIENTED_EDGE('',*,*,#1496,.T.);
#955=ORIENTED_EDGE('',*,*,#1491,.F.);
#956=ORIENTED_EDGE('',*,*,#1497,.F.);
#957=ORIENTED_EDGE('',*,*,#1496,.F.);
#958=ORIENTED_EDGE('',*,*,#1445,.F.);
#959=ORIENTED_EDGE('',*,*,#1497,.T.);
#960=ORIENTED_EDGE('',*,*,#1377,.F.);
#961=ORIENTED_EDGE('',*,*,#1498,.T.);
#962=ORIENTED_EDGE('',*,*,#1469,.T.);
#963=ORIENTED_EDGE('',*,*,#1485,.F.);
#964=ORIENTED_EDGE('',*,*,#1499,.F.);
#965=ORIENTED_EDGE('',*,*,#1376,.F.);
#966=ORIENTED_EDGE('',*,*,#1499,.T.);
#967=ORIENTED_EDGE('',*,*,#1500,.F.);
#968=ORIENTED_EDGE('',*,*,#1498,.F.);
#969=ORIENTED_EDGE('',*,*,#1500,.T.);
#970=ORIENTED_EDGE('',*,*,#1486,.F.);
#971=ORIENTED_EDGE('',*,*,#1474,.F.);
#972=ORIENTED_EDGE('',*,*,#1446,.F.);
#973=ORIENTED_EDGE('',*,*,#1501,.F.);
#974=ORIENTED_EDGE('',*,*,#1502,.T.);
#975=ORIENTED_EDGE('',*,*,#1503,.T.);
#976=ORIENTED_EDGE('',*,*,#1504,.T.);
#977=ORIENTED_EDGE('',*,*,#1505,.T.);
#978=ORIENTED_EDGE('',*,*,#1506,.T.);
#979=ORIENTED_EDGE('',*,*,#1507,.T.);
#980=ORIENTED_EDGE('',*,*,#1508,.T.);
#981=ORIENTED_EDGE('',*,*,#1509,.T.);
#982=ORIENTED_EDGE('',*,*,#1510,.T.);
#983=ORIENTED_EDGE('',*,*,#1511,.T.);
#984=ORIENTED_EDGE('',*,*,#1503,.F.);
#985=ORIENTED_EDGE('',*,*,#1512,.T.);
#986=ORIENTED_EDGE('',*,*,#1513,.T.);
#987=ORIENTED_EDGE('',*,*,#1514,.T.);
#988=ORIENTED_EDGE('',*,*,#1515,.T.);
#989=ORIENTED_EDGE('',*,*,#1516,.T.);
#990=ORIENTED_EDGE('',*,*,#1517,.T.);
#991=ORIENTED_EDGE('',*,*,#1518,.T.);
#992=ORIENTED_EDGE('',*,*,#1519,.T.);
#993=ORIENTED_EDGE('',*,*,#1520,.T.);
#994=ORIENTED_EDGE('',*,*,#1521,.T.);
#995=ORIENTED_EDGE('',*,*,#1522,.T.);
#996=ORIENTED_EDGE('',*,*,#1523,.T.);
#997=ORIENTED_EDGE('',*,*,#1524,.T.);
#998=ORIENTED_EDGE('',*,*,#1525,.T.);
#999=ORIENTED_EDGE('',*,*,#1526,.T.);
#1000=ORIENTED_EDGE('',*,*,#1527,.T.);
#1001=ORIENTED_EDGE('',*,*,#1528,.T.);
#1002=ORIENTED_EDGE('',*,*,#1529,.T.);
#1003=ORIENTED_EDGE('',*,*,#1514,.F.);
#1004=ORIENTED_EDGE('',*,*,#1530,.T.);
#1005=ORIENTED_EDGE('',*,*,#1501,.T.);
#1006=ORIENTED_EDGE('',*,*,#1531,.T.);
#1007=ORIENTED_EDGE('',*,*,#1520,.F.);
#1008=ORIENTED_EDGE('',*,*,#1532,.T.);
#1009=ORIENTED_EDGE('',*,*,#1533,.T.);
#1010=ORIENTED_EDGE('',*,*,#1534,.T.);
#1011=ORIENTED_EDGE('',*,*,#1535,.T.);
#1012=ORIENTED_EDGE('',*,*,#1536,.T.);
#1013=ORIENTED_EDGE('',*,*,#1537,.T.);
#1014=ORIENTED_EDGE('',*,*,#1538,.T.);
#1015=ORIENTED_EDGE('',*,*,#1539,.T.);
#1016=ORIENTED_EDGE('',*,*,#1540,.T.);
#1017=ORIENTED_EDGE('',*,*,#1541,.T.);
#1018=ORIENTED_EDGE('',*,*,#1542,.T.);
#1019=ORIENTED_EDGE('',*,*,#1543,.T.);
#1020=ORIENTED_EDGE('',*,*,#1536,.F.);
#1021=ORIENTED_EDGE('',*,*,#1544,.F.);
#1022=ORIENTED_EDGE('',*,*,#1543,.F.);
#1023=ORIENTED_EDGE('',*,*,#1545,.F.);
#1024=ORIENTED_EDGE('',*,*,#1546,.F.);
#1025=ORIENTED_EDGE('',*,*,#1547,.F.);
#1026=ORIENTED_EDGE('',*,*,#1548,.F.);
#1027=ORIENTED_EDGE('',*,*,#1549,.F.);
#1028=ORIENTED_EDGE('',*,*,#1524,.F.);
#1029=ORIENTED_EDGE('',*,*,#1550,.T.);
#1030=ORIENTED_EDGE('',*,*,#1540,.F.);
#1031=ORIENTED_EDGE('',*,*,#1544,.T.);
#1032=ORIENTED_EDGE('',*,*,#1539,.F.);
#1033=ORIENTED_EDGE('',*,*,#1551,.T.);
#1034=ORIENTED_EDGE('',*,*,#1550,.F.);
#1035=ORIENTED_EDGE('',*,*,#1523,.F.);
#1036=ORIENTED_EDGE('',*,*,#1552,.F.);
#1037=ORIENTED_EDGE('',*,*,#1541,.F.);
#1038=ORIENTED_EDGE('',*,*,#1538,.F.);
#1039=ORIENTED_EDGE('',*,*,#1553,.F.);
#1040=ORIENTED_EDGE('',*,*,#1525,.F.);
#1041=ORIENTED_EDGE('',*,*,#1551,.F.);
#1042=ORIENTED_EDGE('',*,*,#1554,.T.);
#1043=ORIENTED_EDGE('',*,*,#1555,.T.);
#1044=ORIENTED_EDGE('',*,*,#1556,.T.);
#1045=ORIENTED_EDGE('',*,*,#1557,.T.);
#1046=ORIENTED_EDGE('',*,*,#1558,.F.);
#1047=ORIENTED_EDGE('',*,*,#1559,.T.);
#1048=ORIENTED_EDGE('',*,*,#1554,.F.);
#1049=ORIENTED_EDGE('',*,*,#1560,.T.);
#1050=ORIENTED_EDGE('',*,*,#1561,.T.);
#1051=ORIENTED_EDGE('',*,*,#1562,.T.);
#1052=ORIENTED_EDGE('',*,*,#1563,.T.);
#1053=ORIENTED_EDGE('',*,*,#1564,.F.);
#1054=ORIENTED_EDGE('',*,*,#1560,.F.);
#1055=ORIENTED_EDGE('',*,*,#1557,.F.);
#1056=ORIENTED_EDGE('',*,*,#1565,.T.);
#1057=ORIENTED_EDGE('',*,*,#1566,.F.);
#1058=ORIENTED_EDGE('',*,*,#1530,.F.);
#1059=ORIENTED_EDGE('',*,*,#1521,.F.);
#1060=ORIENTED_EDGE('',*,*,#1535,.F.);
#1061=ORIENTED_EDGE('',*,*,#1567,.F.);
#1062=ORIENTED_EDGE('',*,*,#1502,.F.);
#1063=ORIENTED_EDGE('',*,*,#1566,.T.);
#1064=ORIENTED_EDGE('',*,*,#1568,.F.);
#1065=ORIENTED_EDGE('',*,*,#1512,.F.);
#1066=ORIENTED_EDGE('',*,*,#1568,.T.);
#1067=ORIENTED_EDGE('',*,*,#1567,.T.);
#1068=ORIENTED_EDGE('',*,*,#1569,.F.);
#1069=ORIENTED_EDGE('',*,*,#1534,.F.);
#1070=ORIENTED_EDGE('',*,*,#1570,.T.);
#1071=ORIENTED_EDGE('',*,*,#1513,.F.);
#1072=ORIENTED_EDGE('',*,*,#1569,.T.);
#1073=ORIENTED_EDGE('',*,*,#1571,.F.);
#1074=ORIENTED_EDGE('',*,*,#1572,.T.);
#1075=ORIENTED_EDGE('',*,*,#1573,.T.);
#1076=ORIENTED_EDGE('',*,*,#1574,.T.);
#1077=ORIENTED_EDGE('',*,*,#1573,.F.);
#1078=ORIENTED_EDGE('',*,*,#1575,.T.);
#1079=ORIENTED_EDGE('',*,*,#1576,.T.);
#1080=ORIENTED_EDGE('',*,*,#1577,.T.);
#1081=ORIENTED_EDGE('',*,*,#1578,.T.);
#1082=ORIENTED_EDGE('',*,*,#1579,.T.);
#1083=ORIENTED_EDGE('',*,*,#1580,.T.);
#1084=ORIENTED_EDGE('',*,*,#1581,.T.);
#1085=ORIENTED_EDGE('',*,*,#1582,.T.);
#1086=ORIENTED_EDGE('',*,*,#1583,.T.);
#1087=ORIENTED_EDGE('',*,*,#1518,.F.);
#1088=ORIENTED_EDGE('',*,*,#1584,.T.);
#1089=ORIENTED_EDGE('',*,*,#1571,.T.);
#1090=ORIENTED_EDGE('',*,*,#1585,.T.);
#1091=ORIENTED_EDGE('',*,*,#1586,.T.);
#1092=ORIENTED_EDGE('',*,*,#1548,.T.);
#1093=ORIENTED_EDGE('',*,*,#1587,.T.);
#1094=ORIENTED_EDGE('',*,*,#1588,.T.);
#1095=ORIENTED_EDGE('',*,*,#1526,.F.);
#1096=ORIENTED_EDGE('',*,*,#1553,.T.);
#1097=ORIENTED_EDGE('',*,*,#1537,.F.);
#1098=ORIENTED_EDGE('',*,*,#1549,.T.);
#1099=ORIENTED_EDGE('',*,*,#1586,.F.);
#1100=ORIENTED_EDGE('',*,*,#1589,.T.);
#1101=ORIENTED_EDGE('',*,*,#1589,.F.);
#1102=ORIENTED_EDGE('',*,*,#1588,.F.);
#1103=ORIENTED_EDGE('',*,*,#1590,.F.);
#1104=ORIENTED_EDGE('',*,*,#1527,.F.);
#1105=ORIENTED_EDGE('',*,*,#1564,.T.);
#1106=ORIENTED_EDGE('',*,*,#1591,.T.);
#1107=ORIENTED_EDGE('',*,*,#1592,.T.);
#1108=ORIENTED_EDGE('',*,*,#1558,.T.);
#1109=ORIENTED_EDGE('',*,*,#1593,.F.);
#1110=ORIENTED_EDGE('',*,*,#1594,.F.);
#1111=ORIENTED_EDGE('',*,*,#1532,.F.);
#1112=ORIENTED_EDGE('',*,*,#1519,.F.);
#1113=ORIENTED_EDGE('',*,*,#1585,.F.);
#1114=ORIENTED_EDGE('',*,*,#1574,.F.);
#1115=ORIENTED_EDGE('',*,*,#1583,.F.);
#1116=ORIENTED_EDGE('',*,*,#1595,.T.);
#1117=ORIENTED_EDGE('',*,*,#1593,.T.);
#1118=ORIENTED_EDGE('',*,*,#1595,.F.);
#1119=ORIENTED_EDGE('',*,*,#1596,.F.);
#1120=ORIENTED_EDGE('',*,*,#1594,.T.);
#1121=ORIENTED_EDGE('',*,*,#1582,.F.);
#1122=ORIENTED_EDGE('',*,*,#1597,.T.);
#1123=ORIENTED_EDGE('',*,*,#1533,.F.);
#1124=ORIENTED_EDGE('',*,*,#1596,.T.);
#1125=ORIENTED_EDGE('',*,*,#1570,.F.);
#1126=ORIENTED_EDGE('',*,*,#1597,.F.);
#1127=ORIENTED_EDGE('',*,*,#1598,.F.);
#1128=ORIENTED_EDGE('',*,*,#1581,.F.);
#1129=ORIENTED_EDGE('',*,*,#1599,.T.);
#1130=ORIENTED_EDGE('',*,*,#1505,.F.);
#1131=ORIENTED_EDGE('',*,*,#1598,.T.);
#1132=ORIENTED_EDGE('',*,*,#1556,.F.);
#1133=ORIENTED_EDGE('',*,*,#1600,.F.);
#1134=ORIENTED_EDGE('',*,*,#1601,.F.);
#1135=ORIENTED_EDGE('',*,*,#1507,.F.);
#1136=ORIENTED_EDGE('',*,*,#1602,.F.);
#1137=ORIENTED_EDGE('',*,*,#1565,.F.);
#1138=ORIENTED_EDGE('',*,*,#1602,.T.);
#1139=ORIENTED_EDGE('',*,*,#1506,.F.);
#1140=ORIENTED_EDGE('',*,*,#1603,.F.);
#1141=ORIENTED_EDGE('',*,*,#1561,.F.);
#1142=ORIENTED_EDGE('',*,*,#1603,.T.);
#1143=ORIENTED_EDGE('',*,*,#1599,.F.);
#1144=ORIENTED_EDGE('',*,*,#1604,.F.);
#1145=ORIENTED_EDGE('',*,*,#1604,.T.);
#1146=ORIENTED_EDGE('',*,*,#1580,.F.);
#1147=ORIENTED_EDGE('',*,*,#1605,.F.);
#1148=ORIENTED_EDGE('',*,*,#1562,.F.);
#1149=ORIENTED_EDGE('',*,*,#1579,.F.);
#1150=ORIENTED_EDGE('',*,*,#1606,.T.);
#1151=ORIENTED_EDGE('',*,*,#1607,.F.);
#1152=ORIENTED_EDGE('',*,*,#1591,.F.);
#1153=ORIENTED_EDGE('',*,*,#1563,.F.);
#1154=ORIENTED_EDGE('',*,*,#1605,.T.);
#1155=ORIENTED_EDGE('',*,*,#1516,.F.);
#1156=ORIENTED_EDGE('',*,*,#1608,.T.);
#1157=ORIENTED_EDGE('',*,*,#1609,.T.);
#1158=ORIENTED_EDGE('',*,*,#1610,.T.);
#1159=ORIENTED_EDGE('',*,*,#1611,.T.);
#1160=ORIENTED_EDGE('',*,*,#1546,.T.);
#1161=ORIENTED_EDGE('',*,*,#1612,.T.);
#1162=ORIENTED_EDGE('',*,*,#1613,.T.);
#1163=ORIENTED_EDGE('',*,*,#1614,.T.);
#1164=ORIENTED_EDGE('',*,*,#1522,.F.);
#1165=ORIENTED_EDGE('',*,*,#1615,.T.);
#1166=ORIENTED_EDGE('',*,*,#1612,.F.);
#1167=ORIENTED_EDGE('',*,*,#1545,.T.);
#1168=ORIENTED_EDGE('',*,*,#1542,.F.);
#1169=ORIENTED_EDGE('',*,*,#1552,.T.);
#1170=ORIENTED_EDGE('',*,*,#1613,.F.);
#1171=ORIENTED_EDGE('',*,*,#1615,.F.);
#1172=ORIENTED_EDGE('',*,*,#1529,.F.);
#1173=ORIENTED_EDGE('',*,*,#1616,.F.);
#1174=ORIENTED_EDGE('',*,*,#1617,.T.);
#1175=ORIENTED_EDGE('',*,*,#1600,.T.);
#1176=ORIENTED_EDGE('',*,*,#1555,.F.);
#1177=ORIENTED_EDGE('',*,*,#1559,.F.);
#1178=ORIENTED_EDGE('',*,*,#1592,.F.);
#1179=ORIENTED_EDGE('',*,*,#1607,.T.);
#1180=ORIENTED_EDGE('',*,*,#1618,.T.);
#1181=ORIENTED_EDGE('',*,*,#1619,.F.);
#1182=ORIENTED_EDGE('',*,*,#1620,.F.);
#1183=ORIENTED_EDGE('',*,*,#1608,.F.);
#1184=ORIENTED_EDGE('',*,*,#1515,.F.);
#1185=ORIENTED_EDGE('',*,*,#1531,.F.);
#1186=ORIENTED_EDGE('',*,*,#1504,.F.);
#1187=ORIENTED_EDGE('',*,*,#1511,.F.);
#1188=ORIENTED_EDGE('',*,*,#1621,.T.);
#1189=ORIENTED_EDGE('',*,*,#1619,.T.);
#1190=ORIENTED_EDGE('',*,*,#1621,.F.);
#1191=ORIENTED_EDGE('',*,*,#1622,.F.);
#1192=ORIENTED_EDGE('',*,*,#1620,.T.);
#1193=ORIENTED_EDGE('',*,*,#1609,.F.);
#1194=ORIENTED_EDGE('',*,*,#1622,.T.);
#1195=ORIENTED_EDGE('',*,*,#1510,.F.);
#1196=ORIENTED_EDGE('',*,*,#1623,.T.);
#1197=ORIENTED_EDGE('',*,*,#1528,.F.);
#1198=ORIENTED_EDGE('',*,*,#1590,.T.);
#1199=ORIENTED_EDGE('',*,*,#1587,.F.);
#1200=ORIENTED_EDGE('',*,*,#1547,.T.);
#1201=ORIENTED_EDGE('',*,*,#1614,.F.);
#1202=ORIENTED_EDGE('',*,*,#1616,.T.);
#1203=ORIENTED_EDGE('',*,*,#1624,.F.);
#1204=ORIENTED_EDGE('',*,*,#1584,.F.);
#1205=ORIENTED_EDGE('',*,*,#1517,.F.);
#1206=ORIENTED_EDGE('',*,*,#1611,.F.);
#1207=ORIENTED_EDGE('',*,*,#1625,.F.);
#1208=ORIENTED_EDGE('',*,*,#1572,.F.);
#1209=ORIENTED_EDGE('',*,*,#1624,.T.);
#1210=ORIENTED_EDGE('',*,*,#1626,.F.);
#1211=ORIENTED_EDGE('',*,*,#1575,.F.);
#1212=ORIENTED_EDGE('',*,*,#1626,.T.);
#1213=ORIENTED_EDGE('',*,*,#1625,.T.);
#1214=ORIENTED_EDGE('',*,*,#1627,.F.);
#1215=ORIENTED_EDGE('',*,*,#1576,.F.);
#1216=ORIENTED_EDGE('',*,*,#1627,.T.);
#1217=ORIENTED_EDGE('',*,*,#1610,.F.);
#1218=ORIENTED_EDGE('',*,*,#1628,.T.);
#1219=ORIENTED_EDGE('',*,*,#1623,.F.);
#1220=ORIENTED_EDGE('',*,*,#1629,.F.);
#1221=ORIENTED_EDGE('',*,*,#1628,.F.);
#1222=ORIENTED_EDGE('',*,*,#1577,.F.);
#1223=ORIENTED_EDGE('',*,*,#1629,.T.);
#1224=ORIENTED_EDGE('',*,*,#1509,.F.);
#1225=ORIENTED_EDGE('',*,*,#1630,.T.);
#1226=ORIENTED_EDGE('',*,*,#1601,.T.);
#1227=ORIENTED_EDGE('',*,*,#1617,.F.);
#1228=ORIENTED_EDGE('',*,*,#1631,.F.);
#1229=ORIENTED_EDGE('',*,*,#1508,.F.);
#1230=ORIENTED_EDGE('',*,*,#1631,.T.);
#1231=ORIENTED_EDGE('',*,*,#1632,.F.);
#1232=ORIENTED_EDGE('',*,*,#1630,.F.);
#1233=ORIENTED_EDGE('',*,*,#1632,.T.);
#1234=ORIENTED_EDGE('',*,*,#1618,.F.);
#1235=ORIENTED_EDGE('',*,*,#1606,.F.);
#1236=ORIENTED_EDGE('',*,*,#1578,.F.);
#1237=EDGE_CURVE('',#1633,#1634,#1873,.T.);
#1238=EDGE_CURVE('',#1633,#1635,#355,.T.);
#1239=EDGE_CURVE('',#1635,#1636,#1874,.T.);
#1240=EDGE_CURVE('',#1636,#1634,#356,.F.);
#1241=EDGE_CURVE('',#1637,#1638,#1875,.T.);
#1242=EDGE_CURVE('',#1638,#1639,#1876,.T.);
#1243=EDGE_CURVE('',#1639,#1640,#1877,.T.);
#1244=EDGE_CURVE('',#1640,#1641,#1878,.F.);
#1245=EDGE_CURVE('',#1641,#1642,#1879,.F.);
#1246=EDGE_CURVE('',#1642,#1643,#247,.F.);
#1247=EDGE_CURVE('',#1643,#1636,#175,.F.);
#1248=EDGE_CURVE('',#1635,#1644,#176,.T.);
#1249=EDGE_CURVE('',#1644,#1637,#248,.T.);
#1250=EDGE_CURVE('',#1645,#1646,#1880,.T.);
#1251=EDGE_CURVE('',#1646,#1647,#177,.F.);
#1252=EDGE_CURVE('',#1647,#1648,#1881,.F.);
#1253=EDGE_CURVE('',#1648,#1649,#178,.T.);
#1254=EDGE_CURVE('',#1649,#1650,#1882,.F.);
#1255=EDGE_CURVE('',#1650,#1651,#179,.F.);
#1256=EDGE_CURVE('',#1651,#1652,#1883,.T.);
#1257=EDGE_CURVE('',#1652,#1645,#180,.T.);
#1258=EDGE_CURVE('',#1653,#1654,#357,.F.);
#1259=EDGE_CURVE('',#1654,#1655,#1884,.T.);
#1260=EDGE_CURVE('',#1655,#1656,#358,.T.);
#1261=EDGE_CURVE('',#1656,#1657,#1885,.T.);
#1262=EDGE_CURVE('',#1657,#1658,#359,.F.);
#1263=EDGE_CURVE('',#1658,#1659,#1886,.F.);
#1264=EDGE_CURVE('',#1659,#1660,#360,.T.);
#1265=EDGE_CURVE('',#1660,#1653,#1887,.F.);
#1266=EDGE_CURVE('',#1645,#1633,#249,.T.);
#1267=EDGE_CURVE('',#1634,#1646,#250,.F.);
#1268=EDGE_CURVE('',#1651,#1661,#251,.T.);
#1269=EDGE_CURVE('',#1661,#1662,#252,.T.);
#1270=EDGE_CURVE('',#1662,#1663,#253,.F.);
#1271=EDGE_CURVE('',#1663,#1652,#254,.F.);
#1272=EDGE_CURVE('',#1664,#1665,#1888,.T.);
#1273=EDGE_CURVE('',#1665,#1666,#1889,.F.);
#1274=EDGE_CURVE('',#1666,#1667,#1890,.T.);
#1275=EDGE_CURVE('',#1667,#1664,#1891,.T.);
#1276=EDGE_CURVE('',#1668,#1669,#1892,.F.);
#1277=EDGE_CURVE('',#1669,#1670,#1893,.T.);
#1278=EDGE_CURVE('',#1670,#1671,#1894,.T.);
#1279=EDGE_CURVE('',#1671,#1668,#1895,.T.);
#1280=EDGE_CURVE('',#1668,#1664,#361,.F.);
#1281=EDGE_CURVE('',#1672,#1671,#362,.T.);
#1282=EDGE_CURVE('',#1673,#1672,#1896,.F.);
#1283=EDGE_CURVE('',#1674,#1673,#363,.F.);
#1284=EDGE_CURVE('',#1675,#1674,#1897,.F.);
#1285=EDGE_CURVE('',#1665,#1675,#364,.T.);
#1286=EDGE_CURVE('',#1655,#1669,#139,.T.);
#1287=EDGE_CURVE('',#1667,#1656,#140,.T.);
#1288=EDGE_CURVE('',#1670,#1654,#141,.F.);
#1289=EDGE_CURVE('',#1657,#1666,#142,.F.);
#1290=EDGE_CURVE('',#1676,#1677,#1898,.T.);
#1291=EDGE_CURVE('',#1677,#1678,#1899,.F.);
#1292=EDGE_CURVE('',#1678,#1679,#1900,.F.);
#1293=EDGE_CURVE('',#1679,#1676,#1901,.T.);
#1294=EDGE_CURVE('',#1680,#1681,#1902,.F.);
#1295=EDGE_CURVE('',#1680,#1677,#365,.F.);
#1296=EDGE_CURVE('',#1676,#1681,#366,.T.);
#1297=EDGE_CURVE('',#1682,#1683,#1903,.F.);
#1298=EDGE_CURVE('',#1683,#1684,#1904,.F.);
#1299=EDGE_CURVE('',#1684,#1685,#367,.T.);
#1300=EDGE_CURVE('',#1681,#1685,#1905,.F.);
#1301=EDGE_CURVE('',#1679,#1682,#368,.T.);
#1302=EDGE_CURVE('',#1633,#1686,#181,.T.);
#1303=EDGE_CURVE('',#1686,#1663,#182,.T.);
#1304=EDGE_CURVE('',#1644,#1686,#369,.T.);
#1305=EDGE_CURVE('',#1644,#1663,#183,.F.);
#1306=EDGE_CURVE('',#1662,#1637,#184,.T.);
#1307=EDGE_CURVE('',#1687,#1688,#1906,.F.);
#1308=EDGE_CURVE('',#1687,#1689,#370,.T.);
#1309=EDGE_CURVE('',#1689,#1690,#1907,.F.);
#1310=EDGE_CURVE('',#1690,#1688,#371,.F.);
#1311=EDGE_CURVE('',#1689,#1691,#185,.T.);
#1312=EDGE_CURVE('',#1691,#1692,#255,.T.);
#1313=EDGE_CURVE('',#1692,#1693,#1908,.T.);
#1314=EDGE_CURVE('',#1693,#1694,#1909,.F.);
#1315=EDGE_CURVE('',#1694,#1695,#1910,.T.);
#1316=EDGE_CURVE('',#1695,#1696,#1911,.T.);
#1317=EDGE_CURVE('',#1696,#1697,#1912,.F.);
#1318=EDGE_CURVE('',#1697,#1698,#256,.F.);
#1319=EDGE_CURVE('',#1698,#1690,#186,.F.);
#1320=EDGE_CURVE('',#1649,#1687,#257,.T.);
#1321=EDGE_CURVE('',#1688,#1650,#258,.F.);
#1322=EDGE_CURVE('',#1699,#1675,#1913,.T.);
#1323=EDGE_CURVE('',#1674,#1700,#1914,.F.);
#1324=EDGE_CURVE('',#1700,#1699,#1915,.F.);
#1325=EDGE_CURVE('',#1699,#1658,#143,.F.);
#1326=EDGE_CURVE('',#1659,#1700,#144,.T.);
#1327=EDGE_CURVE('',#1685,#1701,#1916,.F.);
#1328=EDGE_CURVE('',#1701,#1680,#1917,.T.);
#1329=EDGE_CURVE('',#1702,#1688,#187,.F.);
#1330=EDGE_CURVE('',#1661,#1702,#188,.F.);
#1331=EDGE_CURVE('',#1698,#1702,#372,.T.);
#1332=EDGE_CURVE('',#1661,#1698,#189,.T.);
#1333=EDGE_CURVE('',#1697,#1662,#190,.T.);
#1334=EDGE_CURVE('',#1637,#1697,#373,.T.);
#1335=EDGE_CURVE('',#1696,#1638,#374,.F.);
#1336=EDGE_CURVE('',#1703,#1678,#375,.F.);
#1337=EDGE_CURVE('',#1640,#1703,#145,.T.);
#1338=EDGE_CURVE('',#1682,#1639,#146,.F.);
#1339=EDGE_CURVE('',#1683,#1638,#376,.T.);
#1340=EDGE_CURVE('',#1683,#1696,#377,.T.);
#1341=EDGE_CURVE('',#1684,#1695,#147,.T.);
#1342=EDGE_CURVE('',#1694,#1704,#148,.F.);
#1343=EDGE_CURVE('',#1701,#1704,#378,.F.);
#1344=EDGE_CURVE('',#1647,#1705,#259,.T.);
#1345=EDGE_CURVE('',#1705,#1706,#260,.T.);
#1346=EDGE_CURVE('',#1706,#1707,#261,.F.);
#1347=EDGE_CURVE('',#1707,#1648,#262,.F.);
#1348=EDGE_CURVE('',#1672,#1708,#1918,.F.);
#1349=EDGE_CURVE('',#1708,#1709,#1919,.F.);
#1350=EDGE_CURVE('',#1709,#1673,#1920,.T.);
#1351=EDGE_CURVE('',#1653,#1708,#149,.F.);
#1352=EDGE_CURVE('',#1709,#1660,#150,.T.);
#1353=EDGE_CURVE('',#1710,#1703,#1921,.T.);
#1354=EDGE_CURVE('',#1704,#1710,#1922,.T.);
#1355=EDGE_CURVE('',#1711,#1634,#191,.F.);
#1356=EDGE_CURVE('',#1705,#1711,#192,.F.);
#1357=EDGE_CURVE('',#1643,#1711,#379,.T.);
#1358=EDGE_CURVE('',#1705,#1643,#193,.T.);
#1359=EDGE_CURVE('',#1642,#1706,#194,.F.);
#1360=EDGE_CURVE('',#1687,#1712,#195,.T.);
#1361=EDGE_CURVE('',#1712,#1707,#196,.T.);
#1362=EDGE_CURVE('',#1691,#1712,#380,.T.);
#1363=EDGE_CURVE('',#1691,#1707,#197,.F.);
#1364=EDGE_CURVE('',#1706,#1692,#198,.F.);
#1365=EDGE_CURVE('',#1692,#1642,#381,.F.);
#1366=EDGE_CURVE('',#1641,#1693,#382,.T.);
#1367=EDGE_CURVE('',#1641,#1710,#383,.F.);
#1368=EDGE_CURVE('',#1693,#1710,#384,.F.);
#1369=EDGE_CURVE('',#1713,#1714,#1923,.T.);
#1370=EDGE_CURVE('',#1713,#1715,#385,.T.);
#1371=EDGE_CURVE('',#1715,#1716,#1924,.T.);
#1372=EDGE_CURVE('',#1716,#1714,#386,.F.);
#1373=EDGE_CURVE('',#1717,#1718,#1925,.T.);
#1374=EDGE_CURVE('',#1718,#1719,#1926,.T.);
#1375=EDGE_CURVE('',#1719,#1720,#1927,.T.);
#1376=EDGE_CURVE('',#1720,#1721,#1928,.F.);
#1377=EDGE_CURVE('',#1721,#1722,#1929,.F.);
#1378=EDGE_CURVE('',#1722,#1723,#263,.F.);
#1379=EDGE_CURVE('',#1723,#1716,#199,.F.);
#1380=EDGE_CURVE('',#1715,#1724,#200,.T.);
#1381=EDGE_CURVE('',#1724,#1717,#264,.T.);
#1382=EDGE_CURVE('',#1725,#1726,#1930,.T.);
#1383=EDGE_CURVE('',#1726,#1727,#201,.F.);
#1384=EDGE_CURVE('',#1727,#1728,#1931,.F.);
#1385=EDGE_CURVE('',#1728,#1729,#202,.T.);
#1386=EDGE_CURVE('',#1729,#1730,#1932,.F.);
#1387=EDGE_CURVE('',#1730,#1731,#203,.F.);
#1388=EDGE_CURVE('',#1731,#1732,#1933,.T.);
#1389=EDGE_CURVE('',#1732,#1725,#204,.T.);
#1390=EDGE_CURVE('',#1733,#1734,#387,.F.);
#1391=EDGE_CURVE('',#1734,#1735,#1934,.T.);
#1392=EDGE_CURVE('',#1735,#1736,#388,.T.);
#1393=EDGE_CURVE('',#1736,#1737,#1935,.T.);
#1394=EDGE_CURVE('',#1737,#1738,#389,.F.);
#1395=EDGE_CURVE('',#1738,#1739,#1936,.F.);
#1396=EDGE_CURVE('',#1739,#1740,#390,.T.);
#1397=EDGE_CURVE('',#1740,#1733,#1937,.F.);
#1398=EDGE_CURVE('',#1725,#1713,#265,.T.);
#1399=EDGE_CURVE('',#1714,#1726,#266,.F.);
#1400=EDGE_CURVE('',#1731,#1741,#267,.T.);
#1401=EDGE_CURVE('',#1741,#1742,#268,.T.);
#1402=EDGE_CURVE('',#1742,#1743,#269,.F.);
#1403=EDGE_CURVE('',#1743,#1732,#270,.F.);
#1404=EDGE_CURVE('',#1744,#1745,#1938,.T.);
#1405=EDGE_CURVE('',#1745,#1746,#1939,.F.);
#1406=EDGE_CURVE('',#1746,#1747,#1940,.T.);
#1407=EDGE_CURVE('',#1747,#1744,#1941,.T.);
#1408=EDGE_CURVE('',#1748,#1749,#1942,.F.);
#1409=EDGE_CURVE('',#1749,#1750,#1943,.T.);
#1410=EDGE_CURVE('',#1750,#1751,#1944,.T.);
#1411=EDGE_CURVE('',#1751,#1748,#1945,.T.);
#1412=EDGE_CURVE('',#1748,#1744,#391,.F.);
#1413=EDGE_CURVE('',#1752,#1751,#392,.T.);
#1414=EDGE_CURVE('',#1753,#1752,#1946,.F.);
#1415=EDGE_CURVE('',#1754,#1753,#393,.F.);
#1416=EDGE_CURVE('',#1755,#1754,#1947,.F.);
#1417=EDGE_CURVE('',#1745,#1755,#394,.T.);
#1418=EDGE_CURVE('',#1735,#1749,#151,.T.);
#1419=EDGE_CURVE('',#1747,#1736,#152,.T.);
#1420=EDGE_CURVE('',#1750,#1734,#153,.F.);
#1421=EDGE_CURVE('',#1737,#1746,#154,.F.);
#1422=EDGE_CURVE('',#1756,#1757,#1948,.T.);
#1423=EDGE_CURVE('',#1757,#1758,#1949,.F.);
#1424=EDGE_CURVE('',#1758,#1759,#1950,.F.);
#1425=EDGE_CURVE('',#1759,#1756,#1951,.T.);
#1426=EDGE_CURVE('',#1760,#1761,#1952,.F.);
#1427=EDGE_CURVE('',#1760,#1757,#395,.F.);
#1428=EDGE_CURVE('',#1756,#1761,#396,.T.);
#1429=EDGE_CURVE('',#1762,#1763,#1953,.F.);
#1430=EDGE_CURVE('',#1763,#1764,#1954,.F.);
#1431=EDGE_CURVE('',#1764,#1765,#397,.T.);
#1432=EDGE_CURVE('',#1761,#1765,#1955,.F.);
#1433=EDGE_CURVE('',#1759,#1762,#398,.T.);
#1434=EDGE_CURVE('',#1713,#1766,#205,.T.);
#1435=EDGE_CURVE('',#1766,#1743,#206,.T.);
#1436=EDGE_CURVE('',#1724,#1766,#399,.T.);
#1437=EDGE_CURVE('',#1724,#1743,#207,.F.);
#1438=EDGE_CURVE('',#1742,#1717,#208,.T.);
#1439=EDGE_CURVE('',#1767,#1768,#1956,.F.);
#1440=EDGE_CURVE('',#1767,#1769,#400,.T.);
#1441=EDGE_CURVE('',#1769,#1770,#1957,.F.);
#1442=EDGE_CURVE('',#1770,#1768,#401,.F.);
#1443=EDGE_CURVE('',#1769,#1771,#209,.T.);
#1444=EDGE_CURVE('',#1771,#1772,#271,.T.);
#1445=EDGE_CURVE('',#1772,#1773,#1958,.T.);
#1446=EDGE_CURVE('',#1773,#1774,#1959,.F.);
#1447=EDGE_CURVE('',#1774,#1775,#1960,.T.);
#1448=EDGE_CURVE('',#1775,#1776,#1961,.T.);
#1449=EDGE_CURVE('',#1776,#1777,#1962,.F.);
#1450=EDGE_CURVE('',#1777,#1778,#272,.F.);
#1451=EDGE_CURVE('',#1778,#1770,#210,.F.);
#1452=EDGE_CURVE('',#1729,#1767,#273,.T.);
#1453=EDGE_CURVE('',#1768,#1730,#274,.F.);
#1454=EDGE_CURVE('',#1779,#1755,#1963,.T.);
#1455=EDGE_CURVE('',#1754,#1780,#1964,.F.);
#1456=EDGE_CURVE('',#1780,#1779,#1965,.F.);
#1457=EDGE_CURVE('',#1779,#1738,#155,.F.);
#1458=EDGE_CURVE('',#1739,#1780,#156,.T.);
#1459=EDGE_CURVE('',#1765,#1781,#1966,.F.);
#1460=EDGE_CURVE('',#1781,#1760,#1967,.T.);
#1461=EDGE_CURVE('',#1782,#1768,#211,.F.);
#1462=EDGE_CURVE('',#1741,#1782,#212,.F.);
#1463=EDGE_CURVE('',#1778,#1782,#402,.T.);
#1464=EDGE_CURVE('',#1741,#1778,#213,.T.);
#1465=EDGE_CURVE('',#1777,#1742,#214,.T.);
#1466=EDGE_CURVE('',#1717,#1777,#403,.T.);
#1467=EDGE_CURVE('',#1776,#1718,#404,.F.);
#1468=EDGE_CURVE('',#1783,#1758,#405,.F.);
#1469=EDGE_CURVE('',#1720,#1783,#157,.T.);
#1470=EDGE_CURVE('',#1762,#1719,#158,.F.);
#1471=EDGE_CURVE('',#1763,#1718,#406,.T.);
#1472=EDGE_CURVE('',#1763,#1776,#407,.T.);
#1473=EDGE_CURVE('',#1764,#1775,#159,.T.);
#1474=EDGE_CURVE('',#1774,#1784,#160,.F.);
#1475=EDGE_CURVE('',#1781,#1784,#408,.F.);
#1476=EDGE_CURVE('',#1727,#1785,#275,.T.);
#1477=EDGE_CURVE('',#1785,#1786,#276,.T.);
#1478=EDGE_CURVE('',#1786,#1787,#277,.F.);
#1479=EDGE_CURVE('',#1787,#1728,#278,.F.);
#1480=EDGE_CURVE('',#1752,#1788,#1968,.F.);
#1481=EDGE_CURVE('',#1788,#1789,#1969,.F.);
#1482=EDGE_CURVE('',#1789,#1753,#1970,.T.);
#1483=EDGE_CURVE('',#1733,#1788,#161,.F.);
#1484=EDGE_CURVE('',#1789,#1740,#162,.T.);
#1485=EDGE_CURVE('',#1790,#1783,#1971,.T.);
#1486=EDGE_CURVE('',#1784,#1790,#1972,.T.);
#1487=EDGE_CURVE('',#1791,#1714,#215,.F.);
#1488=EDGE_CURVE('',#1785,#1791,#216,.F.);
#1489=EDGE_CURVE('',#1723,#1791,#409,.T.);
#1490=EDGE_CURVE('',#1785,#1723,#217,.T.);
#1491=EDGE_CURVE('',#1722,#1786,#218,.F.);
#1492=EDGE_CURVE('',#1767,#1792,#219,.T.);
#1493=EDGE_CURVE('',#1792,#1787,#220,.T.);
#1494=EDGE_CURVE('',#1771,#1792,#410,.T.);
#1495=EDGE_CURVE('',#1771,#1787,#221,.F.);
#1496=EDGE_CURVE('',#1786,#1772,#222,.F.);
#1497=EDGE_CURVE('',#1772,#1722,#411,.F.);
#1498=EDGE_CURVE('',#1721,#1773,#412,.T.);
#1499=EDGE_CURVE('',#1721,#1790,#413,.F.);
#1500=EDGE_CURVE('',#1773,#1790,#414,.F.);
#1501=EDGE_CURVE('',#1793,#1794,#1973,.T.);
#1502=EDGE_CURVE('',#1793,#1795,#415,.T.);
#1503=EDGE_CURVE('',#1795,#1796,#1974,.T.);
#1504=EDGE_CURVE('',#1796,#1794,#416,.F.);
#1505=EDGE_CURVE('',#1797,#1798,#1975,.T.);
#1506=EDGE_CURVE('',#1798,#1799,#1976,.T.);
#1507=EDGE_CURVE('',#1799,#1800,#1977,.T.);
#1508=EDGE_CURVE('',#1800,#1801,#1978,.F.);
#1509=EDGE_CURVE('',#1801,#1802,#1979,.F.);
#1510=EDGE_CURVE('',#1802,#1803,#279,.F.);
#1511=EDGE_CURVE('',#1803,#1796,#223,.F.);
#1512=EDGE_CURVE('',#1795,#1804,#224,.T.);
#1513=EDGE_CURVE('',#1804,#1797,#280,.T.);
#1514=EDGE_CURVE('',#1805,#1806,#1980,.T.);
#1515=EDGE_CURVE('',#1806,#1807,#225,.F.);
#1516=EDGE_CURVE('',#1807,#1808,#1981,.F.);
#1517=EDGE_CURVE('',#1808,#1809,#226,.T.);
#1518=EDGE_CURVE('',#1809,#1810,#1982,.F.);
#1519=EDGE_CURVE('',#1810,#1811,#227,.F.);
#1520=EDGE_CURVE('',#1811,#1812,#1983,.T.);
#1521=EDGE_CURVE('',#1812,#1805,#228,.T.);
#1522=EDGE_CURVE('',#1813,#1814,#417,.F.);
#1523=EDGE_CURVE('',#1814,#1815,#1984,.T.);
#1524=EDGE_CURVE('',#1815,#1816,#418,.T.);
#1525=EDGE_CURVE('',#1816,#1817,#1985,.T.);
#1526=EDGE_CURVE('',#1817,#1818,#419,.F.);
#1527=EDGE_CURVE('',#1818,#1819,#1986,.F.);
#1528=EDGE_CURVE('',#1819,#1820,#420,.T.);
#1529=EDGE_CURVE('',#1820,#1813,#1987,.F.);
#1530=EDGE_CURVE('',#1805,#1793,#281,.T.);
#1531=EDGE_CURVE('',#1794,#1806,#282,.F.);
#1532=EDGE_CURVE('',#1811,#1821,#283,.T.);
#1533=EDGE_CURVE('',#1821,#1822,#284,.T.);
#1534=EDGE_CURVE('',#1822,#1823,#285,.F.);
#1535=EDGE_CURVE('',#1823,#1812,#286,.F.);
#1536=EDGE_CURVE('',#1824,#1825,#1988,.T.);
#1537=EDGE_CURVE('',#1825,#1826,#1989,.F.);
#1538=EDGE_CURVE('',#1826,#1827,#1990,.T.);
#1539=EDGE_CURVE('',#1827,#1824,#1991,.T.);
#1540=EDGE_CURVE('',#1828,#1829,#1992,.F.);
#1541=EDGE_CURVE('',#1829,#1830,#1993,.T.);
#1542=EDGE_CURVE('',#1830,#1831,#1994,.T.);
#1543=EDGE_CURVE('',#1831,#1828,#1995,.T.);
#1544=EDGE_CURVE('',#1828,#1824,#421,.F.);
#1545=EDGE_CURVE('',#1832,#1831,#422,.T.);
#1546=EDGE_CURVE('',#1833,#1832,#1996,.F.);
#1547=EDGE_CURVE('',#1834,#1833,#423,.F.);
#1548=EDGE_CURVE('',#1835,#1834,#1997,.F.);
#1549=EDGE_CURVE('',#1825,#1835,#424,.T.);
#1550=EDGE_CURVE('',#1815,#1829,#163,.T.);
#1551=EDGE_CURVE('',#1827,#1816,#164,.T.);
#1552=EDGE_CURVE('',#1830,#1814,#165,.F.);
#1553=EDGE_CURVE('',#1817,#1826,#166,.F.);
#1554=EDGE_CURVE('',#1836,#1837,#1998,.T.);
#1555=EDGE_CURVE('',#1837,#1838,#1999,.F.);
#1556=EDGE_CURVE('',#1838,#1839,#2000,.F.);
#1557=EDGE_CURVE('',#1839,#1836,#2001,.T.);
#1558=EDGE_CURVE('',#1840,#1841,#2002,.F.);
#1559=EDGE_CURVE('',#1840,#1837,#425,.F.);
#1560=EDGE_CURVE('',#1836,#1841,#426,.T.);
#1561=EDGE_CURVE('',#1842,#1843,#2003,.F.);
#1562=EDGE_CURVE('',#1843,#1844,#2004,.F.);
#1563=EDGE_CURVE('',#1844,#1845,#427,.T.);
#1564=EDGE_CURVE('',#1841,#1845,#2005,.F.);
#1565=EDGE_CURVE('',#1839,#1842,#428,.T.);
#1566=EDGE_CURVE('',#1793,#1846,#229,.T.);
#1567=EDGE_CURVE('',#1846,#1823,#230,.T.);
#1568=EDGE_CURVE('',#1804,#1846,#429,.T.);
#1569=EDGE_CURVE('',#1804,#1823,#231,.F.);
#1570=EDGE_CURVE('',#1822,#1797,#232,.T.);
#1571=EDGE_CURVE('',#1847,#1848,#2006,.F.);
#1572=EDGE_CURVE('',#1847,#1849,#430,.T.);
#1573=EDGE_CURVE('',#1849,#1850,#2007,.F.);
#1574=EDGE_CURVE('',#1850,#1848,#431,.F.);
#1575=EDGE_CURVE('',#1849,#1851,#233,.T.);
#1576=EDGE_CURVE('',#1851,#1852,#287,.T.);
#1577=EDGE_CURVE('',#1852,#1853,#2008,.T.);
#1578=EDGE_CURVE('',#1853,#1854,#2009,.F.);
#1579=EDGE_CURVE('',#1854,#1855,#2010,.T.);
#1580=EDGE_CURVE('',#1855,#1856,#2011,.T.);
#1581=EDGE_CURVE('',#1856,#1857,#2012,.F.);
#1582=EDGE_CURVE('',#1857,#1858,#288,.F.);
#1583=EDGE_CURVE('',#1858,#1850,#234,.F.);
#1584=EDGE_CURVE('',#1809,#1847,#289,.T.);
#1585=EDGE_CURVE('',#1848,#1810,#290,.F.);
#1586=EDGE_CURVE('',#1859,#1835,#2013,.T.);
#1587=EDGE_CURVE('',#1834,#1860,#2014,.F.);
#1588=EDGE_CURVE('',#1860,#1859,#2015,.F.);
#1589=EDGE_CURVE('',#1859,#1818,#167,.F.);
#1590=EDGE_CURVE('',#1819,#1860,#168,.T.);
#1591=EDGE_CURVE('',#1845,#1861,#2016,.F.);
#1592=EDGE_CURVE('',#1861,#1840,#2017,.T.);
#1593=EDGE_CURVE('',#1862,#1848,#235,.F.);
#1594=EDGE_CURVE('',#1821,#1862,#236,.F.);
#1595=EDGE_CURVE('',#1858,#1862,#432,.T.);
#1596=EDGE_CURVE('',#1821,#1858,#237,.T.);
#1597=EDGE_CURVE('',#1857,#1822,#238,.T.);
#1598=EDGE_CURVE('',#1797,#1857,#433,.T.);
#1599=EDGE_CURVE('',#1856,#1798,#434,.F.);
#1600=EDGE_CURVE('',#1863,#1838,#435,.F.);
#1601=EDGE_CURVE('',#1800,#1863,#169,.T.);
#1602=EDGE_CURVE('',#1842,#1799,#170,.F.);
#1603=EDGE_CURVE('',#1843,#1798,#436,.T.);
#1604=EDGE_CURVE('',#1843,#1856,#437,.T.);
#1605=EDGE_CURVE('',#1844,#1855,#171,.T.);
#1606=EDGE_CURVE('',#1854,#1864,#172,.F.);
#1607=EDGE_CURVE('',#1861,#1864,#438,.F.);
#1608=EDGE_CURVE('',#1807,#1865,#291,.T.);
#1609=EDGE_CURVE('',#1865,#1866,#292,.T.);
#1610=EDGE_CURVE('',#1866,#1867,#293,.F.);
#1611=EDGE_CURVE('',#1867,#1808,#294,.F.);
#1612=EDGE_CURVE('',#1832,#1868,#2018,.F.);
#1613=EDGE_CURVE('',#1868,#1869,#2019,.F.);
#1614=EDGE_CURVE('',#1869,#1833,#2020,.T.);
#1615=EDGE_CURVE('',#1813,#1868,#173,.F.);
#1616=EDGE_CURVE('',#1869,#1820,#174,.T.);
#1617=EDGE_CURVE('',#1870,#1863,#2021,.T.);
#1618=EDGE_CURVE('',#1864,#1870,#2022,.T.);
#1619=EDGE_CURVE('',#1871,#1794,#239,.F.);
#1620=EDGE_CURVE('',#1865,#1871,#240,.F.);
#1621=EDGE_CURVE('',#1803,#1871,#439,.T.);
#1622=EDGE_CURVE('',#1865,#1803,#241,.T.);
#1623=EDGE_CURVE('',#1802,#1866,#242,.F.);
#1624=EDGE_CURVE('',#1847,#1872,#243,.T.);
#1625=EDGE_CURVE('',#1872,#1867,#244,.T.);
#1626=EDGE_CURVE('',#1851,#1872,#440,.T.);
#1627=EDGE_CURVE('',#1851,#1867,#245,.F.);
#1628=EDGE_CURVE('',#1866,#1852,#246,.F.);
#1629=EDGE_CURVE('',#1852,#1802,#441,.F.);
#1630=EDGE_CURVE('',#1801,#1853,#442,.T.);
#1631=EDGE_CURVE('',#1801,#1870,#443,.F.);
#1632=EDGE_CURVE('',#1853,#1870,#444,.F.);
#1633=VERTEX_POINT('',#3664);
#1634=VERTEX_POINT('',#3665);
#1635=VERTEX_POINT('',#3667);
#1636=VERTEX_POINT('',#3669);
#1637=VERTEX_POINT('',#3673);
#1638=VERTEX_POINT('',#3674);
#1639=VERTEX_POINT('',#3676);
#1640=VERTEX_POINT('',#3678);
#1641=VERTEX_POINT('',#3680);
#1642=VERTEX_POINT('',#3682);
#1643=VERTEX_POINT('',#3699);
#1644=VERTEX_POINT('',#3708);
#1645=VERTEX_POINT('',#3727);
#1646=VERTEX_POINT('',#3728);
#1647=VERTEX_POINT('',#3734);
#1648=VERTEX_POINT('',#3736);
#1649=VERTEX_POINT('',#3742);
#1650=VERTEX_POINT('',#3744);
#1651=VERTEX_POINT('',#3750);
#1652=VERTEX_POINT('',#3752);
#1653=VERTEX_POINT('',#3759);
#1654=VERTEX_POINT('',#3760);
#1655=VERTEX_POINT('',#3762);
#1656=VERTEX_POINT('',#3764);
#1657=VERTEX_POINT('',#3766);
#1658=VERTEX_POINT('',#3768);
#1659=VERTEX_POINT('',#3770);
#1660=VERTEX_POINT('',#3772);
#1661=VERTEX_POINT('',#3824);
#1662=VERTEX_POINT('',#3841);
#1663=VERTEX_POINT('',#3858);
#1664=VERTEX_POINT('',#3877);
#1665=VERTEX_POINT('',#3878);
#1666=VERTEX_POINT('',#3880);
#1667=VERTEX_POINT('',#3882);
#1668=VERTEX_POINT('',#3886);
#1669=VERTEX_POINT('',#3887);
#1670=VERTEX_POINT('',#3889);
#1671=VERTEX_POINT('',#3891);
#1672=VERTEX_POINT('',#3896);
#1673=VERTEX_POINT('',#3898);
#1674=VERTEX_POINT('',#3900);
#1675=VERTEX_POINT('',#3902);
#1676=VERTEX_POINT('',#3913);
#1677=VERTEX_POINT('',#3914);
#1678=VERTEX_POINT('',#3916);
#1679=VERTEX_POINT('',#3918);
#1680=VERTEX_POINT('',#3922);
#1681=VERTEX_POINT('',#3923);
#1682=VERTEX_POINT('',#3928);
#1683=VERTEX_POINT('',#3929);
#1684=VERTEX_POINT('',#3931);
#1685=VERTEX_POINT('',#3933);
#1686=VERTEX_POINT('',#3970);
#1687=VERTEX_POINT('',#4080);
#1688=VERTEX_POINT('',#4081);
#1689=VERTEX_POINT('',#4083);
#1690=VERTEX_POINT('',#4085);
#1691=VERTEX_POINT('',#4092);
#1692=VERTEX_POINT('',#4109);
#1693=VERTEX_POINT('',#4111);
#1694=VERTEX_POINT('',#4113);
#1695=VERTEX_POINT('',#4115);
#1696=VERTEX_POINT('',#4117);
#1697=VERTEX_POINT('',#4119);
#1698=VERTEX_POINT('',#4136);
#1699=VERTEX_POINT('',#4176);
#1700=VERTEX_POINT('',#4178);
#1701=VERTEX_POINT('',#4186);
#1702=VERTEX_POINT('',#4222);
#1703=VERTEX_POINT('',#4356);
#1704=VERTEX_POINT('',#4367);
#1705=VERTEX_POINT('',#4386);
#1706=VERTEX_POINT('',#4403);
#1707=VERTEX_POINT('',#4420);
#1708=VERTEX_POINT('',#4439);
#1709=VERTEX_POINT('',#4441);
#1710=VERTEX_POINT('',#4449);
#1711=VERTEX_POINT('',#4485);
#1712=VERTEX_POINT('',#4628);
#1713=VERTEX_POINT('',#4767);
#1714=VERTEX_POINT('',#4768);
#1715=VERTEX_POINT('',#4770);
#1716=VERTEX_POINT('',#4772);
#1717=VERTEX_POINT('',#4776);
#1718=VERTEX_POINT('',#4777);
#1719=VERTEX_POINT('',#4779);
#1720=VERTEX_POINT('',#4781);
#1721=VERTEX_POINT('',#4783);
#1722=VERTEX_POINT('',#4785);
#1723=VERTEX_POINT('',#4802);
#1724=VERTEX_POINT('',#4811);
#1725=VERTEX_POINT('',#4830);
#1726=VERTEX_POINT('',#4831);
#1727=VERTEX_POINT('',#4837);
#1728=VERTEX_POINT('',#4839);
#1729=VERTEX_POINT('',#4845);
#1730=VERTEX_POINT('',#4847);
#1731=VERTEX_POINT('',#4853);
#1732=VERTEX_POINT('',#4855);
#1733=VERTEX_POINT('',#4862);
#1734=VERTEX_POINT('',#4863);
#1735=VERTEX_POINT('',#4865);
#1736=VERTEX_POINT('',#4867);
#1737=VERTEX_POINT('',#4869);
#1738=VERTEX_POINT('',#4871);
#1739=VERTEX_POINT('',#4873);
#1740=VERTEX_POINT('',#4875);
#1741=VERTEX_POINT('',#4927);
#1742=VERTEX_POINT('',#4944);
#1743=VERTEX_POINT('',#4961);
#1744=VERTEX_POINT('',#4980);
#1745=VERTEX_POINT('',#4981);
#1746=VERTEX_POINT('',#4983);
#1747=VERTEX_POINT('',#4985);
#1748=VERTEX_POINT('',#4989);
#1749=VERTEX_POINT('',#4990);
#1750=VERTEX_POINT('',#4992);
#1751=VERTEX_POINT('',#4994);
#1752=VERTEX_POINT('',#4999);
#1753=VERTEX_POINT('',#5001);
#1754=VERTEX_POINT('',#5003);
#1755=VERTEX_POINT('',#5005);
#1756=VERTEX_POINT('',#5016);
#1757=VERTEX_POINT('',#5017);
#1758=VERTEX_POINT('',#5019);
#1759=VERTEX_POINT('',#5021);
#1760=VERTEX_POINT('',#5025);
#1761=VERTEX_POINT('',#5026);
#1762=VERTEX_POINT('',#5031);
#1763=VERTEX_POINT('',#5032);
#1764=VERTEX_POINT('',#5034);
#1765=VERTEX_POINT('',#5036);
#1766=VERTEX_POINT('',#5073);
#1767=VERTEX_POINT('',#5179);
#1768=VERTEX_POINT('',#5180);
#1769=VERTEX_POINT('',#5182);
#1770=VERTEX_POINT('',#5184);
#1771=VERTEX_POINT('',#5191);
#1772=VERTEX_POINT('',#5208);
#1773=VERTEX_POINT('',#5210);
#1774=VERTEX_POINT('',#5212);
#1775=VERTEX_POINT('',#5214);
#1776=VERTEX_POINT('',#5216);
#1777=VERTEX_POINT('',#5218);
#1778=VERTEX_POINT('',#5235);
#1779=VERTEX_POINT('',#5275);
#1780=VERTEX_POINT('',#5277);
#1781=VERTEX_POINT('',#5285);
#1782=VERTEX_POINT('',#5321);
#1783=VERTEX_POINT('',#5451);
#1784=VERTEX_POINT('',#5462);
#1785=VERTEX_POINT('',#5481);
#1786=VERTEX_POINT('',#5498);
#1787=VERTEX_POINT('',#5515);
#1788=VERTEX_POINT('',#5534);
#1789=VERTEX_POINT('',#5536);
#1790=VERTEX_POINT('',#5544);
#1791=VERTEX_POINT('',#5580);
#1792=VERTEX_POINT('',#5719);
#1793=VERTEX_POINT('',#5854);
#1794=VERTEX_POINT('',#5855);
#1795=VERTEX_POINT('',#5857);
#1796=VERTEX_POINT('',#5859);
#1797=VERTEX_POINT('',#5863);
#1798=VERTEX_POINT('',#5864);
#1799=VERTEX_POINT('',#5866);
#1800=VERTEX_POINT('',#5868);
#1801=VERTEX_POINT('',#5870);
#1802=VERTEX_POINT('',#5872);
#1803=VERTEX_POINT('',#5889);
#1804=VERTEX_POINT('',#5898);
#1805=VERTEX_POINT('',#5917);
#1806=VERTEX_POINT('',#5918);
#1807=VERTEX_POINT('',#5924);
#1808=VERTEX_POINT('',#5926);
#1809=VERTEX_POINT('',#5932);
#1810=VERTEX_POINT('',#5934);
#1811=VERTEX_POINT('',#5940);
#1812=VERTEX_POINT('',#5942);
#1813=VERTEX_POINT('',#5949);
#1814=VERTEX_POINT('',#5950);
#1815=VERTEX_POINT('',#5952);
#1816=VERTEX_POINT('',#5954);
#1817=VERTEX_POINT('',#5956);
#1818=VERTEX_POINT('',#5958);
#1819=VERTEX_POINT('',#5960);
#1820=VERTEX_POINT('',#5962);
#1821=VERTEX_POINT('',#6014);
#1822=VERTEX_POINT('',#6031);
#1823=VERTEX_POINT('',#6048);
#1824=VERTEX_POINT('',#6067);
#1825=VERTEX_POINT('',#6068);
#1826=VERTEX_POINT('',#6070);
#1827=VERTEX_POINT('',#6072);
#1828=VERTEX_POINT('',#6076);
#1829=VERTEX_POINT('',#6077);
#1830=VERTEX_POINT('',#6079);
#1831=VERTEX_POINT('',#6081);
#1832=VERTEX_POINT('',#6086);
#1833=VERTEX_POINT('',#6088);
#1834=VERTEX_POINT('',#6090);
#1835=VERTEX_POINT('',#6092);
#1836=VERTEX_POINT('',#6103);
#1837=VERTEX_POINT('',#6104);
#1838=VERTEX_POINT('',#6106);
#1839=VERTEX_POINT('',#6108);
#1840=VERTEX_POINT('',#6112);
#1841=VERTEX_POINT('',#6113);
#1842=VERTEX_POINT('',#6118);
#1843=VERTEX_POINT('',#6119);
#1844=VERTEX_POINT('',#6121);
#1845=VERTEX_POINT('',#6123);
#1846=VERTEX_POINT('',#6160);
#1847=VERTEX_POINT('',#6263);
#1848=VERTEX_POINT('',#6264);
#1849=VERTEX_POINT('',#6266);
#1850=VERTEX_POINT('',#6268);
#1851=VERTEX_POINT('',#6275);
#1852=VERTEX_POINT('',#6292);
#1853=VERTEX_POINT('',#6294);
#1854=VERTEX_POINT('',#6296);
#1855=VERTEX_POINT('',#6298);
#1856=VERTEX_POINT('',#6300);
#1857=VERTEX_POINT('',#6302);
#1858=VERTEX_POINT('',#6319);
#1859=VERTEX_POINT('',#6359);
#1860=VERTEX_POINT('',#6361);
#1861=VERTEX_POINT('',#6369);
#1862=VERTEX_POINT('',#6405);
#1863=VERTEX_POINT('',#6532);
#1864=VERTEX_POINT('',#6543);
#1865=VERTEX_POINT('',#6562);
#1866=VERTEX_POINT('',#6579);
#1867=VERTEX_POINT('',#6596);
#1868=VERTEX_POINT('',#6615);
#1869=VERTEX_POINT('',#6617);
#1870=VERTEX_POINT('',#6625);
#1871=VERTEX_POINT('',#6661);
#1872=VERTEX_POINT('',#6797);
#1873=LINE('',#3663,#2023);
#1874=LINE('',#3668,#2024);
#1875=LINE('',#3672,#2025);
#1876=LINE('',#3675,#2026);
#1877=LINE('',#3677,#2027);
#1878=LINE('',#3679,#2028);
#1879=LINE('',#3681,#2029);
#1880=LINE('',#3726,#2030);
#1881=LINE('',#3735,#2031);
#1882=LINE('',#3743,#2032);
#1883=LINE('',#3751,#2033);
#1884=LINE('',#3761,#2034);
#1885=LINE('',#3765,#2035);
#1886=LINE('',#3769,#2036);
#1887=LINE('',#3773,#2037);
#1888=LINE('',#3876,#2038);
#1889=LINE('',#3879,#2039);
#1890=LINE('',#3881,#2040);
#1891=LINE('',#3883,#2041);
#1892=LINE('',#3885,#2042);
#1893=LINE('',#3888,#2043);
#1894=LINE('',#3890,#2044);
#1895=LINE('',#3892,#2045);
#1896=LINE('',#3897,#2046);
#1897=LINE('',#3901,#2047);
#1898=LINE('',#3912,#2048);
#1899=LINE('',#3915,#2049);
#1900=LINE('',#3917,#2050);
#1901=LINE('',#3919,#2051);
#1902=LINE('',#3921,#2052);
#1903=LINE('',#3927,#2053);
#1904=LINE('',#3930,#2054);
#1905=LINE('',#3934,#2055);
#1906=LINE('',#4079,#2056);
#1907=LINE('',#4084,#2057);
#1908=LINE('',#4110,#2058);
#1909=LINE('',#4112,#2059);
#1910=LINE('',#4114,#2060);
#1911=LINE('',#4116,#2061);
#1912=LINE('',#4118,#2062);
#1913=LINE('',#4175,#2063);
#1914=LINE('',#4177,#2064);
#1915=LINE('',#4179,#2065);
#1916=LINE('',#4185,#2066);
#1917=LINE('',#4187,#2067);
#1918=LINE('',#4438,#2068);
#1919=LINE('',#4440,#2069);
#1920=LINE('',#4442,#2070);
#1921=LINE('',#4448,#2071);
#1922=LINE('',#4450,#2072);
#1923=LINE('',#4766,#2073);
#1924=LINE('',#4771,#2074);
#1925=LINE('',#4775,#2075);
#1926=LINE('',#4778,#2076);
#1927=LINE('',#4780,#2077);
#1928=LINE('',#4782,#2078);
#1929=LINE('',#4784,#2079);
#1930=LINE('',#4829,#2080);
#1931=LINE('',#4838,#2081);
#1932=LINE('',#4846,#2082);
#1933=LINE('',#4854,#2083);
#1934=LINE('',#4864,#2084);
#1935=LINE('',#4868,#2085);
#1936=LINE('',#4872,#2086);
#1937=LINE('',#4876,#2087);
#1938=LINE('',#4979,#2088);
#1939=LINE('',#4982,#2089);
#1940=LINE('',#4984,#2090);
#1941=LINE('',#4986,#2091);
#1942=LINE('',#4988,#2092);
#1943=LINE('',#4991,#2093);
#1944=LINE('',#4993,#2094);
#1945=LINE('',#4995,#2095);
#1946=LINE('',#5000,#2096);
#1947=LINE('',#5004,#2097);
#1948=LINE('',#5015,#2098);
#1949=LINE('',#5018,#2099);
#1950=LINE('',#5020,#2100);
#1951=LINE('',#5022,#2101);
#1952=LINE('',#5024,#2102);
#1953=LINE('',#5030,#2103);
#1954=LINE('',#5033,#2104);
#1955=LINE('',#5037,#2105);
#1956=LINE('',#5178,#2106);
#1957=LINE('',#5183,#2107);
#1958=LINE('',#5209,#2108);
#1959=LINE('',#5211,#2109);
#1960=LINE('',#5213,#2110);
#1961=LINE('',#5215,#2111);
#1962=LINE('',#5217,#2112);
#1963=LINE('',#5274,#2113);
#1964=LINE('',#5276,#2114);
#1965=LINE('',#5278,#2115);
#1966=LINE('',#5284,#2116);
#1967=LINE('',#5286,#2117);
#1968=LINE('',#5533,#2118);
#1969=LINE('',#5535,#2119);
#1970=LINE('',#5537,#2120);
#1971=LINE('',#5543,#2121);
#1972=LINE('',#5545,#2122);
#1973=LINE('',#5853,#2123);
#1974=LINE('',#5858,#2124);
#1975=LINE('',#5862,#2125);
#1976=LINE('',#5865,#2126);
#1977=LINE('',#5867,#2127);
#1978=LINE('',#5869,#2128);
#1979=LINE('',#5871,#2129);
#1980=LINE('',#5916,#2130);
#1981=LINE('',#5925,#2131);
#1982=LINE('',#5933,#2132);
#1983=LINE('',#5941,#2133);
#1984=LINE('',#5951,#2134);
#1985=LINE('',#5955,#2135);
#1986=LINE('',#5959,#2136);
#1987=LINE('',#5963,#2137);
#1988=LINE('',#6066,#2138);
#1989=LINE('',#6069,#2139);
#1990=LINE('',#6071,#2140);
#1991=LINE('',#6073,#2141);
#1992=LINE('',#6075,#2142);
#1993=LINE('',#6078,#2143);
#1994=LINE('',#6080,#2144);
#1995=LINE('',#6082,#2145);
#1996=LINE('',#6087,#2146);
#1997=LINE('',#6091,#2147);
#1998=LINE('',#6102,#2148);
#1999=LINE('',#6105,#2149);
#2000=LINE('',#6107,#2150);
#2001=LINE('',#6109,#2151);
#2002=LINE('',#6111,#2152);
#2003=LINE('',#6117,#2153);
#2004=LINE('',#6120,#2154);
#2005=LINE('',#6124,#2155);
#2006=LINE('',#6262,#2156);
#2007=LINE('',#6267,#2157);
#2008=LINE('',#6293,#2158);
#2009=LINE('',#6295,#2159);
#2010=LINE('',#6297,#2160);
#2011=LINE('',#6299,#2161);
#2012=LINE('',#6301,#2162);
#2013=LINE('',#6358,#2163);
#2014=LINE('',#6360,#2164);
#2015=LINE('',#6362,#2165);
#2016=LINE('',#6368,#2166);
#2017=LINE('',#6370,#2167);
#2018=LINE('',#6614,#2168);
#2019=LINE('',#6616,#2169);
#2020=LINE('',#6618,#2170);
#2021=LINE('',#6624,#2171);
#2022=LINE('',#6626,#2172);
#2023=VECTOR('',#3007,1000.);
#2024=VECTOR('',#3010,1000.);
#2025=VECTOR('',#3015,1000.);
#2026=VECTOR('',#3016,1000.);
#2027=VECTOR('',#3017,1000.);
#2028=VECTOR('',#3018,1000.);
#2029=VECTOR('',#3019,1000.);
#2030=VECTOR('',#3022,1000.);
#2031=VECTOR('',#3023,1000.);
#2032=VECTOR('',#3024,1000.);
#2033=VECTOR('',#3025,1000.);
#2034=VECTOR('',#3028,1000.);
#2035=VECTOR('',#3031,1000.);
#2036=VECTOR('',#3034,1000.);
#2037=VECTOR('',#3037,1000.);
#2038=VECTOR('',#3044,1000.);
#2039=VECTOR('',#3045,1000.);
#2040=VECTOR('',#3046,1000.);
#2041=VECTOR('',#3047,1000.);
#2042=VECTOR('',#3050,1000.);
#2043=VECTOR('',#3051,1000.);
#2044=VECTOR('',#3052,1000.);
#2045=VECTOR('',#3053,1000.);
#2046=VECTOR('',#3060,1000.);
#2047=VECTOR('',#3063,1000.);
#2048=VECTOR('',#3082,1000.);
#2049=VECTOR('',#3083,1000.);
#2050=VECTOR('',#3084,1000.);
#2051=VECTOR('',#3085,1000.);
#2052=VECTOR('',#3088,1000.);
#2053=VECTOR('',#3095,1000.);
#2054=VECTOR('',#3096,1000.);
#2055=VECTOR('',#3099,1000.);
#2056=VECTOR('',#3106,1000.);
#2057=VECTOR('',#3109,1000.);
#2058=VECTOR('',#3114,1000.);
#2059=VECTOR('',#3115,1000.);
#2060=VECTOR('',#3116,1000.);
#2061=VECTOR('',#3117,1000.);
#2062=VECTOR('',#3118,1000.);
#2063=VECTOR('',#3123,1000.);
#2064=VECTOR('',#3124,1000.);
#2065=VECTOR('',#3125,1000.);
#2066=VECTOR('',#3136,1000.);
#2067=VECTOR('',#3137,1000.);
#2068=VECTOR('',#3176,1000.);
#2069=VECTOR('',#3177,1000.);
#2070=VECTOR('',#3178,1000.);
#2071=VECTOR('',#3189,1000.);
#2072=VECTOR('',#3190,1000.);
#2073=VECTOR('',#3215,1000.);
#2074=VECTOR('',#3218,1000.);
#2075=VECTOR('',#3223,1000.);
#2076=VECTOR('',#3224,1000.);
#2077=VECTOR('',#3225,1000.);
#2078=VECTOR('',#3226,1000.);
#2079=VECTOR('',#3227,1000.);
#2080=VECTOR('',#3230,1000.);
#2081=VECTOR('',#3231,1000.);
#2082=VECTOR('',#3232,1000.);
#2083=VECTOR('',#3233,1000.);
#2084=VECTOR('',#3236,1000.);
#2085=VECTOR('',#3239,1000.);
#2086=VECTOR('',#3242,1000.);
#2087=VECTOR('',#3245,1000.);
#2088=VECTOR('',#3252,1000.);
#2089=VECTOR('',#3253,1000.);
#2090=VECTOR('',#3254,1000.);
#2091=VECTOR('',#3255,1000.);
#2092=VECTOR('',#3258,1000.);
#2093=VECTOR('',#3259,1000.);
#2094=VECTOR('',#3260,1000.);
#2095=VECTOR('',#3261,1000.);
#2096=VECTOR('',#3268,1000.);
#2097=VECTOR('',#3271,1000.);
#2098=VECTOR('',#3290,1000.);
#2099=VECTOR('',#3291,1000.);
#2100=VECTOR('',#3292,1000.);
#2101=VECTOR('',#3293,1000.);
#2102=VECTOR('',#3296,1000.);
#2103=VECTOR('',#3303,1000.);
#2104=VECTOR('',#3304,1000.);
#2105=VECTOR('',#3307,1000.);
#2106=VECTOR('',#3314,1000.);
#2107=VECTOR('',#3317,1000.);
#2108=VECTOR('',#3322,1000.);
#2109=VECTOR('',#3323,1000.);
#2110=VECTOR('',#3324,1000.);
#2111=VECTOR('',#3325,1000.);
#2112=VECTOR('',#3326,1000.);
#2113=VECTOR('',#3331,1000.);
#2114=VECTOR('',#3332,1000.);
#2115=VECTOR('',#3333,1000.);
#2116=VECTOR('',#3344,1000.);
#2117=VECTOR('',#3345,1000.);
#2118=VECTOR('',#3384,1000.);
#2119=VECTOR('',#3385,1000.);
#2120=VECTOR('',#3386,1000.);
#2121=VECTOR('',#3397,1000.);
#2122=VECTOR('',#3398,1000.);
#2123=VECTOR('',#3423,1000.);
#2124=VECTOR('',#3426,1000.);
#2125=VECTOR('',#3431,1000.);
#2126=VECTOR('',#3432,1000.);
#2127=VECTOR('',#3433,1000.);
#2128=VECTOR('',#3434,1000.);
#2129=VECTOR('',#3435,1000.);
#2130=VECTOR('',#3438,1000.);
#2131=VECTOR('',#3439,1000.);
#2132=VECTOR('',#3440,1000.);
#2133=VECTOR('',#3441,1000.);
#2134=VECTOR('',#3444,1000.);
#2135=VECTOR('',#3447,1000.);
#2136=VECTOR('',#3450,1000.);
#2137=VECTOR('',#3453,1000.);
#2138=VECTOR('',#3460,1000.);
#2139=VECTOR('',#3461,1000.);
#2140=VECTOR('',#3462,1000.);
#2141=VECTOR('',#3463,1000.);
#2142=VECTOR('',#3466,1000.);
#2143=VECTOR('',#3467,1000.);
#2144=VECTOR('',#3468,1000.);
#2145=VECTOR('',#3469,1000.);
#2146=VECTOR('',#3476,1000.);
#2147=VECTOR('',#3479,1000.);
#2148=VECTOR('',#3498,1000.);
#2149=VECTOR('',#3499,1000.);
#2150=VECTOR('',#3500,1000.);
#2151=VECTOR('',#3501,1000.);
#2152=VECTOR('',#3504,1000.);
#2153=VECTOR('',#3511,1000.);
#2154=VECTOR('',#3512,1000.);
#2155=VECTOR('',#3515,1000.);
#2156=VECTOR('',#3522,1000.);
#2157=VECTOR('',#3525,1000.);
#2158=VECTOR('',#3530,1000.);
#2159=VECTOR('',#3531,1000.);
#2160=VECTOR('',#3532,1000.);
#2161=VECTOR('',#3533,1000.);
#2162=VECTOR('',#3534,1000.);
#2163=VECTOR('',#3539,1000.);
#2164=VECTOR('',#3540,1000.);
#2165=VECTOR('',#3541,1000.);
#2166=VECTOR('',#3552,1000.);
#2167=VECTOR('',#3553,1000.);
#2168=VECTOR('',#3592,1000.);
#2169=VECTOR('',#3593,1000.);
#2170=VECTOR('',#3594,1000.);
#2171=VECTOR('',#3605,1000.);
#2172=VECTOR('',#3606,1000.);
#2173=EDGE_LOOP('',(#445,#446,#447,#448));
#2174=EDGE_LOOP('',(#449,#450,#451,#452,#453,#454,#455,#456,#457,#458));
#2175=EDGE_LOOP('',(#459,#460,#461,#462,#463,#464,#465,#466));
#2176=EDGE_LOOP('',(#467,#468,#469,#470,#471,#472,#473,#474));
#2177=EDGE_LOOP('',(#475,#476,#477,#478));
#2178=EDGE_LOOP('',(#479,#480,#481,#482,#483));
#2179=EDGE_LOOP('',(#484,#485,#486,#487));
#2180=EDGE_LOOP('',(#488,#489,#490,#491));
#2181=EDGE_LOOP('',(#492,#493,#494,#495,#496,#497,#498,#499));
#2182=EDGE_LOOP('',(#500,#501,#502,#503,#504,#505));
#2183=EDGE_LOOP('',(#506,#507,#508,#509));
#2184=EDGE_LOOP('',(#510,#511,#512,#513));
#2185=EDGE_LOOP('',(#514,#515,#516,#517));
#2186=EDGE_LOOP('',(#518,#519,#520,#521));
#2187=EDGE_LOOP('',(#522,#523,#524,#525,#526,#527,#528));
#2188=EDGE_LOOP('',(#529,#530,#531,#532,#533));
#2189=EDGE_LOOP('',(#534,#535,#536,#537));
#2190=EDGE_LOOP('',(#538,#539,#540));
#2191=EDGE_LOOP('',(#541,#542,#543,#544));
#2192=EDGE_LOOP('',(#545,#546,#547,#548));
#2193=EDGE_LOOP('',(#549,#550,#551,#552,#553,#554,#555,#556,#557,#558));
#2194=EDGE_LOOP('',(#559,#560,#561,#562));
#2195=EDGE_LOOP('',(#563,#564,#565,#566));
#2196=EDGE_LOOP('',(#567,#568,#569,#570,#571,#572));
#2197=EDGE_LOOP('',(#573,#574,#575,#576));
#2198=EDGE_LOOP('',(#577,#578,#579,#580));
#2199=EDGE_LOOP('',(#581,#582,#583,#584,#585));
#2200=EDGE_LOOP('',(#586,#587,#588,#589));
#2201=EDGE_LOOP('',(#590,#591,#592));
#2202=EDGE_LOOP('',(#593,#594,#595,#596));
#2203=EDGE_LOOP('',(#597,#598,#599));
#2204=EDGE_LOOP('',(#600,#601,#602,#603));
#2205=EDGE_LOOP('',(#604,#605,#606,#607,#608,#609));
#2206=EDGE_LOOP('',(#610,#611,#612,#613));
#2207=EDGE_LOOP('',(#614,#615,#616));
#2208=EDGE_LOOP('',(#617,#618,#619,#620));
#2209=EDGE_LOOP('',(#621,#622,#623,#624,#625,#626));
#2210=EDGE_LOOP('',(#627,#628,#629,#630,#631));
#2211=EDGE_LOOP('',(#632,#633,#634,#635));
#2212=EDGE_LOOP('',(#636,#637,#638,#639,#640,#641));
#2213=EDGE_LOOP('',(#642,#643,#644,#645));
#2214=EDGE_LOOP('',(#646,#647,#648,#649,#650,#651,#652));
#2215=EDGE_LOOP('',(#653,#654,#655,#656,#657));
#2216=EDGE_LOOP('',(#658,#659,#660,#661));
#2217=EDGE_LOOP('',(#662,#663,#664));
#2218=EDGE_LOOP('',(#665,#666,#667,#668));
#2219=EDGE_LOOP('',(#669,#670,#671,#672,#673,#674));
#2220=EDGE_LOOP('',(#675,#676,#677,#678,#679));
#2221=EDGE_LOOP('',(#680,#681,#682,#683));
#2222=EDGE_LOOP('',(#684,#685,#686));
#2223=EDGE_LOOP('',(#687,#688,#689,#690));
#2224=EDGE_LOOP('',(#691,#692,#693));
#2225=EDGE_LOOP('',(#694,#695,#696,#697));
#2226=EDGE_LOOP('',(#698,#699,#700,#701));
#2227=EDGE_LOOP('',(#702,#703,#704));
#2228=EDGE_LOOP('',(#705,#706,#707,#708));
#2229=EDGE_LOOP('',(#709,#710,#711,#712));
#2230=EDGE_LOOP('',(#713,#714,#715,#716,#717,#718,#719,#720,#721,#722));
#2231=EDGE_LOOP('',(#723,#724,#725,#726,#727,#728,#729,#730));
#2232=EDGE_LOOP('',(#731,#732,#733,#734,#735,#736,#737,#738));
#2233=EDGE_LOOP('',(#739,#740,#741,#742));
#2234=EDGE_LOOP('',(#743,#744,#745,#746,#747));
#2235=EDGE_LOOP('',(#748,#749,#750,#751));
#2236=EDGE_LOOP('',(#752,#753,#754,#755));
#2237=EDGE_LOOP('',(#756,#757,#758,#759,#760,#761,#762,#763));
#2238=EDGE_LOOP('',(#764,#765,#766,#767,#768,#769));
#2239=EDGE_LOOP('',(#770,#771,#772,#773));
#2240=EDGE_LOOP('',(#774,#775,#776,#777));
#2241=EDGE_LOOP('',(#778,#779,#780,#781));
#2242=EDGE_LOOP('',(#782,#783,#784,#785));
#2243=EDGE_LOOP('',(#786,#787,#788,#789,#790,#791,#792));
#2244=EDGE_LOOP('',(#793,#794,#795,#796,#797));
#2245=EDGE_LOOP('',(#798,#799,#800,#801));
#2246=EDGE_LOOP('',(#802,#803,#804));
#2247=EDGE_LOOP('',(#805,#806,#807,#808));
#2248=EDGE_LOOP('',(#809,#810,#811,#812));
#2249=EDGE_LOOP('',(#813,#814,#815,#816,#817,#818,#819,#820,#821,#822));
#2250=EDGE_LOOP('',(#823,#824,#825,#826));
#2251=EDGE_LOOP('',(#827,#828,#829,#830));
#2252=EDGE_LOOP('',(#831,#832,#833,#834,#835,#836));
#2253=EDGE_LOOP('',(#837,#838,#839,#840));
#2254=EDGE_LOOP('',(#841,#842,#843,#844));
#2255=EDGE_LOOP('',(#845,#846,#847,#848,#849));
#2256=EDGE_LOOP('',(#850,#851,#852,#853));
#2257=EDGE_LOOP('',(#854,#855,#856));
#2258=EDGE_LOOP('',(#857,#858,#859,#860));
#2259=EDGE_LOOP('',(#861,#862,#863));
#2260=EDGE_LOOP('',(#864,#865,#866,#867));
#2261=EDGE_LOOP('',(#868,#869,#870,#871,#872,#873));
#2262=EDGE_LOOP('',(#874,#875,#876,#877));
#2263=EDGE_LOOP('',(#878,#879,#880));
#2264=EDGE_LOOP('',(#881,#882,#883,#884));
#2265=EDGE_LOOP('',(#885,#886,#887,#888,#889,#890));
#2266=EDGE_LOOP('',(#891,#892,#893,#894,#895));
#2267=EDGE_LOOP('',(#896,#897,#898,#899));
#2268=EDGE_LOOP('',(#900,#901,#902,#903,#904,#905));
#2269=EDGE_LOOP('',(#906,#907,#908,#909));
#2270=EDGE_LOOP('',(#910,#911,#912,#913,#914,#915,#916));
#2271=EDGE_LOOP('',(#917,#918,#919,#920,#921));
#2272=EDGE_LOOP('',(#922,#923,#924,#925));
#2273=EDGE_LOOP('',(#926,#927,#928));
#2274=EDGE_LOOP('',(#929,#930,#931,#932));
#2275=EDGE_LOOP('',(#933,#934,#935,#936,#937,#938));
#2276=EDGE_LOOP('',(#939,#940,#941,#942,#943));
#2277=EDGE_LOOP('',(#944,#945,#946,#947));
#2278=EDGE_LOOP('',(#948,#949,#950));
#2279=EDGE_LOOP('',(#951,#952,#953,#954));
#2280=EDGE_LOOP('',(#955,#956,#957));
#2281=EDGE_LOOP('',(#958,#959,#960,#961));
#2282=EDGE_LOOP('',(#962,#963,#964,#965));
#2283=EDGE_LOOP('',(#966,#967,#968));
#2284=EDGE_LOOP('',(#969,#970,#971,#972));
#2285=EDGE_LOOP('',(#973,#974,#975,#976));
#2286=EDGE_LOOP('',(#977,#978,#979,#980,#981,#982,#983,#984,#985,#986));
#2287=EDGE_LOOP('',(#987,#988,#989,#990,#991,#992,#993,#994));
#2288=EDGE_LOOP('',(#995,#996,#997,#998,#999,#1000,#1001,#1002));
#2289=EDGE_LOOP('',(#1003,#1004,#1005,#1006));
#2290=EDGE_LOOP('',(#1007,#1008,#1009,#1010,#1011));
#2291=EDGE_LOOP('',(#1012,#1013,#1014,#1015));
#2292=EDGE_LOOP('',(#1016,#1017,#1018,#1019));
#2293=EDGE_LOOP('',(#1020,#1021,#1022,#1023,#1024,#1025,#1026,#1027));
#2294=EDGE_LOOP('',(#1028,#1029,#1030,#1031,#1032,#1033));
#2295=EDGE_LOOP('',(#1034,#1035,#1036,#1037));
#2296=EDGE_LOOP('',(#1038,#1039,#1040,#1041));
#2297=EDGE_LOOP('',(#1042,#1043,#1044,#1045));
#2298=EDGE_LOOP('',(#1046,#1047,#1048,#1049));
#2299=EDGE_LOOP('',(#1050,#1051,#1052,#1053,#1054,#1055,#1056));
#2300=EDGE_LOOP('',(#1057,#1058,#1059,#1060,#1061));
#2301=EDGE_LOOP('',(#1062,#1063,#1064,#1065));
#2302=EDGE_LOOP('',(#1066,#1067,#1068));
#2303=EDGE_LOOP('',(#1069,#1070,#1071,#1072));
#2304=EDGE_LOOP('',(#1073,#1074,#1075,#1076));
#2305=EDGE_LOOP('',(#1077,#1078,#1079,#1080,#1081,#1082,#1083,#1084,#1085,
#1086));
#2306=EDGE_LOOP('',(#1087,#1088,#1089,#1090));
#2307=EDGE_LOOP('',(#1091,#1092,#1093,#1094));
#2308=EDGE_LOOP('',(#1095,#1096,#1097,#1098,#1099,#1100));
#2309=EDGE_LOOP('',(#1101,#1102,#1103,#1104));
#2310=EDGE_LOOP('',(#1105,#1106,#1107,#1108));
#2311=EDGE_LOOP('',(#1109,#1110,#1111,#1112,#1113));
#2312=EDGE_LOOP('',(#1114,#1115,#1116,#1117));
#2313=EDGE_LOOP('',(#1118,#1119,#1120));
#2314=EDGE_LOOP('',(#1121,#1122,#1123,#1124));
#2315=EDGE_LOOP('',(#1125,#1126,#1127));
#2316=EDGE_LOOP('',(#1128,#1129,#1130,#1131));
#2317=EDGE_LOOP('',(#1132,#1133,#1134,#1135,#1136,#1137));
#2318=EDGE_LOOP('',(#1138,#1139,#1140,#1141));
#2319=EDGE_LOOP('',(#1142,#1143,#1144));
#2320=EDGE_LOOP('',(#1145,#1146,#1147,#1148));
#2321=EDGE_LOOP('',(#1149,#1150,#1151,#1152,#1153,#1154));
#2322=EDGE_LOOP('',(#1155,#1156,#1157,#1158,#1159));
#2323=EDGE_LOOP('',(#1160,#1161,#1162,#1163));
#2324=EDGE_LOOP('',(#1164,#1165,#1166,#1167,#1168,#1169));
#2325=EDGE_LOOP('',(#1170,#1171,#1172,#1173));
#2326=EDGE_LOOP('',(#1174,#1175,#1176,#1177,#1178,#1179,#1180));
#2327=EDGE_LOOP('',(#1181,#1182,#1183,#1184,#1185));
#2328=EDGE_LOOP('',(#1186,#1187,#1188,#1189));
#2329=EDGE_LOOP('',(#1190,#1191,#1192));
#2330=EDGE_LOOP('',(#1193,#1194,#1195,#1196));
#2331=EDGE_LOOP('',(#1197,#1198,#1199,#1200,#1201,#1202));
#2332=EDGE_LOOP('',(#1203,#1204,#1205,#1206,#1207));
#2333=EDGE_LOOP('',(#1208,#1209,#1210,#1211));
#2334=EDGE_LOOP('',(#1212,#1213,#1214));
#2335=EDGE_LOOP('',(#1215,#1216,#1217,#1218));
#2336=EDGE_LOOP('',(#1219,#1220,#1221));
#2337=EDGE_LOOP('',(#1222,#1223,#1224,#1225));
#2338=EDGE_LOOP('',(#1226,#1227,#1228,#1229));
#2339=EDGE_LOOP('',(#1230,#1231,#1232));
#2340=EDGE_LOOP('',(#1233,#1234,#1235,#1236));
#2341=FACE_BOUND('',#2173,.T.);
#2342=FACE_BOUND('',#2174,.T.);
#2343=FACE_BOUND('',#2175,.T.);
#2344=FACE_BOUND('',#2176,.T.);
#2345=FACE_BOUND('',#2177,.T.);
#2346=FACE_BOUND('',#2178,.T.);
#2347=FACE_BOUND('',#2179,.T.);
#2348=FACE_BOUND('',#2180,.T.);
#2349=FACE_BOUND('',#2181,.T.);
#2350=FACE_BOUND('',#2182,.T.);
#2351=FACE_BOUND('',#2183,.T.);
#2352=FACE_BOUND('',#2184,.T.);
#2353=FACE_BOUND('',#2185,.T.);
#2354=FACE_BOUND('',#2186,.T.);
#2355=FACE_BOUND('',#2187,.T.);
#2356=FACE_BOUND('',#2188,.T.);
#2357=FACE_BOUND('',#2189,.T.);
#2358=FACE_BOUND('',#2190,.T.);
#2359=FACE_BOUND('',#2191,.T.);
#2360=FACE_BOUND('',#2192,.T.);
#2361=FACE_BOUND('',#2193,.T.);
#2362=FACE_BOUND('',#2194,.T.);
#2363=FACE_BOUND('',#2195,.T.);
#2364=FACE_BOUND('',#2196,.T.);
#2365=FACE_BOUND('',#2197,.T.);
#2366=FACE_BOUND('',#2198,.T.);
#2367=FACE_BOUND('',#2199,.T.);
#2368=FACE_BOUND('',#2200,.T.);
#2369=FACE_BOUND('',#2201,.T.);
#2370=FACE_BOUND('',#2202,.T.);
#2371=FACE_BOUND('',#2203,.T.);
#2372=FACE_BOUND('',#2204,.T.);
#2373=FACE_BOUND('',#2205,.T.);
#2374=FACE_BOUND('',#2206,.T.);
#2375=FACE_BOUND('',#2207,.T.);
#2376=FACE_BOUND('',#2208,.T.);
#2377=FACE_BOUND('',#2209,.T.);
#2378=FACE_BOUND('',#2210,.T.);
#2379=FACE_BOUND('',#2211,.T.);
#2380=FACE_BOUND('',#2212,.T.);
#2381=FACE_BOUND('',#2213,.T.);
#2382=FACE_BOUND('',#2214,.T.);
#2383=FACE_BOUND('',#2215,.T.);
#2384=FACE_BOUND('',#2216,.T.);
#2385=FACE_BOUND('',#2217,.T.);
#2386=FACE_BOUND('',#2218,.T.);
#2387=FACE_BOUND('',#2219,.T.);
#2388=FACE_BOUND('',#2220,.T.);
#2389=FACE_BOUND('',#2221,.T.);
#2390=FACE_BOUND('',#2222,.T.);
#2391=FACE_BOUND('',#2223,.T.);
#2392=FACE_BOUND('',#2224,.T.);
#2393=FACE_BOUND('',#2225,.T.);
#2394=FACE_BOUND('',#2226,.T.);
#2395=FACE_BOUND('',#2227,.T.);
#2396=FACE_BOUND('',#2228,.T.);
#2397=FACE_BOUND('',#2229,.T.);
#2398=FACE_BOUND('',#2230,.T.);
#2399=FACE_BOUND('',#2231,.T.);
#2400=FACE_BOUND('',#2232,.T.);
#2401=FACE_BOUND('',#2233,.T.);
#2402=FACE_BOUND('',#2234,.T.);
#2403=FACE_BOUND('',#2235,.T.);
#2404=FACE_BOUND('',#2236,.T.);
#2405=FACE_BOUND('',#2237,.T.);
#2406=FACE_BOUND('',#2238,.T.);
#2407=FACE_BOUND('',#2239,.T.);
#2408=FACE_BOUND('',#2240,.T.);
#2409=FACE_BOUND('',#2241,.T.);
#2410=FACE_BOUND('',#2242,.T.);
#2411=FACE_BOUND('',#2243,.T.);
#2412=FACE_BOUND('',#2244,.T.);
#2413=FACE_BOUND('',#2245,.T.);
#2414=FACE_BOUND('',#2246,.T.);
#2415=FACE_BOUND('',#2247,.T.);
#2416=FACE_BOUND('',#2248,.T.);
#2417=FACE_BOUND('',#2249,.T.);
#2418=FACE_BOUND('',#2250,.T.);
#2419=FACE_BOUND('',#2251,.T.);
#2420=FACE_BOUND('',#2252,.T.);
#2421=FACE_BOUND('',#2253,.T.);
#2422=FACE_BOUND('',#2254,.T.);
#2423=FACE_BOUND('',#2255,.T.);
#2424=FACE_BOUND('',#2256,.T.);
#2425=FACE_BOUND('',#2257,.T.);
#2426=FACE_BOUND('',#2258,.T.);
#2427=FACE_BOUND('',#2259,.T.);
#2428=FACE_BOUND('',#2260,.T.);
#2429=FACE_BOUND('',#2261,.T.);
#2430=FACE_BOUND('',#2262,.T.);
#2431=FACE_BOUND('',#2263,.T.);
#2432=FACE_BOUND('',#2264,.T.);
#2433=FACE_BOUND('',#2265,.T.);
#2434=FACE_BOUND('',#2266,.T.);
#2435=FACE_BOUND('',#2267,.T.);
#2436=FACE_BOUND('',#2268,.T.);
#2437=FACE_BOUND('',#2269,.T.);
#2438=FACE_BOUND('',#2270,.T.);
#2439=FACE_BOUND('',#2271,.T.);
#2440=FACE_BOUND('',#2272,.T.);
#2441=FACE_BOUND('',#2273,.T.);
#2442=FACE_BOUND('',#2274,.T.);
#2443=FACE_BOUND('',#2275,.T.);
#2444=FACE_BOUND('',#2276,.T.);
#2445=FACE_BOUND('',#2277,.T.);
#2446=FACE_BOUND('',#2278,.T.);
#2447=FACE_BOUND('',#2279,.T.);
#2448=FACE_BOUND('',#2280,.T.);
#2449=FACE_BOUND('',#2281,.T.);
#2450=FACE_BOUND('',#2282,.T.);
#2451=FACE_BOUND('',#2283,.T.);
#2452=FACE_BOUND('',#2284,.T.);
#2453=FACE_BOUND('',#2285,.T.);
#2454=FACE_BOUND('',#2286,.T.);
#2455=FACE_BOUND('',#2287,.T.);
#2456=FACE_BOUND('',#2288,.T.);
#2457=FACE_BOUND('',#2289,.T.);
#2458=FACE_BOUND('',#2290,.T.);
#2459=FACE_BOUND('',#2291,.T.);
#2460=FACE_BOUND('',#2292,.T.);
#2461=FACE_BOUND('',#2293,.T.);
#2462=FACE_BOUND('',#2294,.T.);
#2463=FACE_BOUND('',#2295,.T.);
#2464=FACE_BOUND('',#2296,.T.);
#2465=FACE_BOUND('',#2297,.T.);
#2466=FACE_BOUND('',#2298,.T.);
#2467=FACE_BOUND('',#2299,.T.);
#2468=FACE_BOUND('',#2300,.T.);
#2469=FACE_BOUND('',#2301,.T.);
#2470=FACE_BOUND('',#2302,.T.);
#2471=FACE_BOUND('',#2303,.T.);
#2472=FACE_BOUND('',#2304,.T.);
#2473=FACE_BOUND('',#2305,.T.);
#2474=FACE_BOUND('',#2306,.T.);
#2475=FACE_BOUND('',#2307,.T.);
#2476=FACE_BOUND('',#2308,.T.);
#2477=FACE_BOUND('',#2309,.T.);
#2478=FACE_BOUND('',#2310,.T.);
#2479=FACE_BOUND('',#2311,.T.);
#2480=FACE_BOUND('',#2312,.T.);
#2481=FACE_BOUND('',#2313,.T.);
#2482=FACE_BOUND('',#2314,.T.);
#2483=FACE_BOUND('',#2315,.T.);
#2484=FACE_BOUND('',#2316,.T.);
#2485=FACE_BOUND('',#2317,.T.);
#2486=FACE_BOUND('',#2318,.T.);
#2487=FACE_BOUND('',#2319,.T.);
#2488=FACE_BOUND('',#2320,.T.);
#2489=FACE_BOUND('',#2321,.T.);
#2490=FACE_BOUND('',#2322,.T.);
#2491=FACE_BOUND('',#2323,.T.);
#2492=FACE_BOUND('',#2324,.T.);
#2493=FACE_BOUND('',#2325,.T.);
#2494=FACE_BOUND('',#2326,.T.);
#2495=FACE_BOUND('',#2327,.T.);
#2496=FACE_BOUND('',#2328,.T.);
#2497=FACE_BOUND('',#2329,.T.);
#2498=FACE_BOUND('',#2330,.T.);
#2499=FACE_BOUND('',#2331,.T.);
#2500=FACE_BOUND('',#2332,.T.);
#2501=FACE_BOUND('',#2333,.T.);
#2502=FACE_BOUND('',#2334,.T.);
#2503=FACE_BOUND('',#2335,.T.);
#2504=FACE_BOUND('',#2336,.T.);
#2505=FACE_BOUND('',#2337,.T.);
#2506=FACE_BOUND('',#2338,.T.);
#2507=FACE_BOUND('',#2339,.T.);
#2508=FACE_BOUND('',#2340,.T.);
#2509=CYLINDRICAL_SURFACE('',#2750,1.);
#2510=CYLINDRICAL_SURFACE('',#2768,0.5);
#2511=CYLINDRICAL_SURFACE('',#2776,1.);
#2512=CYLINDRICAL_SURFACE('',#2783,1.);
#2513=CYLINDRICAL_SURFACE('',#2789,0.5);
#2514=CYLINDRICAL_SURFACE('',#2796,1.);
#2515=CYLINDRICAL_SURFACE('',#2798,1.);
#2516=CYLINDRICAL_SURFACE('',#2802,1.);
#2517=CYLINDRICAL_SURFACE('',#2806,1.);
#2518=CYLINDRICAL_SURFACE('',#2808,1.);
#2519=CYLINDRICAL_SURFACE('',#2813,0.5);
#2520=CYLINDRICAL_SURFACE('',#2819,0.5);
#2521=CYLINDRICAL_SURFACE('',#2822,1.);
#2522=CYLINDRICAL_SURFACE('',#2824,1.);
#2523=CYLINDRICAL_SURFACE('',#2828,1.);
#2524=CYLINDRICAL_SURFACE('',#2829,0.999999999999999);
#2525=CYLINDRICAL_SURFACE('',#2847,0.5);
#2526=CYLINDRICAL_SURFACE('',#2855,1.);
#2527=CYLINDRICAL_SURFACE('',#2862,0.999999999999999);
#2528=CYLINDRICAL_SURFACE('',#2868,0.5);
#2529=CYLINDRICAL_SURFACE('',#2875,1.);
#2530=CYLINDRICAL_SURFACE('',#2877,1.);
#2531=CYLINDRICAL_SURFACE('',#2881,1.);
#2532=CYLINDRICAL_SURFACE('',#2885,1.);
#2533=CYLINDRICAL_SURFACE('',#2887,1.);
#2534=CYLINDRICAL_SURFACE('',#2892,0.5);
#2535=CYLINDRICAL_SURFACE('',#2898,0.5);
#2536=CYLINDRICAL_SURFACE('',#2901,1.);
#2537=CYLINDRICAL_SURFACE('',#2903,1.);
#2538=CYLINDRICAL_SURFACE('',#2907,1.);
#2539=CYLINDRICAL_SURFACE('',#2908,1.);
#2540=CYLINDRICAL_SURFACE('',#2926,0.5);
#2541=CYLINDRICAL_SURFACE('',#2934,1.);
#2542=CYLINDRICAL_SURFACE('',#2941,1.);
#2543=CYLINDRICAL_SURFACE('',#2947,0.5);
#2544=CYLINDRICAL_SURFACE('',#2954,1.);
#2545=CYLINDRICAL_SURFACE('',#2956,1.);
#2546=CYLINDRICAL_SURFACE('',#2960,1.);
#2547=CYLINDRICAL_SURFACE('',#2964,1.);
#2548=CYLINDRICAL_SURFACE('',#2966,1.);
#2549=CYLINDRICAL_SURFACE('',#2971,0.5);
#2550=CYLINDRICAL_SURFACE('',#2977,0.5);
#2551=CYLINDRICAL_SURFACE('',#2980,1.);
#2552=CYLINDRICAL_SURFACE('',#2982,1.);
#2553=CYLINDRICAL_SURFACE('',#2986,1.);
#2554=ADVANCED_FACE('',(#2341),#2509,.T.);
#2555=ADVANCED_FACE('',(#2342),#295,.T.);
#2556=ADVANCED_FACE('',(#2343,#2344),#296,.T.);
#2557=ADVANCED_FACE('',(#2345),#297,.T.);
#2558=ADVANCED_FACE('',(#2346),#298,.F.);
#2559=ADVANCED_FACE('',(#2347),#299,.F.);
#2560=ADVANCED_FACE('',(#2348),#300,.F.);
#2561=ADVANCED_FACE('',(#2349),#301,.F.);
#2562=ADVANCED_FACE('',(#2350),#2510,.F.);
#2563=ADVANCED_FACE('',(#2351),#302,.T.);
#2564=ADVANCED_FACE('',(#2352),#303,.T.);
#2565=ADVANCED_FACE('',(#2353),#304,.T.);
#2566=ADVANCED_FACE('',(#2354),#2511,.T.);
#2567=ADVANCED_FACE('',(#2355),#305,.F.);
#2568=ADVANCED_FACE('',(#2356),#85,.T.);
#2569=ADVANCED_FACE('',(#2357),#86,.T.);
#2570=ADVANCED_FACE('',(#2358),#87,.T.);
#2571=ADVANCED_FACE('',(#2359),#88,.T.);
#2572=ADVANCED_FACE('',(#2360),#2512,.T.);
#2573=ADVANCED_FACE('',(#2361),#306,.T.);
#2574=ADVANCED_FACE('',(#2362),#307,.T.);
#2575=ADVANCED_FACE('',(#2363),#308,.F.);
#2576=ADVANCED_FACE('',(#2364),#2513,.F.);
#2577=ADVANCED_FACE('',(#2365),#309,.T.);
#2578=ADVANCED_FACE('',(#2366),#310,.T.);
#2579=ADVANCED_FACE('',(#2367),#89,.F.);
#2580=ADVANCED_FACE('',(#2368),#90,.T.);
#2581=ADVANCED_FACE('',(#2369),#91,.T.);
#2582=ADVANCED_FACE('',(#2370),#92,.F.);
#2583=ADVANCED_FACE('',(#2371),#93,.F.);
#2584=ADVANCED_FACE('',(#2372),#2514,.F.);
#2585=ADVANCED_FACE('',(#2373),#2515,.F.);
#2586=ADVANCED_FACE('',(#2374),#2516,.F.);
#2587=ADVANCED_FACE('',(#2375),#79,.F.);
#2588=ADVANCED_FACE('',(#2376),#2517,.F.);
#2589=ADVANCED_FACE('',(#2377),#2518,.F.);
#2590=ADVANCED_FACE('',(#2378),#311,.F.);
#2591=ADVANCED_FACE('',(#2379),#312,.F.);
#2592=ADVANCED_FACE('',(#2380),#2519,.F.);
#2593=ADVANCED_FACE('',(#2381),#313,.T.);
#2594=ADVANCED_FACE('',(#2382),#314,.F.);
#2595=ADVANCED_FACE('',(#2383),#94,.F.);
#2596=ADVANCED_FACE('',(#2384),#95,.T.);
#2597=ADVANCED_FACE('',(#2385),#96,.T.);
#2598=ADVANCED_FACE('',(#2386),#97,.F.);
#2599=ADVANCED_FACE('',(#2387),#2520,.F.);
#2600=ADVANCED_FACE('',(#2388),#98,.T.);
#2601=ADVANCED_FACE('',(#2389),#99,.T.);
#2602=ADVANCED_FACE('',(#2390),#100,.T.);
#2603=ADVANCED_FACE('',(#2391),#101,.T.);
#2604=ADVANCED_FACE('',(#2392),#102,.F.);
#2605=ADVANCED_FACE('',(#2393),#2521,.F.);
#2606=ADVANCED_FACE('',(#2394),#2522,.F.);
#2607=ADVANCED_FACE('',(#2395),#80,.F.);
#2608=ADVANCED_FACE('',(#2396),#2523,.F.);
#2609=ADVANCED_FACE('',(#2397),#2524,.T.);
#2610=ADVANCED_FACE('',(#2398),#315,.T.);
#2611=ADVANCED_FACE('',(#2399,#2400),#316,.T.);
#2612=ADVANCED_FACE('',(#2401),#317,.T.);
#2613=ADVANCED_FACE('',(#2402),#318,.F.);
#2614=ADVANCED_FACE('',(#2403),#319,.F.);
#2615=ADVANCED_FACE('',(#2404),#320,.F.);
#2616=ADVANCED_FACE('',(#2405),#321,.F.);
#2617=ADVANCED_FACE('',(#2406),#2525,.F.);
#2618=ADVANCED_FACE('',(#2407),#322,.T.);
#2619=ADVANCED_FACE('',(#2408),#323,.T.);
#2620=ADVANCED_FACE('',(#2409),#324,.T.);
#2621=ADVANCED_FACE('',(#2410),#2526,.T.);
#2622=ADVANCED_FACE('',(#2411),#325,.F.);
#2623=ADVANCED_FACE('',(#2412),#103,.T.);
#2624=ADVANCED_FACE('',(#2413),#104,.T.);
#2625=ADVANCED_FACE('',(#2414),#105,.T.);
#2626=ADVANCED_FACE('',(#2415),#106,.T.);
#2627=ADVANCED_FACE('',(#2416),#2527,.T.);
#2628=ADVANCED_FACE('',(#2417),#326,.T.);
#2629=ADVANCED_FACE('',(#2418),#327,.T.);
#2630=ADVANCED_FACE('',(#2419),#328,.F.);
#2631=ADVANCED_FACE('',(#2420),#2528,.F.);
#2632=ADVANCED_FACE('',(#2421),#329,.T.);
#2633=ADVANCED_FACE('',(#2422),#330,.T.);
#2634=ADVANCED_FACE('',(#2423),#107,.F.);
#2635=ADVANCED_FACE('',(#2424),#108,.T.);
#2636=ADVANCED_FACE('',(#2425),#109,.T.);
#2637=ADVANCED_FACE('',(#2426),#110,.F.);
#2638=ADVANCED_FACE('',(#2427),#111,.F.);
#2639=ADVANCED_FACE('',(#2428),#2529,.F.);
#2640=ADVANCED_FACE('',(#2429),#2530,.F.);
#2641=ADVANCED_FACE('',(#2430),#2531,.F.);
#2642=ADVANCED_FACE('',(#2431),#81,.F.);
#2643=ADVANCED_FACE('',(#2432),#2532,.F.);
#2644=ADVANCED_FACE('',(#2433),#2533,.F.);
#2645=ADVANCED_FACE('',(#2434),#331,.F.);
#2646=ADVANCED_FACE('',(#2435),#332,.F.);
#2647=ADVANCED_FACE('',(#2436),#2534,.F.);
#2648=ADVANCED_FACE('',(#2437),#333,.T.);
#2649=ADVANCED_FACE('',(#2438),#334,.F.);
#2650=ADVANCED_FACE('',(#2439),#112,.F.);
#2651=ADVANCED_FACE('',(#2440),#113,.T.);
#2652=ADVANCED_FACE('',(#2441),#114,.T.);
#2653=ADVANCED_FACE('',(#2442),#115,.F.);
#2654=ADVANCED_FACE('',(#2443),#2535,.F.);
#2655=ADVANCED_FACE('',(#2444),#116,.T.);
#2656=ADVANCED_FACE('',(#2445),#117,.T.);
#2657=ADVANCED_FACE('',(#2446),#118,.T.);
#2658=ADVANCED_FACE('',(#2447),#119,.T.);
#2659=ADVANCED_FACE('',(#2448),#120,.F.);
#2660=ADVANCED_FACE('',(#2449),#2536,.F.);
#2661=ADVANCED_FACE('',(#2450),#2537,.F.);
#2662=ADVANCED_FACE('',(#2451),#82,.F.);
#2663=ADVANCED_FACE('',(#2452),#2538,.F.);
#2664=ADVANCED_FACE('',(#2453),#2539,.T.);
#2665=ADVANCED_FACE('',(#2454),#335,.T.);
#2666=ADVANCED_FACE('',(#2455,#2456),#336,.T.);
#2667=ADVANCED_FACE('',(#2457),#337,.T.);
#2668=ADVANCED_FACE('',(#2458),#338,.F.);
#2669=ADVANCED_FACE('',(#2459),#339,.F.);
#2670=ADVANCED_FACE('',(#2460),#340,.F.);
#2671=ADVANCED_FACE('',(#2461),#341,.F.);
#2672=ADVANCED_FACE('',(#2462),#2540,.F.);
#2673=ADVANCED_FACE('',(#2463),#342,.T.);
#2674=ADVANCED_FACE('',(#2464),#343,.T.);
#2675=ADVANCED_FACE('',(#2465),#344,.T.);
#2676=ADVANCED_FACE('',(#2466),#2541,.T.);
#2677=ADVANCED_FACE('',(#2467),#345,.F.);
#2678=ADVANCED_FACE('',(#2468),#121,.T.);
#2679=ADVANCED_FACE('',(#2469),#122,.T.);
#2680=ADVANCED_FACE('',(#2470),#123,.T.);
#2681=ADVANCED_FACE('',(#2471),#124,.T.);
#2682=ADVANCED_FACE('',(#2472),#2542,.T.);
#2683=ADVANCED_FACE('',(#2473),#346,.T.);
#2684=ADVANCED_FACE('',(#2474),#347,.T.);
#2685=ADVANCED_FACE('',(#2475),#348,.F.);
#2686=ADVANCED_FACE('',(#2476),#2543,.F.);
#2687=ADVANCED_FACE('',(#2477),#349,.T.);
#2688=ADVANCED_FACE('',(#2478),#350,.T.);
#2689=ADVANCED_FACE('',(#2479),#125,.F.);
#2690=ADVANCED_FACE('',(#2480),#126,.T.);
#2691=ADVANCED_FACE('',(#2481),#127,.T.);
#2692=ADVANCED_FACE('',(#2482),#128,.F.);
#2693=ADVANCED_FACE('',(#2483),#129,.F.);
#2694=ADVANCED_FACE('',(#2484),#2544,.F.);
#2695=ADVANCED_FACE('',(#2485),#2545,.F.);
#2696=ADVANCED_FACE('',(#2486),#2546,.F.);
#2697=ADVANCED_FACE('',(#2487),#83,.F.);
#2698=ADVANCED_FACE('',(#2488),#2547,.F.);
#2699=ADVANCED_FACE('',(#2489),#2548,.F.);
#2700=ADVANCED_FACE('',(#2490),#351,.F.);
#2701=ADVANCED_FACE('',(#2491),#352,.F.);
#2702=ADVANCED_FACE('',(#2492),#2549,.F.);
#2703=ADVANCED_FACE('',(#2493),#353,.T.);
#2704=ADVANCED_FACE('',(#2494),#354,.F.);
#2705=ADVANCED_FACE('',(#2495),#130,.F.);
#2706=ADVANCED_FACE('',(#2496),#131,.T.);
#2707=ADVANCED_FACE('',(#2497),#132,.T.);
#2708=ADVANCED_FACE('',(#2498),#133,.F.);
#2709=ADVANCED_FACE('',(#2499),#2550,.F.);
#2710=ADVANCED_FACE('',(#2500),#134,.T.);
#2711=ADVANCED_FACE('',(#2501),#135,.T.);
#2712=ADVANCED_FACE('',(#2502),#136,.T.);
#2713=ADVANCED_FACE('',(#2503),#137,.T.);
#2714=ADVANCED_FACE('',(#2504),#138,.F.);
#2715=ADVANCED_FACE('',(#2505),#2551,.F.);
#2716=ADVANCED_FACE('',(#2506),#2552,.F.);
#2717=ADVANCED_FACE('',(#2507),#84,.F.);
#2718=ADVANCED_FACE('',(#2508),#2553,.F.);
#2719=CLOSED_SHELL('',(#2554,#2555,#2556,#2557,#2558,#2559,#2560,#2561,
#2562,#2563,#2564,#2565,#2566,#2567,#2568,#2569,#2570,#2571,#2572,#2573,
#2574,#2575,#2576,#2577,#2578,#2579,#2580,#2581,#2582,#2583,#2584,#2585,
#2586,#2587,#2588,#2589,#2590,#2591,#2592,#2593,#2594,#2595,#2596,#2597,
#2598,#2599,#2600,#2601,#2602,#2603,#2604,#2605,#2606,#2607,#2608));
#2720=CLOSED_SHELL('',(#2609,#2610,#2611,#2612,#2613,#2614,#2615,#2616,
#2617,#2618,#2619,#2620,#2621,#2622,#2623,#2624,#2625,#2626,#2627,#2628,
#2629,#2630,#2631,#2632,#2633,#2634,#2635,#2636,#2637,#2638,#2639,#2640,
#2641,#2642,#2643,#2644,#2645,#2646,#2647,#2648,#2649,#2650,#2651,#2652,
#2653,#2654,#2655,#2656,#2657,#2658,#2659,#2660,#2661,#2662,#2663));
#2721=CLOSED_SHELL('',(#2664,#2665,#2666,#2667,#2668,#2669,#2670,#2671,
#2672,#2673,#2674,#2675,#2676,#2677,#2678,#2679,#2680,#2681,#2682,#2683,
#2684,#2685,#2686,#2687,#2688,#2689,#2690,#2691,#2692,#2693,#2694,#2695,
#2696,#2697,#2698,#2699,#2700,#2701,#2702,#2703,#2704,#2705,#2706,#2707,
#2708,#2709,#2710,#2711,#2712,#2713,#2714,#2715,#2716,#2717,#2718));
#2722=STYLED_ITEM('',(#2725),#2744);
#2723=STYLED_ITEM('',(#2726),#2745);
#2724=STYLED_ITEM('',(#2727),#2746);
#2725=PRESENTATION_STYLE_ASSIGNMENT((#2728));
#2726=PRESENTATION_STYLE_ASSIGNMENT((#2729));
#2727=PRESENTATION_STYLE_ASSIGNMENT((#2730));
#2728=SURFACE_STYLE_USAGE(.BOTH.,#2731);
#2729=SURFACE_STYLE_USAGE(.BOTH.,#2732);
#2730=SURFACE_STYLE_USAGE(.BOTH.,#2733);
#2731=SURFACE_SIDE_STYLE('',(#2734));
#2732=SURFACE_SIDE_STYLE('',(#2735));
#2733=SURFACE_SIDE_STYLE('',(#2736));
#2734=SURFACE_STYLE_FILL_AREA(#2737);
#2735=SURFACE_STYLE_FILL_AREA(#2738);
#2736=SURFACE_STYLE_FILL_AREA(#2739);
#2737=FILL_AREA_STYLE('',(#2740));
#2738=FILL_AREA_STYLE('',(#2741));
#2739=FILL_AREA_STYLE('',(#2742));
#2740=FILL_AREA_STYLE_COLOUR('',#2743);
#2741=FILL_AREA_STYLE_COLOUR('',#2743);
#2742=FILL_AREA_STYLE_COLOUR('',#2743);
#2743=COLOUR_RGB('',1.,0.6,0.);
#2744=MANIFOLD_SOLID_BREP('Body (1)',#2719);
#2745=MANIFOLD_SOLID_BREP('Body (0)',#2720);
#2746=MANIFOLD_SOLID_BREP('Body (2)',#2721);
#2747=SHAPE_DEFINITION_REPRESENTATION(#6957,#2748);
#2748=SHAPE_REPRESENTATION('cap_crown_3versions',(#2749),#6952);
#2749=AXIS2_PLACEMENT_3D('',#3661,#3003,#3004);
#2750=AXIS2_PLACEMENT_3D('',#3662,#3005,#3006);
#2751=AXIS2_PLACEMENT_3D('',#3666,#3008,#3009);
#2752=AXIS2_PLACEMENT_3D('',#3670,#3011,#3012);
#2753=AXIS2_PLACEMENT_3D('',#3671,#3013,#3014);
#2754=AXIS2_PLACEMENT_3D('',#3725,#3020,#3021);
#2755=AXIS2_PLACEMENT_3D('',#3758,#3026,#3027);
#2756=AXIS2_PLACEMENT_3D('',#3763,#3029,#3030);
#2757=AXIS2_PLACEMENT_3D('',#3767,#3032,#3033);
#2758=AXIS2_PLACEMENT_3D('',#3771,#3035,#3036);
#2759=AXIS2_PLACEMENT_3D('',#3774,#3038,#3039);
#2760=AXIS2_PLACEMENT_3D('',#3807,#3040,#3041);
#2761=AXIS2_PLACEMENT_3D('',#3875,#3042,#3043);
#2762=AXIS2_PLACEMENT_3D('',#3884,#3048,#3049);
#2763=AXIS2_PLACEMENT_3D('',#3893,#3054,#3055);
#2764=AXIS2_PLACEMENT_3D('',#3894,#3056,#3057);
#2765=AXIS2_PLACEMENT_3D('',#3895,#3058,#3059);
#2766=AXIS2_PLACEMENT_3D('',#3899,#3061,#3062);
#2767=AXIS2_PLACEMENT_3D('',#3903,#3064,#3065);
#2768=AXIS2_PLACEMENT_3D('',#3904,#3066,#3067);
#2769=AXIS2_PLACEMENT_3D('',#3905,#3068,#3069);
#2770=AXIS2_PLACEMENT_3D('',#3906,#3070,#3071);
#2771=AXIS2_PLACEMENT_3D('',#3907,#3072,#3073);
#2772=AXIS2_PLACEMENT_3D('',#3908,#3074,#3075);
#2773=AXIS2_PLACEMENT_3D('',#3909,#3076,#3077);
#2774=AXIS2_PLACEMENT_3D('',#3910,#3078,#3079);
#2775=AXIS2_PLACEMENT_3D('',#3911,#3080,#3081);
#2776=AXIS2_PLACEMENT_3D('',#3920,#3086,#3087);
#2777=AXIS2_PLACEMENT_3D('',#3924,#3089,#3090);
#2778=AXIS2_PLACEMENT_3D('',#3925,#3091,#3092);
#2779=AXIS2_PLACEMENT_3D('',#3926,#3093,#3094);
#2780=AXIS2_PLACEMENT_3D('',#3932,#3097,#3098);
#2781=AXIS2_PLACEMENT_3D('',#3935,#3100,#3101);
#2782=AXIS2_PLACEMENT_3D('',#3992,#3102,#3103);
#2783=AXIS2_PLACEMENT_3D('',#4078,#3104,#3105);
#2784=AXIS2_PLACEMENT_3D('',#4082,#3107,#3108);
#2785=AXIS2_PLACEMENT_3D('',#4086,#3110,#3111);
#2786=AXIS2_PLACEMENT_3D('',#4087,#3112,#3113);
#2787=AXIS2_PLACEMENT_3D('',#4141,#3119,#3120);
#2788=AXIS2_PLACEMENT_3D('',#4174,#3121,#3122);
#2789=AXIS2_PLACEMENT_3D('',#4180,#3126,#3127);
#2790=AXIS2_PLACEMENT_3D('',#4181,#3128,#3129);
#2791=AXIS2_PLACEMENT_3D('',#4182,#3130,#3131);
#2792=AXIS2_PLACEMENT_3D('',#4183,#3132,#3133);
#2793=AXIS2_PLACEMENT_3D('',#4184,#3134,#3135);
#2794=AXIS2_PLACEMENT_3D('',#4244,#3138,#3139);
#2795=AXIS2_PLACEMENT_3D('',#4351,#3140,#3141);
#2796=AXIS2_PLACEMENT_3D('',#4352,#3142,#3143);
#2797=AXIS2_PLACEMENT_3D('',#4353,#3144,#3145);
#2798=AXIS2_PLACEMENT_3D('',#4354,#3146,#3147);
#2799=AXIS2_PLACEMENT_3D('',#4355,#3148,#3149);
#2800=AXIS2_PLACEMENT_3D('',#4357,#3150,#3151);
#2801=AXIS2_PLACEMENT_3D('',#4358,#3152,#3153);
#2802=AXIS2_PLACEMENT_3D('',#4359,#3154,#3155);
#2803=AXIS2_PLACEMENT_3D('',#4360,#3156,#3157);
#2804=AXIS2_PLACEMENT_3D('',#4361,#3158,#3159);
#2805=AXIS2_PLACEMENT_3D('',#4362,#3160,#3161);
#2806=AXIS2_PLACEMENT_3D('',#4363,#3162,#3163);
#2807=AXIS2_PLACEMENT_3D('',#4364,#3164,#3165);
#2808=AXIS2_PLACEMENT_3D('',#4365,#3166,#3167);
#2809=AXIS2_PLACEMENT_3D('',#4366,#3168,#3169);
#2810=AXIS2_PLACEMENT_3D('',#4368,#3170,#3171);
#2811=AXIS2_PLACEMENT_3D('',#4369,#3172,#3173);
#2812=AXIS2_PLACEMENT_3D('',#4437,#3174,#3175);
#2813=AXIS2_PLACEMENT_3D('',#4443,#3179,#3180);
#2814=AXIS2_PLACEMENT_3D('',#4444,#3181,#3182);
#2815=AXIS2_PLACEMENT_3D('',#4445,#3183,#3184);
#2816=AXIS2_PLACEMENT_3D('',#4446,#3185,#3186);
#2817=AXIS2_PLACEMENT_3D('',#4447,#3187,#3188);
#2818=AXIS2_PLACEMENT_3D('',#4507,#3191,#3192);
#2819=AXIS2_PLACEMENT_3D('',#4593,#3193,#3194);
#2820=AXIS2_PLACEMENT_3D('',#4650,#3195,#3196);
#2821=AXIS2_PLACEMENT_3D('',#4757,#3197,#3198);
#2822=AXIS2_PLACEMENT_3D('',#4758,#3199,#3200);
#2823=AXIS2_PLACEMENT_3D('',#4759,#3201,#3202);
#2824=AXIS2_PLACEMENT_3D('',#4760,#3203,#3204);
#2825=AXIS2_PLACEMENT_3D('',#4761,#3205,#3206);
#2826=AXIS2_PLACEMENT_3D('',#4762,#3207,#3208);
#2827=AXIS2_PLACEMENT_3D('',#4763,#3209,#3210);
#2828=AXIS2_PLACEMENT_3D('',#4764,#3211,#3212);
#2829=AXIS2_PLACEMENT_3D('',#4765,#3213,#3214);
#2830=AXIS2_PLACEMENT_3D('',#4769,#3216,#3217);
#2831=AXIS2_PLACEMENT_3D('',#4773,#3219,#3220);
#2832=AXIS2_PLACEMENT_3D('',#4774,#3221,#3222);
#2833=AXIS2_PLACEMENT_3D('',#4828,#3228,#3229);
#2834=AXIS2_PLACEMENT_3D('',#4861,#3234,#3235);
#2835=AXIS2_PLACEMENT_3D('',#4866,#3237,#3238);
#2836=AXIS2_PLACEMENT_3D('',#4870,#3240,#3241);
#2837=AXIS2_PLACEMENT_3D('',#4874,#3243,#3244);
#2838=AXIS2_PLACEMENT_3D('',#4877,#3246,#3247);
#2839=AXIS2_PLACEMENT_3D('',#4910,#3248,#3249);
#2840=AXIS2_PLACEMENT_3D('',#4978,#3250,#3251);
#2841=AXIS2_PLACEMENT_3D('',#4987,#3256,#3257);
#2842=AXIS2_PLACEMENT_3D('',#4996,#3262,#3263);
#2843=AXIS2_PLACEMENT_3D('',#4997,#3264,#3265);
#2844=AXIS2_PLACEMENT_3D('',#4998,#3266,#3267);
#2845=AXIS2_PLACEMENT_3D('',#5002,#3269,#3270);
#2846=AXIS2_PLACEMENT_3D('',#5006,#3272,#3273);
#2847=AXIS2_PLACEMENT_3D('',#5007,#3274,#3275);
#2848=AXIS2_PLACEMENT_3D('',#5008,#3276,#3277);
#2849=AXIS2_PLACEMENT_3D('',#5009,#3278,#3279);
#2850=AXIS2_PLACEMENT_3D('',#5010,#3280,#3281);
#2851=AXIS2_PLACEMENT_3D('',#5011,#3282,#3283);
#2852=AXIS2_PLACEMENT_3D('',#5012,#3284,#3285);
#2853=AXIS2_PLACEMENT_3D('',#5013,#3286,#3287);
#2854=AXIS2_PLACEMENT_3D('',#5014,#3288,#3289);
#2855=AXIS2_PLACEMENT_3D('',#5023,#3294,#3295);
#2856=AXIS2_PLACEMENT_3D('',#5027,#3297,#3298);
#2857=AXIS2_PLACEMENT_3D('',#5028,#3299,#3300);
#2858=AXIS2_PLACEMENT_3D('',#5029,#3301,#3302);
#2859=AXIS2_PLACEMENT_3D('',#5035,#3305,#3306);
#2860=AXIS2_PLACEMENT_3D('',#5038,#3308,#3309);
#2861=AXIS2_PLACEMENT_3D('',#5095,#3310,#3311);
#2862=AXIS2_PLACEMENT_3D('',#5177,#3312,#3313);
#2863=AXIS2_PLACEMENT_3D('',#5181,#3315,#3316);
#2864=AXIS2_PLACEMENT_3D('',#5185,#3318,#3319);
#2865=AXIS2_PLACEMENT_3D('',#5186,#3320,#3321);
#2866=AXIS2_PLACEMENT_3D('',#5240,#3327,#3328);
#2867=AXIS2_PLACEMENT_3D('',#5273,#3329,#3330);
#2868=AXIS2_PLACEMENT_3D('',#5279,#3334,#3335);
#2869=AXIS2_PLACEMENT_3D('',#5280,#3336,#3337);
#2870=AXIS2_PLACEMENT_3D('',#5281,#3338,#3339);
#2871=AXIS2_PLACEMENT_3D('',#5282,#3340,#3341);
#2872=AXIS2_PLACEMENT_3D('',#5283,#3342,#3343);
#2873=AXIS2_PLACEMENT_3D('',#5343,#3346,#3347);
#2874=AXIS2_PLACEMENT_3D('',#5446,#3348,#3349);
#2875=AXIS2_PLACEMENT_3D('',#5447,#3350,#3351);
#2876=AXIS2_PLACEMENT_3D('',#5448,#3352,#3353);
#2877=AXIS2_PLACEMENT_3D('',#5449,#3354,#3355);
#2878=AXIS2_PLACEMENT_3D('',#5450,#3356,#3357);
#2879=AXIS2_PLACEMENT_3D('',#5452,#3358,#3359);
#2880=AXIS2_PLACEMENT_3D('',#5453,#3360,#3361);
#2881=AXIS2_PLACEMENT_3D('',#5454,#3362,#3363);
#2882=AXIS2_PLACEMENT_3D('',#5455,#3364,#3365);
#2883=AXIS2_PLACEMENT_3D('',#5456,#3366,#3367);
#2884=AXIS2_PLACEMENT_3D('',#5457,#3368,#3369);
#2885=AXIS2_PLACEMENT_3D('',#5458,#3370,#3371);
#2886=AXIS2_PLACEMENT_3D('',#5459,#3372,#3373);
#2887=AXIS2_PLACEMENT_3D('',#5460,#3374,#3375);
#2888=AXIS2_PLACEMENT_3D('',#5461,#3376,#3377);
#2889=AXIS2_PLACEMENT_3D('',#5463,#3378,#3379);
#2890=AXIS2_PLACEMENT_3D('',#5464,#3380,#3381);
#2891=AXIS2_PLACEMENT_3D('',#5532,#3382,#3383);
#2892=AXIS2_PLACEMENT_3D('',#5538,#3387,#3388);
#2893=AXIS2_PLACEMENT_3D('',#5539,#3389,#3390);
#2894=AXIS2_PLACEMENT_3D('',#5540,#3391,#3392);
#2895=AXIS2_PLACEMENT_3D('',#5541,#3393,#3394);
#2896=AXIS2_PLACEMENT_3D('',#5542,#3395,#3396);
#2897=AXIS2_PLACEMENT_3D('',#5602,#3399,#3400);
#2898=AXIS2_PLACEMENT_3D('',#5684,#3401,#3402);
#2899=AXIS2_PLACEMENT_3D('',#5741,#3403,#3404);
#2900=AXIS2_PLACEMENT_3D('',#5844,#3405,#3406);
#2901=AXIS2_PLACEMENT_3D('',#5845,#3407,#3408);
#2902=AXIS2_PLACEMENT_3D('',#5846,#3409,#3410);
#2903=AXIS2_PLACEMENT_3D('',#5847,#3411,#3412);
#2904=AXIS2_PLACEMENT_3D('',#5848,#3413,#3414);
#2905=AXIS2_PLACEMENT_3D('',#5849,#3415,#3416);
#2906=AXIS2_PLACEMENT_3D('',#5850,#3417,#3418);
#2907=AXIS2_PLACEMENT_3D('',#5851,#3419,#3420);
#2908=AXIS2_PLACEMENT_3D('',#5852,#3421,#3422);
#2909=AXIS2_PLACEMENT_3D('',#5856,#3424,#3425);
#2910=AXIS2_PLACEMENT_3D('',#5860,#3427,#3428);
#2911=AXIS2_PLACEMENT_3D('',#5861,#3429,#3430);
#2912=AXIS2_PLACEMENT_3D('',#5915,#3436,#3437);
#2913=AXIS2_PLACEMENT_3D('',#5948,#3442,#3443);
#2914=AXIS2_PLACEMENT_3D('',#5953,#3445,#3446);
#2915=AXIS2_PLACEMENT_3D('',#5957,#3448,#3449);
#2916=AXIS2_PLACEMENT_3D('',#5961,#3451,#3452);
#2917=AXIS2_PLACEMENT_3D('',#5964,#3454,#3455);
#2918=AXIS2_PLACEMENT_3D('',#5997,#3456,#3457);
#2919=AXIS2_PLACEMENT_3D('',#6065,#3458,#3459);
#2920=AXIS2_PLACEMENT_3D('',#6074,#3464,#3465);
#2921=AXIS2_PLACEMENT_3D('',#6083,#3470,#3471);
#2922=AXIS2_PLACEMENT_3D('',#6084,#3472,#3473);
#2923=AXIS2_PLACEMENT_3D('',#6085,#3474,#3475);
#2924=AXIS2_PLACEMENT_3D('',#6089,#3477,#3478);
#2925=AXIS2_PLACEMENT_3D('',#6093,#3480,#3481);
#2926=AXIS2_PLACEMENT_3D('',#6094,#3482,#3483);
#2927=AXIS2_PLACEMENT_3D('',#6095,#3484,#3485);
#2928=AXIS2_PLACEMENT_3D('',#6096,#3486,#3487);
#2929=AXIS2_PLACEMENT_3D('',#6097,#3488,#3489);
#2930=AXIS2_PLACEMENT_3D('',#6098,#3490,#3491);
#2931=AXIS2_PLACEMENT_3D('',#6099,#3492,#3493);
#2932=AXIS2_PLACEMENT_3D('',#6100,#3494,#3495);
#2933=AXIS2_PLACEMENT_3D('',#6101,#3496,#3497);
#2934=AXIS2_PLACEMENT_3D('',#6110,#3502,#3503);
#2935=AXIS2_PLACEMENT_3D('',#6114,#3505,#3506);
#2936=AXIS2_PLACEMENT_3D('',#6115,#3507,#3508);
#2937=AXIS2_PLACEMENT_3D('',#6116,#3509,#3510);
#2938=AXIS2_PLACEMENT_3D('',#6122,#3513,#3514);
#2939=AXIS2_PLACEMENT_3D('',#6125,#3516,#3517);
#2940=AXIS2_PLACEMENT_3D('',#6179,#3518,#3519);
#2941=AXIS2_PLACEMENT_3D('',#6261,#3520,#3521);
#2942=AXIS2_PLACEMENT_3D('',#6265,#3523,#3524);
#2943=AXIS2_PLACEMENT_3D('',#6269,#3526,#3527);
#2944=AXIS2_PLACEMENT_3D('',#6270,#3528,#3529);
#2945=AXIS2_PLACEMENT_3D('',#6324,#3535,#3536);
#2946=AXIS2_PLACEMENT_3D('',#6357,#3537,#3538);
#2947=AXIS2_PLACEMENT_3D('',#6363,#3542,#3543);
#2948=AXIS2_PLACEMENT_3D('',#6364,#3544,#3545);
#2949=AXIS2_PLACEMENT_3D('',#6365,#3546,#3547);
#2950=AXIS2_PLACEMENT_3D('',#6366,#3548,#3549);
#2951=AXIS2_PLACEMENT_3D('',#6367,#3550,#3551);
#2952=AXIS2_PLACEMENT_3D('',#6424,#3554,#3555);
#2953=AXIS2_PLACEMENT_3D('',#6527,#3556,#3557);
#2954=AXIS2_PLACEMENT_3D('',#6528,#3558,#3559);
#2955=AXIS2_PLACEMENT_3D('',#6529,#3560,#3561);
#2956=AXIS2_PLACEMENT_3D('',#6530,#3562,#3563);
#2957=AXIS2_PLACEMENT_3D('',#6531,#3564,#3565);
#2958=AXIS2_PLACEMENT_3D('',#6533,#3566,#3567);
#2959=AXIS2_PLACEMENT_3D('',#6534,#3568,#3569);
#2960=AXIS2_PLACEMENT_3D('',#6535,#3570,#3571);
#2961=AXIS2_PLACEMENT_3D('',#6536,#3572,#3573);
#2962=AXIS2_PLACEMENT_3D('',#6537,#3574,#3575);
#2963=AXIS2_PLACEMENT_3D('',#6538,#3576,#3577);
#2964=AXIS2_PLACEMENT_3D('',#6539,#3578,#3579);
#2965=AXIS2_PLACEMENT_3D('',#6540,#3580,#3581);
#2966=AXIS2_PLACEMENT_3D('',#6541,#3582,#3583);
#2967=AXIS2_PLACEMENT_3D('',#6542,#3584,#3585);
#2968=AXIS2_PLACEMENT_3D('',#6544,#3586,#3587);
#2969=AXIS2_PLACEMENT_3D('',#6545,#3588,#3589);
#2970=AXIS2_PLACEMENT_3D('',#6613,#3590,#3591);
#2971=AXIS2_PLACEMENT_3D('',#6619,#3595,#3596);
#2972=AXIS2_PLACEMENT_3D('',#6620,#3597,#3598);
#2973=AXIS2_PLACEMENT_3D('',#6621,#3599,#3600);
#2974=AXIS2_PLACEMENT_3D('',#6622,#3601,#3602);
#2975=AXIS2_PLACEMENT_3D('',#6623,#3603,#3604);
#2976=AXIS2_PLACEMENT_3D('',#6680,#3607,#3608);
#2977=AXIS2_PLACEMENT_3D('',#6762,#3609,#3610);
#2978=AXIS2_PLACEMENT_3D('',#6816,#3611,#3612);
#2979=AXIS2_PLACEMENT_3D('',#6919,#3613,#3614);
#2980=AXIS2_PLACEMENT_3D('',#6920,#3615,#3616);
#2981=AXIS2_PLACEMENT_3D('',#6921,#3617,#3618);
#2982=AXIS2_PLACEMENT_3D('',#6922,#3619,#3620);
#2983=AXIS2_PLACEMENT_3D('',#6923,#3621,#3622);
#2984=AXIS2_PLACEMENT_3D('',#6924,#3623,#3624);
#2985=AXIS2_PLACEMENT_3D('',#6925,#3625,#3626);
#2986=AXIS2_PLACEMENT_3D('',#6926,#3627,#3628);
#2987=AXIS2_PLACEMENT_3D('',#6927,#3629,#3630);
#2988=AXIS2_PLACEMENT_3D('',#6929,#3631,#3632);
#2989=AXIS2_PLACEMENT_3D('',#6930,#3633,#3634);
#2990=AXIS2_PLACEMENT_3D('',#6932,#3635,#3636);
#2991=AXIS2_PLACEMENT_3D('',#6933,#3637,#3638);
#2992=AXIS2_PLACEMENT_3D('',#6935,#3639,#3640);
#2993=AXIS2_PLACEMENT_3D('',#6936,#3641,#3642);
#2994=AXIS2_PLACEMENT_3D('',#6938,#3643,#3644);
#2995=AXIS2_PLACEMENT_3D('',#6939,#3645,#3646);
#2996=AXIS2_PLACEMENT_3D('',#6941,#3647,#3648);
#2997=AXIS2_PLACEMENT_3D('',#6942,#3649,#3650);
#2998=AXIS2_PLACEMENT_3D('',#6944,#3651,#3652);
#2999=AXIS2_PLACEMENT_3D('',#6945,#3653,#3654);
#3000=AXIS2_PLACEMENT_3D('',#6947,#3655,#3656);
#3001=AXIS2_PLACEMENT_3D('',#6948,#3657,#3658);
#3002=AXIS2_PLACEMENT_3D('',#6950,#3659,#3660);
#3003=DIRECTION('',(0.,0.,1.));
#3004=DIRECTION('',(1.,0.,0.));
#3005=DIRECTION('',(-1.,0.,0.));
#3006=DIRECTION('',(0.,0.,1.));
#3007=DIRECTION('',(-1.,0.,0.));
#3008=DIRECTION('',(-1.,0.,0.));
#3009=DIRECTION('',(0.,0.,1.));
#3010=DIRECTION('',(-1.,0.,0.));
#3011=DIRECTION('',(-1.,0.,0.));
#3012=DIRECTION('',(0.,0.,1.));
#3013=DIRECTION('',(0.,0.78551248109803,0.618845814431363));
#3014=DIRECTION('',(0.,-0.618845814431363,0.78551248109803));
#3015=DIRECTION('',(-1.,0.,0.));
#3016=DIRECTION('',(0.,-0.618845814431363,0.78551248109803));
#3017=DIRECTION('',(-1.,0.,0.));
#3018=DIRECTION('',(0.,-0.618845814431363,0.78551248109803));
#3019=DIRECTION('',(1.,0.,0.));
#3020=DIRECTION('',(0.,0.,-1.));
#3021=DIRECTION('',(-1.,0.,0.));
#3022=DIRECTION('',(-1.,0.,0.));
#3023=DIRECTION('',(0.,-1.,0.));
#3024=DIRECTION('',(-1.,0.,0.));
#3025=DIRECTION('',(0.,-1.,0.));
#3026=DIRECTION('',(0.,-1.73472347597681E-16,-1.));
#3027=DIRECTION('',(0.,-1.,1.73472347597681E-16));
#3028=DIRECTION('',(1.,0.,0.));
#3029=DIRECTION('',(0.,1.73472347597681E-16,1.));
#3030=DIRECTION('',(0.,-1.,1.73472347597681E-16));
#3031=DIRECTION('',(0.,1.,0.));
#3032=DIRECTION('',(0.,1.73472347597681E-16,-1.));
#3033=DIRECTION('',(0.,1.,1.73472347597681E-16));
#3034=DIRECTION('',(1.,0.,0.));
#3035=DIRECTION('',(0.,-1.73472347597681E-16,1.));
#3036=DIRECTION('',(0.,1.,1.73472347597681E-16));
#3037=DIRECTION('',(0.,1.,0.));
#3038=DIRECTION('',(0.,-0.963926527858084,-0.266168459610561));
#3039=DIRECTION('',(0.,0.266168459610561,-0.963926527858084));
#3040=DIRECTION('',(-1.,0.,0.));
#3041=DIRECTION('',(0.,0.,1.));
#3042=DIRECTION('',(1.,0.,0.));
#3043=DIRECTION('',(0.,-1.,0.));
#3044=DIRECTION('',(0.,1.,0.));
#3045=DIRECTION('',(0.,-1.73472347597681E-16,1.));
#3046=DIRECTION('',(0.,-1.,0.));
#3047=DIRECTION('',(0.,1.73472347597681E-16,1.));
#3048=DIRECTION('',(0.,-1.,0.));
#3049=DIRECTION('',(-1.,0.,0.));
#3050=DIRECTION('',(0.,1.73472347597681E-16,1.));
#3051=DIRECTION('',(-1.,0.,0.));
#3052=DIRECTION('',(0.,1.73472347597681E-16,1.));
#3053=DIRECTION('',(1.,0.,0.));
#3054=DIRECTION('',(0.,0.,1.));
#3055=DIRECTION('',(-1.,0.,0.));
#3056=DIRECTION('',(0.,0.,-1.));
#3057=DIRECTION('',(-1.,0.,0.));
#3058=DIRECTION('',(0.,0.,1.));
#3059=DIRECTION('',(1.,0.,0.));
#3060=DIRECTION('',(0.,1.,0.));
#3061=DIRECTION('',(0.,0.,-1.));
#3062=DIRECTION('',(1.,0.,0.));
#3063=DIRECTION('',(1.,0.,0.));
#3064=DIRECTION('',(0.,0.,1.));
#3065=DIRECTION('',(-1.,0.,0.));
#3066=DIRECTION('',(0.,1.73472347597681E-16,1.));
#3067=DIRECTION('',(0.,-1.,1.73472347597681E-16));
#3068=DIRECTION('',(0.,0.707106781186547,-0.707106781186548));
#3069=DIRECTION('',(0.,0.707106781186548,0.707106781186547));
#3070=DIRECTION('',(-0.707106781186548,0.,-0.707106781186548));
#3071=DIRECTION('',(-0.707106781186548,2.4532694666934E-16,0.707106781186548));
#3072=DIRECTION('',(0.,0.707106781186547,-0.707106781186548));
#3073=DIRECTION('',(1.,0.,0.));
#3074=DIRECTION('',(0.,-0.707106781186547,0.707106781186548));
#3075=DIRECTION('',(0.,0.707106781186548,0.707106781186547));
#3076=DIRECTION('',(-0.707106781186548,0.,-0.707106781186548));
#3077=DIRECTION('',(0.,1.,0.));
#3078=DIRECTION('',(0.707106781186548,0.,0.707106781186548));
#3079=DIRECTION('',(-0.707106781186548,-2.4532694666934E-16,0.707106781186548));
#3080=DIRECTION('',(0.,-0.866025403784439,0.5));
#3081=DIRECTION('',(0.,-0.5,-0.866025403784438));
#3082=DIRECTION('',(-1.,0.,0.));
#3083=DIRECTION('',(0.,0.5,0.866025403784438));
#3084=DIRECTION('',(-1.,0.,0.));
#3085=DIRECTION('',(0.,0.5,0.866025403784438));
#3086=DIRECTION('',(-1.,0.,0.));
#3087=DIRECTION('',(0.,0.,1.));
#3088=DIRECTION('',(-1.,0.,0.));
#3089=DIRECTION('',(-1.,0.,0.));
#3090=DIRECTION('',(0.,-1.,-1.83697019872103E-16));
#3091=DIRECTION('',(-1.,0.,0.));
#3092=DIRECTION('',(0.,-1.,-1.83697019872103E-16));
#3093=DIRECTION('',(-1.,0.,0.));
#3094=DIRECTION('',(0.,0.,1.));
#3095=DIRECTION('',(0.,-0.618845814431363,0.78551248109803));
#3096=DIRECTION('',(0.,-0.618845814431363,-0.78551248109803));
#3097=DIRECTION('',(-1.,0.,0.));
#3098=DIRECTION('',(0.,0.,1.));
#3099=DIRECTION('',(0.,-0.5,0.866025403784438));
#3100=DIRECTION('',(-1.,0.,0.));
#3101=DIRECTION('',(0.,0.,1.));
#3102=DIRECTION('',(0.80797628994297,0.364633235849104,-0.462835735660293));
#3103=DIRECTION('',(-0.497057538419738,0.,-0.867717582799905));
#3104=DIRECTION('',(-1.,0.,0.));
#3105=DIRECTION('',(0.,0.,1.));
#3106=DIRECTION('',(-1.,0.,0.));
#3107=DIRECTION('',(1.,0.,0.));
#3108=DIRECTION('',(0.,0.,1.));
#3109=DIRECTION('',(-1.,0.,0.));
#3110=DIRECTION('',(1.,0.,0.));
#3111=DIRECTION('',(0.,0.,1.));
#3112=DIRECTION('',(0.,-0.78551248109803,0.618845814431363));
#3113=DIRECTION('',(0.,0.618845814431363,0.78551248109803));
#3114=DIRECTION('',(1.,0.,0.));
#3115=DIRECTION('',(0.,-0.618845814431363,-0.78551248109803));
#3116=DIRECTION('',(1.,0.,0.));
#3117=DIRECTION('',(0.,-0.618845814431363,-0.78551248109803));
#3118=DIRECTION('',(-1.,0.,0.));
#3119=DIRECTION('',(0.,0.963926527858084,-0.266168459610561));
#3120=DIRECTION('',(0.,-0.266168459610561,-0.963926527858084));
#3121=DIRECTION('',(0.,1.,0.));
#3122=DIRECTION('',(-1.,0.,0.));
#3123=DIRECTION('',(0.,-1.73472347597681E-16,1.));
#3124=DIRECTION('',(0.,-1.73472347597681E-16,1.));
#3125=DIRECTION('',(-1.,0.,0.));
#3126=DIRECTION('',(0.,-1.73472347597681E-16,1.));
#3127=DIRECTION('',(0.,1.,1.73472347597681E-16));
#3128=DIRECTION('',(0.,0.707106781186547,0.707106781186548));
#3129=DIRECTION('',(0.,-0.707106781186548,0.707106781186547));
#3130=DIRECTION('',(0.,-0.707106781186547,-0.707106781186548));
#3131=DIRECTION('',(1.,0.,0.));
#3132=DIRECTION('',(0.,-0.707106781186547,-0.707106781186548));
#3133=DIRECTION('',(0.,-0.707106781186548,0.707106781186547));
#3134=DIRECTION('',(0.,0.866025403784439,0.5));
#3135=DIRECTION('',(0.,0.5,-0.866025403784438));
#3136=DIRECTION('',(1.,0.,0.));
#3137=DIRECTION('',(0.,-0.5,0.866025403784438));
#3138=DIRECTION('',(-0.80797628994297,0.364633235849104,0.462835735660293));
#3139=DIRECTION('',(-0.497057538419738,0.,-0.867717582799905));
#3140=DIRECTION('',(1.,1.10419854408418E-15,-1.4015797113945E-15));
#3141=DIRECTION('',(-1.4015797113945E-15,0.,-1.));
#3142=DIRECTION('',(1.,0.,0.));
#3143=DIRECTION('',(0.,0.,-1.));
#3144=DIRECTION('',(1.,0.,0.));
#3145=DIRECTION('',(0.,0.,-1.));
#3146=DIRECTION('',(1.,0.,0.));
#3147=DIRECTION('',(0.,0.,-1.));
#3148=DIRECTION('',(-1.,0.,0.));
#3149=DIRECTION('',(0.,0.,1.));
#3150=DIRECTION('',(0.707106781186547,-0.437590071893329,0.555441202091087));
#3151=DIRECTION('',(-0.707106781186547,-0.437590071893329,0.555441202091087));
#3152=DIRECTION('',(0.707106781186547,0.437590071893329,-0.555441202091087));
#3153=DIRECTION('',(0.707106781186547,-0.437590071893329,0.555441202091087));
#3154=DIRECTION('',(0.,-0.618845814431363,0.78551248109803));
#3155=DIRECTION('',(0.,-0.78551248109803,-0.618845814431363));
#3156=DIRECTION('',(0.,-0.618845814431364,0.785512481098029));
#3157=DIRECTION('',(0.,-0.785512481098029,-0.618845814431364));
#3158=DIRECTION('',(-1.,0.,0.));
#3159=DIRECTION('',(0.,0.,1.));
#3160=DIRECTION('',(0.,-0.618845814431364,-0.785512481098029));
#3161=DIRECTION('',(0.,0.785512481098029,-0.618845814431364));
#3162=DIRECTION('',(0.,-0.618845814431363,-0.78551248109803));
#3163=DIRECTION('',(0.,0.78551248109803,-0.618845814431363));
#3164=DIRECTION('',(0.707106781186547,-0.437590071893329,-0.555441202091087));
#3165=DIRECTION('',(-0.707106781186547,-0.437590071893329,-0.555441202091087));
#3166=DIRECTION('',(-1.,0.,0.));
#3167=DIRECTION('',(0.,0.,1.));
#3168=DIRECTION('',(0.707106781186547,0.437590071893329,0.555441202091087));
#3169=DIRECTION('',(0.707106781186547,-0.437590071893329,-0.555441202091087));
#3170=DIRECTION('',(-1.,0.,0.));
#3171=DIRECTION('',(0.,0.,1.));
#3172=DIRECTION('',(1.,0.,0.));
#3173=DIRECTION('',(0.,0.,1.));
#3174=DIRECTION('',(-1.,0.,0.));
#3175=DIRECTION('',(0.,-1.,0.));
#3176=DIRECTION('',(0.,1.73472347597681E-16,1.));
#3177=DIRECTION('',(0.,-1.,0.));
#3178=DIRECTION('',(0.,-1.73472347597681E-16,1.));
#3179=DIRECTION('',(0.,1.73472347597681E-16,1.));
#3180=DIRECTION('',(0.,-1.,1.73472347597681E-16));
#3181=DIRECTION('',(-0.707106781186548,0.,0.707106781186548));
#3182=DIRECTION('',(0.707106781186548,2.4532694666934E-16,0.707106781186548));
#3183=DIRECTION('',(0.707106781186548,0.,-0.707106781186548));
#3184=DIRECTION('',(0.,1.,0.));
#3185=DIRECTION('',(0.707106781186548,0.,-0.707106781186548));
#3186=DIRECTION('',(0.707106781186548,-2.4532694666934E-16,0.707106781186548));
#3187=DIRECTION('',(1.,0.,0.));
#3188=DIRECTION('',(0.,0.,1.));
#3189=DIRECTION('',(0.,-0.618845814431363,0.78551248109803));
#3190=DIRECTION('',(0.,-0.618845814431363,-0.78551248109803));
#3191=DIRECTION('',(0.80797628994297,-0.364633235849104,0.462835735660293));
#3192=DIRECTION('',(0.497057538419738,0.,-0.867717582799905));
#3193=DIRECTION('',(0.,-1.73472347597681E-16,1.));
#3194=DIRECTION('',(0.,1.,1.73472347597681E-16));
#3195=DIRECTION('',(-0.80797628994297,-0.364633235849104,-0.462835735660293));
#3196=DIRECTION('',(0.497057538419738,0.,-0.867717582799905));
#3197=DIRECTION('',(1.,-1.10419854408418E-15,1.4015797113945E-15));
#3198=DIRECTION('',(1.4015797113945E-15,0.,-1.));
#3199=DIRECTION('',(-1.,0.,0.));
#3200=DIRECTION('',(0.,0.,-1.));
#3201=DIRECTION('',(1.,0.,0.));
#3202=DIRECTION('',(0.,0.,-1.));
#3203=DIRECTION('',(0.,-0.618845814431363,0.78551248109803));
#3204=DIRECTION('',(0.,-0.78551248109803,-0.618845814431363));
#3205=DIRECTION('',(0.,0.618845814431364,-0.785512481098029));
#3206=DIRECTION('',(0.,-0.785512481098029,-0.618845814431364));
#3207=DIRECTION('',(1.,0.,0.));
#3208=DIRECTION('',(0.,0.,1.));
#3209=DIRECTION('',(0.,0.618845814431364,0.785512481098029));
#3210=DIRECTION('',(0.,0.785512481098029,-0.618845814431364));
#3211=DIRECTION('',(0.,-0.618845814431363,-0.78551248109803));
#3212=DIRECTION('',(0.,0.78551248109803,-0.618845814431363));
#3213=DIRECTION('',(-1.,0.,0.));
#3214=DIRECTION('',(0.,0.,1.));
#3215=DIRECTION('',(-1.,0.,0.));
#3216=DIRECTION('',(-1.,0.,0.));
#3217=DIRECTION('',(0.,0.,1.));
#3218=DIRECTION('',(-1.,0.,0.));
#3219=DIRECTION('',(-1.,0.,0.));
#3220=DIRECTION('',(0.,0.,1.));
#3221=DIRECTION('',(0.,0.78551248109803,0.618845814431363));
#3222=DIRECTION('',(0.,-0.618845814431363,0.78551248109803));
#3223=DIRECTION('',(-1.,0.,0.));
#3224=DIRECTION('',(0.,-0.618845814431363,0.78551248109803));
#3225=DIRECTION('',(-1.,0.,0.));
#3226=DIRECTION('',(0.,-0.618845814431363,0.78551248109803));
#3227=DIRECTION('',(1.,0.,0.));
#3228=DIRECTION('',(0.,0.,-1.));
#3229=DIRECTION('',(-1.,0.,0.));
#3230=DIRECTION('',(-1.,0.,0.));
#3231=DIRECTION('',(0.,-1.,0.));
#3232=DIRECTION('',(-1.,0.,0.));
#3233=DIRECTION('',(0.,-1.,0.));
#3234=DIRECTION('',(0.,-1.73472347597681E-16,-1.));
#3235=DIRECTION('',(0.,-1.,1.73472347597681E-16));
#3236=DIRECTION('',(1.,0.,0.));
#3237=DIRECTION('',(0.,1.73472347597681E-16,1.));
#3238=DIRECTION('',(0.,-1.,1.73472347597681E-16));
#3239=DIRECTION('',(0.,1.,0.));
#3240=DIRECTION('',(0.,1.73472347597681E-16,-1.));
#3241=DIRECTION('',(0.,1.,1.73472347597681E-16));
#3242=DIRECTION('',(1.,0.,0.));
#3243=DIRECTION('',(0.,-1.73472347597681E-16,1.));
#3244=DIRECTION('',(0.,1.,1.73472347597681E-16));
#3245=DIRECTION('',(0.,1.,0.));
#3246=DIRECTION('',(0.,-0.973950298450012,-0.226761584376925));
#3247=DIRECTION('',(0.,0.226761584376925,-0.973950298450012));
#3248=DIRECTION('',(-1.,0.,0.));
#3249=DIRECTION('',(0.,0.,1.));
#3250=DIRECTION('',(1.,0.,0.));
#3251=DIRECTION('',(0.,-1.,0.));
#3252=DIRECTION('',(0.,1.,0.));
#3253=DIRECTION('',(0.,-1.73472347597681E-16,1.));
#3254=DIRECTION('',(0.,-1.,0.));
#3255=DIRECTION('',(0.,1.73472347597681E-16,1.));
#3256=DIRECTION('',(0.,-1.,0.));
#3257=DIRECTION('',(-1.,0.,0.));
#3258=DIRECTION('',(0.,1.73472347597681E-16,1.));
#3259=DIRECTION('',(-1.,0.,0.));
#3260=DIRECTION('',(0.,1.73472347597681E-16,1.));
#3261=DIRECTION('',(1.,0.,0.));
#3262=DIRECTION('',(0.,0.,1.));
#3263=DIRECTION('',(-1.,0.,0.));
#3264=DIRECTION('',(0.,0.,-1.));
#3265=DIRECTION('',(-1.,0.,0.));
#3266=DIRECTION('',(0.,0.,1.));
#3267=DIRECTION('',(1.,0.,0.));
#3268=DIRECTION('',(0.,1.,0.));
#3269=DIRECTION('',(0.,0.,-1.));
#3270=DIRECTION('',(1.,0.,0.));
#3271=DIRECTION('',(1.,0.,0.));
#3272=DIRECTION('',(0.,0.,1.));
#3273=DIRECTION('',(-1.,0.,0.));
#3274=DIRECTION('',(0.,1.73472347597681E-16,1.));
#3275=DIRECTION('',(0.,-1.,1.73472347597681E-16));
#3276=DIRECTION('',(0.,0.707106781186547,-0.707106781186548));
#3277=DIRECTION('',(0.,0.707106781186548,0.707106781186547));
#3278=DIRECTION('',(-0.707106781186548,0.,-0.707106781186548));
#3279=DIRECTION('',(-0.707106781186548,2.4532694666934E-16,0.707106781186548));
#3280=DIRECTION('',(0.,0.707106781186547,-0.707106781186548));
#3281=DIRECTION('',(1.,0.,0.));
#3282=DIRECTION('',(0.,-0.707106781186547,0.707106781186548));
#3283=DIRECTION('',(0.,0.707106781186548,0.707106781186547));
#3284=DIRECTION('',(-0.707106781186548,0.,-0.707106781186548));
#3285=DIRECTION('',(0.,1.,0.));
#3286=DIRECTION('',(0.707106781186548,0.,0.707106781186548));
#3287=DIRECTION('',(-0.707106781186548,-2.4532694666934E-16,0.707106781186548));
#3288=DIRECTION('',(0.,-0.866025403784438,0.500000000000001));
#3289=DIRECTION('',(0.,-0.500000000000001,-0.866025403784438));
#3290=DIRECTION('',(-1.,0.,0.));
#3291=DIRECTION('',(0.,0.500000000000001,0.866025403784438));
#3292=DIRECTION('',(-1.,0.,0.));
#3293=DIRECTION('',(0.,0.500000000000001,0.866025403784438));
#3294=DIRECTION('',(-1.,0.,0.));
#3295=DIRECTION('',(0.,0.,1.));
#3296=DIRECTION('',(-1.,0.,0.));
#3297=DIRECTION('',(-1.,0.,0.));
#3298=DIRECTION('',(0.,-1.,-1.83697019872103E-16));
#3299=DIRECTION('',(-1.,0.,0.));
#3300=DIRECTION('',(0.,-1.,-1.83697019872103E-16));
#3301=DIRECTION('',(-1.,0.,0.));
#3302=DIRECTION('',(0.,0.,1.));
#3303=DIRECTION('',(0.,-0.618845814431363,0.78551248109803));
#3304=DIRECTION('',(0.,-0.618845814431363,-0.78551248109803));
#3305=DIRECTION('',(-1.,0.,0.));
#3306=DIRECTION('',(0.,0.,1.));
#3307=DIRECTION('',(0.,-0.500000000000001,0.866025403784438));
#3308=DIRECTION('',(-1.,0.,0.));
#3309=DIRECTION('',(0.,0.,1.));
#3310=DIRECTION('',(0.840721856153997,0.335084728606433,-0.425329266850673));
#3311=DIRECTION('',(-0.451427175356636,0.,-0.892307965530696));
#3312=DIRECTION('',(-1.,0.,0.));
#3313=DIRECTION('',(0.,0.,1.));
#3314=DIRECTION('',(-1.,0.,0.));
#3315=DIRECTION('',(1.,0.,0.));
#3316=DIRECTION('',(0.,0.,1.));
#3317=DIRECTION('',(-1.,0.,0.));
#3318=DIRECTION('',(1.,0.,0.));
#3319=DIRECTION('',(0.,0.,1.));
#3320=DIRECTION('',(0.,-0.78551248109803,0.618845814431363));
#3321=DIRECTION('',(0.,0.618845814431363,0.78551248109803));
#3322=DIRECTION('',(1.,0.,0.));
#3323=DIRECTION('',(0.,-0.618845814431363,-0.78551248109803));
#3324=DIRECTION('',(1.,0.,0.));
#3325=DIRECTION('',(0.,-0.618845814431363,-0.78551248109803));
#3326=DIRECTION('',(-1.,0.,0.));
#3327=DIRECTION('',(0.,0.973950298450012,-0.226761584376925));
#3328=DIRECTION('',(0.,-0.226761584376925,-0.973950298450012));
#3329=DIRECTION('',(0.,1.,0.));
#3330=DIRECTION('',(-1.,0.,0.));
#3331=DIRECTION('',(0.,-1.73472347597681E-16,1.));
#3332=DIRECTION('',(0.,-1.73472347597681E-16,1.));
#3333=DIRECTION('',(-1.,0.,0.));
#3334=DIRECTION('',(0.,-1.73472347597681E-16,1.));
#3335=DIRECTION('',(0.,1.,1.73472347597681E-16));
#3336=DIRECTION('',(0.,0.707106781186547,0.707106781186548));
#3337=DIRECTION('',(0.,-0.707106781186548,0.707106781186547));
#3338=DIRECTION('',(0.,-0.707106781186547,-0.707106781186548));
#3339=DIRECTION('',(1.,0.,0.));
#3340=DIRECTION('',(0.,-0.707106781186547,-0.707106781186548));
#3341=DIRECTION('',(0.,-0.707106781186548,0.707106781186547));
#3342=DIRECTION('',(0.,0.866025403784438,0.500000000000001));
#3343=DIRECTION('',(0.,0.500000000000001,-0.866025403784438));
#3344=DIRECTION('',(1.,0.,0.));
#3345=DIRECTION('',(0.,-0.500000000000001,0.866025403784438));
#3346=DIRECTION('',(-0.840721856153997,0.335084728606433,0.425329266850673));
#3347=DIRECTION('',(-0.451427175356636,0.,-0.892307965530696));
#3348=DIRECTION('',(1.,0.,0.));
#3349=DIRECTION('',(0.,0.,-1.));
#3350=DIRECTION('',(1.,0.,0.));
#3351=DIRECTION('',(0.,0.,-1.));
#3352=DIRECTION('',(1.,0.,0.));
#3353=DIRECTION('',(0.,0.,-1.));
#3354=DIRECTION('',(1.,0.,0.));
#3355=DIRECTION('',(0.,0.,-1.));
#3356=DIRECTION('',(-1.,0.,0.));
#3357=DIRECTION('',(0.,0.,1.));
#3358=DIRECTION('',(0.707106781186547,-0.437590071893328,0.555441202091087));
#3359=DIRECTION('',(-0.707106781186547,-0.437590071893328,0.555441202091087));
#3360=DIRECTION('',(0.707106781186547,0.437590071893328,-0.555441202091087));
#3361=DIRECTION('',(0.707106781186547,-0.437590071893328,0.555441202091087));
#3362=DIRECTION('',(0.,-0.618845814431363,0.78551248109803));
#3363=DIRECTION('',(0.,-0.78551248109803,-0.618845814431363));
#3364=DIRECTION('',(0.,-0.618845814431362,0.785512481098031));
#3365=DIRECTION('',(0.,-0.785512481098031,-0.618845814431362));
#3366=DIRECTION('',(-1.,0.,0.));
#3367=DIRECTION('',(0.,0.,1.));
#3368=DIRECTION('',(0.,-0.618845814431363,-0.78551248109803));
#3369=DIRECTION('',(0.,0.785512481098031,-0.618845814431363));
#3370=DIRECTION('',(0.,-0.618845814431363,-0.78551248109803));
#3371=DIRECTION('',(0.,0.78551248109803,-0.618845814431363));
#3372=DIRECTION('',(0.707106781186547,-0.437590071893328,-0.555441202091087));
#3373=DIRECTION('',(-0.707106781186547,-0.437590071893328,-0.555441202091087));
#3374=DIRECTION('',(-1.,0.,0.));
#3375=DIRECTION('',(0.,0.,1.));
#3376=DIRECTION('',(0.707106781186547,0.437590071893328,0.555441202091087));
#3377=DIRECTION('',(0.707106781186547,-0.437590071893328,-0.555441202091087));
#3378=DIRECTION('',(-1.,0.,0.));
#3379=DIRECTION('',(0.,0.,1.));
#3380=DIRECTION('',(1.,0.,0.));
#3381=DIRECTION('',(0.,0.,1.));
#3382=DIRECTION('',(-1.,0.,0.));
#3383=DIRECTION('',(0.,-1.,0.));
#3384=DIRECTION('',(0.,1.73472347597681E-16,1.));
#3385=DIRECTION('',(0.,-1.,0.));
#3386=DIRECTION('',(0.,-1.73472347597681E-16,1.));
#3387=DIRECTION('',(0.,1.73472347597681E-16,1.));
#3388=DIRECTION('',(0.,-1.,1.73472347597681E-16));
#3389=DIRECTION('',(-0.707106781186548,0.,0.707106781186548));
#3390=DIRECTION('',(0.707106781186548,2.4532694666934E-16,0.707106781186548));
#3391=DIRECTION('',(0.707106781186548,0.,-0.707106781186548));
#3392=DIRECTION('',(0.,1.,0.));
#3393=DIRECTION('',(0.707106781186548,0.,-0.707106781186548));
#3394=DIRECTION('',(0.707106781186548,-2.4532694666934E-16,0.707106781186548));
#3395=DIRECTION('',(1.,0.,0.));
#3396=DIRECTION('',(0.,0.,1.));
#3397=DIRECTION('',(0.,-0.618845814431363,0.78551248109803));
#3398=DIRECTION('',(0.,-0.618845814431363,-0.78551248109803));
#3399=DIRECTION('',(0.840721856153997,-0.335084728606433,0.425329266850673));
#3400=DIRECTION('',(0.451427175356636,0.,-0.892307965530696));
#3401=DIRECTION('',(0.,-1.73472347597681E-16,1.));
#3402=DIRECTION('',(0.,1.,1.73472347597681E-16));
#3403=DIRECTION('',(-0.840721856153997,-0.335084728606433,-0.425329266850673));
#3404=DIRECTION('',(0.451427175356636,0.,-0.892307965530696));
#3405=DIRECTION('',(1.,0.,0.));
#3406=DIRECTION('',(0.,0.,-1.));
#3407=DIRECTION('',(-1.,0.,0.));
#3408=DIRECTION('',(0.,0.,-1.));
#3409=DIRECTION('',(1.,0.,0.));
#3410=DIRECTION('',(0.,0.,-1.));
#3411=DIRECTION('',(0.,-0.618845814431363,0.78551248109803));
#3412=DIRECTION('',(0.,-0.78551248109803,-0.618845814431363));
#3413=DIRECTION('',(0.,0.618845814431362,-0.785512481098031));
#3414=DIRECTION('',(0.,-0.785512481098031,-0.618845814431362));
#3415=DIRECTION('',(1.,0.,0.));
#3416=DIRECTION('',(0.,0.,1.));
#3417=DIRECTION('',(0.,0.618845814431363,0.78551248109803));
#3418=DIRECTION('',(0.,0.785512481098031,-0.618845814431363));
#3419=DIRECTION('',(0.,-0.618845814431363,-0.78551248109803));
#3420=DIRECTION('',(0.,0.78551248109803,-0.618845814431363));
#3421=DIRECTION('',(-1.,0.,0.));
#3422=DIRECTION('',(0.,0.,1.));
#3423=DIRECTION('',(-1.,0.,0.));
#3424=DIRECTION('',(-1.,0.,0.));
#3425=DIRECTION('',(0.,0.,1.));
#3426=DIRECTION('',(-1.,0.,0.));
#3427=DIRECTION('',(-1.,0.,0.));
#3428=DIRECTION('',(0.,0.,1.));
#3429=DIRECTION('',(0.,0.78551248109803,0.618845814431363));
#3430=DIRECTION('',(0.,-0.618845814431363,0.78551248109803));
#3431=DIRECTION('',(-1.,0.,0.));
#3432=DIRECTION('',(0.,-0.618845814431363,0.78551248109803));
#3433=DIRECTION('',(-1.,0.,0.));
#3434=DIRECTION('',(0.,-0.618845814431363,0.78551248109803));
#3435=DIRECTION('',(1.,0.,0.));
#3436=DIRECTION('',(0.,0.,-1.));
#3437=DIRECTION('',(-1.,0.,0.));
#3438=DIRECTION('',(-1.,0.,0.));
#3439=DIRECTION('',(0.,-1.,0.));
#3440=DIRECTION('',(-1.,0.,0.));
#3441=DIRECTION('',(0.,-1.,0.));
#3442=DIRECTION('',(0.,-1.73472347597681E-16,-1.));
#3443=DIRECTION('',(0.,-1.,1.73472347597681E-16));
#3444=DIRECTION('',(1.,0.,0.));
#3445=DIRECTION('',(0.,1.73472347597681E-16,1.));
#3446=DIRECTION('',(0.,-1.,1.73472347597681E-16));
#3447=DIRECTION('',(0.,1.,0.));
#3448=DIRECTION('',(0.,1.73472347597681E-16,-1.));
#3449=DIRECTION('',(0.,1.,1.73472347597681E-16));
#3450=DIRECTION('',(1.,0.,0.));
#3451=DIRECTION('',(0.,-1.73472347597681E-16,1.));
#3452=DIRECTION('',(0.,1.,1.73472347597681E-16));
#3453=DIRECTION('',(0.,1.,0.));
#3454=DIRECTION('',(0.,-0.980327655275644,-0.197377020703419));
#3455=DIRECTION('',(0.,0.197377020703419,-0.980327655275644));
#3456=DIRECTION('',(-1.,0.,0.));
#3457=DIRECTION('',(0.,0.,1.));
#3458=DIRECTION('',(1.,0.,0.));
#3459=DIRECTION('',(0.,-1.,0.));
#3460=DIRECTION('',(0.,1.,0.));
#3461=DIRECTION('',(0.,-1.73472347597681E-16,1.));
#3462=DIRECTION('',(0.,-1.,0.));
#3463=DIRECTION('',(0.,1.73472347597681E-16,1.));
#3464=DIRECTION('',(0.,-1.,0.));
#3465=DIRECTION('',(-1.,0.,0.));
#3466=DIRECTION('',(0.,1.73472347597681E-16,1.));
#3467=DIRECTION('',(-1.,0.,0.));
#3468=DIRECTION('',(0.,1.73472347597681E-16,1.));
#3469=DIRECTION('',(1.,0.,0.));
#3470=DIRECTION('',(0.,0.,1.));
#3471=DIRECTION('',(-1.,0.,0.));
#3472=DIRECTION('',(0.,0.,-1.));
#3473=DIRECTION('',(-1.,0.,0.));
#3474=DIRECTION('',(0.,0.,1.));
#3475=DIRECTION('',(1.,0.,0.));
#3476=DIRECTION('',(0.,1.,0.));
#3477=DIRECTION('',(0.,0.,-1.));
#3478=DIRECTION('',(1.,0.,0.));
#3479=DIRECTION('',(1.,0.,0.));
#3480=DIRECTION('',(0.,0.,1.));
#3481=DIRECTION('',(-1.,0.,0.));
#3482=DIRECTION('',(0.,1.73472347597681E-16,1.));
#3483=DIRECTION('',(0.,-1.,1.73472347597681E-16));
#3484=DIRECTION('',(0.,0.707106781186547,-0.707106781186548));
#3485=DIRECTION('',(0.,0.707106781186548,0.707106781186547));
#3486=DIRECTION('',(-0.707106781186548,0.,-0.707106781186548));
#3487=DIRECTION('',(-0.707106781186548,2.4532694666934E-16,0.707106781186548));
#3488=DIRECTION('',(0.,0.707106781186547,-0.707106781186548));
#3489=DIRECTION('',(1.,0.,0.));
#3490=DIRECTION('',(0.,-0.707106781186547,0.707106781186548));
#3491=DIRECTION('',(0.,0.707106781186548,0.707106781186547));
#3492=DIRECTION('',(-0.707106781186548,0.,-0.707106781186548));
#3493=DIRECTION('',(0.,1.,0.));
#3494=DIRECTION('',(0.707106781186548,0.,0.707106781186548));
#3495=DIRECTION('',(-0.707106781186548,-2.4532694666934E-16,0.707106781186548));
#3496=DIRECTION('',(0.,-0.866025403784438,0.5));
#3497=DIRECTION('',(0.,-0.5,-0.866025403784438));
#3498=DIRECTION('',(-1.,0.,0.));
#3499=DIRECTION('',(0.,0.5,0.866025403784438));
#3500=DIRECTION('',(-1.,0.,0.));
#3501=DIRECTION('',(0.,0.5,0.866025403784438));
#3502=DIRECTION('',(-1.,0.,0.));
#3503=DIRECTION('',(0.,0.,1.));
#3504=DIRECTION('',(-1.,0.,0.));
#3505=DIRECTION('',(-1.,0.,0.));
#3506=DIRECTION('',(0.,-1.,-1.83697019872103E-16));
#3507=DIRECTION('',(-1.,0.,0.));
#3508=DIRECTION('',(0.,-1.,-1.83697019872103E-16));
#3509=DIRECTION('',(-1.,0.,0.));
#3510=DIRECTION('',(0.,0.,1.));
#3511=DIRECTION('',(0.,-0.618845814431363,0.78551248109803));
#3512=DIRECTION('',(0.,-0.618845814431363,-0.78551248109803));
#3513=DIRECTION('',(-1.,0.,0.));
#3514=DIRECTION('',(0.,0.,1.));
#3515=DIRECTION('',(0.,-0.5,0.866025403784438));
#3516=DIRECTION('',(-1.,0.,0.));
#3517=DIRECTION('',(0.,0.,1.));
#3518=DIRECTION('',(0.860611097963441,0.315155114918557,-0.400032238204412));
#3519=DIRECTION('',(-0.421512438347527,0.,-0.906822620096302));
#3520=DIRECTION('',(-1.,0.,0.));
#3521=DIRECTION('',(0.,0.,1.));
#3522=DIRECTION('',(-1.,0.,0.));
#3523=DIRECTION('',(1.,0.,0.));
#3524=DIRECTION('',(0.,0.,1.));
#3525=DIRECTION('',(-1.,0.,0.));
#3526=DIRECTION('',(1.,0.,0.));
#3527=DIRECTION('',(0.,0.,1.));
#3528=DIRECTION('',(0.,-0.78551248109803,0.618845814431363));
#3529=DIRECTION('',(0.,0.618845814431363,0.78551248109803));
#3530=DIRECTION('',(1.,0.,0.));
#3531=DIRECTION('',(0.,-0.618845814431363,-0.78551248109803));
#3532=DIRECTION('',(1.,0.,0.));
#3533=DIRECTION('',(0.,-0.618845814431363,-0.78551248109803));
#3534=DIRECTION('',(-1.,0.,0.));
#3535=DIRECTION('',(0.,0.980327655275644,-0.197377020703419));
#3536=DIRECTION('',(0.,-0.197377020703419,-0.980327655275644));
#3537=DIRECTION('',(0.,1.,0.));
#3538=DIRECTION('',(-1.,0.,0.));
#3539=DIRECTION('',(0.,-1.73472347597681E-16,1.));
#3540=DIRECTION('',(0.,-1.73472347597681E-16,1.));
#3541=DIRECTION('',(-1.,0.,0.));
#3542=DIRECTION('',(0.,-1.73472347597681E-16,1.));
#3543=DIRECTION('',(0.,1.,1.73472347597681E-16));
#3544=DIRECTION('',(0.,0.707106781186547,0.707106781186548));
#3545=DIRECTION('',(0.,-0.707106781186548,0.707106781186547));
#3546=DIRECTION('',(0.,-0.707106781186547,-0.707106781186548));
#3547=DIRECTION('',(1.,0.,0.));
#3548=DIRECTION('',(0.,-0.707106781186547,-0.707106781186548));
#3549=DIRECTION('',(0.,-0.707106781186548,0.707106781186547));
#3550=DIRECTION('',(0.,0.866025403784438,0.5));
#3551=DIRECTION('',(0.,0.5,-0.866025403784438));
#3552=DIRECTION('',(1.,0.,0.));
#3553=DIRECTION('',(0.,-0.5,0.866025403784438));
#3554=DIRECTION('',(-0.860611097963441,0.315155114918557,0.400032238204412));
#3555=DIRECTION('',(-0.421512438347527,0.,-0.906822620096302));
#3556=DIRECTION('',(1.,0.,0.));
#3557=DIRECTION('',(0.,0.,-1.));
#3558=DIRECTION('',(1.,0.,0.));
#3559=DIRECTION('',(0.,0.,-1.));
#3560=DIRECTION('',(1.,0.,0.));
#3561=DIRECTION('',(0.,0.,-1.));
#3562=DIRECTION('',(1.,0.,0.));
#3563=DIRECTION('',(0.,0.,-1.));
#3564=DIRECTION('',(-1.,0.,0.));
#3565=DIRECTION('',(0.,0.,1.));
#3566=DIRECTION('',(0.707106781186547,-0.437590071893329,0.555441202091087));
#3567=DIRECTION('',(-0.707106781186547,-0.437590071893329,0.555441202091087));
#3568=DIRECTION('',(0.707106781186547,0.437590071893329,-0.555441202091087));
#3569=DIRECTION('',(0.707106781186547,-0.437590071893329,0.555441202091087));
#3570=DIRECTION('',(0.,-0.618845814431363,0.78551248109803));
#3571=DIRECTION('',(0.,-0.78551248109803,-0.618845814431363));
#3572=DIRECTION('',(0.,-0.618845814431363,0.78551248109803));
#3573=DIRECTION('',(0.,-0.785512481098031,-0.618845814431363));
#3574=DIRECTION('',(-1.,0.,0.));
#3575=DIRECTION('',(0.,0.,1.));
#3576=DIRECTION('',(0.,-0.618845814431362,-0.785512481098031));
#3577=DIRECTION('',(0.,0.785512481098031,-0.618845814431362));
#3578=DIRECTION('',(0.,-0.618845814431363,-0.78551248109803));
#3579=DIRECTION('',(0.,0.78551248109803,-0.618845814431363));
#3580=DIRECTION('',(0.707106781186547,-0.437590071893329,-0.555441202091087));
#3581=DIRECTION('',(-0.707106781186547,-0.437590071893329,-0.555441202091087));
#3582=DIRECTION('',(-1.,0.,0.));
#3583=DIRECTION('',(0.,0.,1.));
#3584=DIRECTION('',(0.707106781186547,0.437590071893329,0.555441202091087));
#3585=DIRECTION('',(0.707106781186547,-0.437590071893329,-0.555441202091087));
#3586=DIRECTION('',(-1.,0.,0.));
#3587=DIRECTION('',(0.,0.,1.));
#3588=DIRECTION('',(1.,0.,0.));
#3589=DIRECTION('',(0.,0.,1.));
#3590=DIRECTION('',(-1.,0.,0.));
#3591=DIRECTION('',(0.,-1.,0.));
#3592=DIRECTION('',(0.,1.73472347597681E-16,1.));
#3593=DIRECTION('',(0.,-1.,0.));
#3594=DIRECTION('',(0.,-1.73472347597681E-16,1.));
#3595=DIRECTION('',(0.,1.73472347597681E-16,1.));
#3596=DIRECTION('',(0.,-1.,1.73472347597681E-16));
#3597=DIRECTION('',(-0.707106781186548,0.,0.707106781186548));
#3598=DIRECTION('',(0.707106781186548,2.4532694666934E-16,0.707106781186548));
#3599=DIRECTION('',(0.707106781186548,0.,-0.707106781186548));
#3600=DIRECTION('',(0.,1.,0.));
#3601=DIRECTION('',(0.707106781186548,0.,-0.707106781186548));
#3602=DIRECTION('',(0.707106781186548,-2.4532694666934E-16,0.707106781186548));
#3603=DIRECTION('',(1.,0.,0.));
#3604=DIRECTION('',(0.,0.,1.));
#3605=DIRECTION('',(0.,-0.618845814431363,0.78551248109803));
#3606=DIRECTION('',(0.,-0.618845814431363,-0.78551248109803));
#3607=DIRECTION('',(0.860611097963441,-0.315155114918557,0.400032238204412));
#3608=DIRECTION('',(0.421512438347527,0.,-0.906822620096302));
#3609=DIRECTION('',(0.,-1.73472347597681E-16,1.));
#3610=DIRECTION('',(0.,1.,1.73472347597681E-16));
#3611=DIRECTION('',(-0.860611097963441,-0.315155114918557,-0.400032238204412));
#3612=DIRECTION('',(0.421512438347527,0.,-0.906822620096302));
#3613=DIRECTION('',(1.,0.,0.));
#3614=DIRECTION('',(0.,0.,-1.));
#3615=DIRECTION('',(-1.,0.,0.));
#3616=DIRECTION('',(0.,0.,-1.));
#3617=DIRECTION('',(1.,0.,0.));
#3618=DIRECTION('',(0.,0.,-1.));
#3619=DIRECTION('',(0.,-0.618845814431363,0.78551248109803));
#3620=DIRECTION('',(0.,-0.78551248109803,-0.618845814431363));
#3621=DIRECTION('',(0.,0.618845814431363,-0.78551248109803));
#3622=DIRECTION('',(0.,-0.785512481098031,-0.618845814431363));
#3623=DIRECTION('',(1.,0.,0.));
#3624=DIRECTION('',(0.,0.,1.));
#3625=DIRECTION('',(0.,0.618845814431362,0.785512481098031));
#3626=DIRECTION('',(0.,0.785512481098031,-0.618845814431362));
#3627=DIRECTION('',(0.,-0.618845814431363,-0.78551248109803));
#3628=DIRECTION('',(0.,0.78551248109803,-0.618845814431363));
#3629=DIRECTION('',(0.,0.,-1.));
#3630=DIRECTION('',(-1.,0.,0.));
#3631=DIRECTION('',(0.,0.,1.));
#3632=DIRECTION('',(1.,0.,0.));
#3633=DIRECTION('',(0.,1.,0.));
#3634=DIRECTION('',(-1.,0.,0.));
#3635=DIRECTION('',(0.,0.,1.));
#3636=DIRECTION('',(1.,0.,0.));
#3637=DIRECTION('',(-1.,0.,0.));
#3638=DIRECTION('',(0.,-1.,0.));
#3639=DIRECTION('',(0.,0.,1.));
#3640=DIRECTION('',(1.,0.,0.));
#3641=DIRECTION('',(0.,-1.,0.));
#3642=DIRECTION('',(1.,0.,0.));
#3643=DIRECTION('',(0.,0.,1.));
#3644=DIRECTION('',(1.,0.,0.));
#3645=DIRECTION('',(0.,0.,1.));
#3646=DIRECTION('',(-1.,0.,0.));
#3647=DIRECTION('',(0.,0.,1.));
#3648=DIRECTION('',(1.,0.,0.));
#3649=DIRECTION('',(1.,0.,0.));
#3650=DIRECTION('',(0.,1.,0.));
#3651=DIRECTION('',(0.,0.,1.));
#3652=DIRECTION('',(1.,0.,0.));
#3653=DIRECTION('',(-0.577350269189626,0.577350269189626,-0.577350269189626));
#3654=DIRECTION('',(-0.707106786416333,-0.707106775956761,1.04595719307987E-8));
#3655=DIRECTION('',(0.,0.,1.));
#3656=DIRECTION('',(1.,0.,0.));
#3657=DIRECTION('',(-0.718873086818576,0.585048618558824,-0.375419230954334));
#3658=DIRECTION('',(-0.631219065755101,-0.775604597090075,4.86618273454198E-10));
#3659=DIRECTION('',(0.,0.,1.));
#3660=DIRECTION('',(1.,0.,0.));
#3661=CARTESIAN_POINT('',(0.,0.,0.));
#3662=CARTESIAN_POINT('',(-12.,-6.,-0.999999999999997));
#3663=CARTESIAN_POINT('',(-12.,-6.96392652785809,-1.26616845961056));
#3664=CARTESIAN_POINT('',(-14.0008044739719,-6.96392652785809,-1.26616845961056));
#3665=CARTESIAN_POINT('',(-17.9991955260281,-6.96392652785809,-1.26616845961056));
#3666=CARTESIAN_POINT('',(-14.0008044739719,-6.,-1.));
#3667=CARTESIAN_POINT('',(-14.0008044739719,-5.21448751890197,-0.381154185568635));
#3668=CARTESIAN_POINT('',(-12.,-5.21448751890197,-0.381154185568635));
#3669=CARTESIAN_POINT('',(-17.9991955260281,-5.21448751890197,-0.381154185568635));
#3670=CARTESIAN_POINT('',(-17.9991955260281,-6.,-1.));
#3671=CARTESIAN_POINT('',(-12.,-5.21448751890197,-0.381154185568635));
#3672=CARTESIAN_POINT('',(-15.,-0.785512481098033,-6.00293442474399));
#3673=CARTESIAN_POINT('',(-13.1138797285993,-0.785512481098041,-6.00293442474397));
#3674=CARTESIAN_POINT('',(-14.,-0.785512481098033,-6.00293442474399));
#3675=CARTESIAN_POINT('',(-14.,-5.21448751890197,-0.381154185568635));
#3676=CARTESIAN_POINT('',(-14.,-3.57893360649661,-2.45719313055793));
#3677=CARTESIAN_POINT('',(-16.,-3.57893360649661,-2.45719313055793));
#3678=CARTESIAN_POINT('',(-18.,-3.57893360649661,-2.45719313055793));
#3679=CARTESIAN_POINT('',(-18.,-5.21448751890197,-0.381154185568635));
#3680=CARTESIAN_POINT('',(-18.,-0.785512481098033,-6.00293442474399));
#3681=CARTESIAN_POINT('',(-17.,-0.785512481098033,-6.00293442474399));
#3682=CARTESIAN_POINT('',(-18.8861202714007,-0.785512481098041,-6.00293442474397));
#3683=CARTESIAN_POINT('',(-16.5276138754309,-17.0538706302702,14.6467945952215));
#3684=CARTESIAN_POINT('',(-17.0745533254404,-13.2812258437775,9.85810652877247));
#3685=CARTESIAN_POINT('',(-17.6214927754498,-9.50858105728484,5.06941846232349));
#3686=CARTESIAN_POINT('',(-18.1684322254593,-5.73593627079217,0.280730395874507));
#3687=CARTESIAN_POINT('',(-18.1936312489302,-5.56212002016211,0.0601022020601319));
#3688=CARTESIAN_POINT('',(-18.2188302724012,-5.38830376953204,-0.160525991754246));
#3689=CARTESIAN_POINT('',(-18.2440292958721,-5.21448751890197,-0.381154185568625));
#3690=CARTESIAN_POINT('',(-18.4960195305814,-3.47632501260132,-2.58743612371239));
#3691=CARTESIAN_POINT('',(-18.7480097652907,-1.73816250630066,-4.7937180618562));
#3692=CARTESIAN_POINT('',(-19.,-3.46944695195361E-15,-6.99999999999999));
#3693=CARTESIAN_POINT('',(-19.0631589330041,0.435653744329405,-7.55298338556638));
#3694=CARTESIAN_POINT('',(-19.1263178660081,0.871307488658813,-8.10596677113276));
#3695=CARTESIAN_POINT('',(-19.1894767990121,1.30696123298822,-8.65895015669914));
#3696=CARTESIAN_POINT('',(-19.4596511993414,3.17055334145374,-11.0244422174648));
#3697=CARTESIAN_POINT('',(-19.7298255996707,5.03414544991926,-13.3899342782305));
#3698=CARTESIAN_POINT('',(-20.,6.89773755838478,-15.7554263389962));
#3699=CARTESIAN_POINT('',(-18.2519826245105,-5.15962754523872,-0.450788968611938));
#3700=CARTESIAN_POINT('',(-17.9991955260281,-5.21448751890197,-0.381154185568638));
#3701=CARTESIAN_POINT('',(-18.0909037849116,-5.21448751890197,-0.381154185568639));
#3702=CARTESIAN_POINT('',(-18.1781105247293,-5.19296543289392,-0.40847256889506));
#3703=CARTESIAN_POINT('',(-18.2519826245105,-5.15962754523872,-0.450788968611948));
#3704=CARTESIAN_POINT('',(-14.0008044739719,-5.21448751890197,-0.381154185568638));
#3705=CARTESIAN_POINT('',(-13.9090962150884,-5.21448751890197,-0.381154185568639));
#3706=CARTESIAN_POINT('',(-13.8218894752707,-5.19296543289392,-0.40847256889506));
#3707=CARTESIAN_POINT('',(-13.7480173754895,-5.15962754523872,-0.450788968611948));
#3708=CARTESIAN_POINT('',(-13.7480173754895,-5.15962754523872,-0.450788968611938));
#3709=CARTESIAN_POINT('',(-15.4723861245691,-17.0538706302702,14.6467945952215));
#3710=CARTESIAN_POINT('',(-14.9254466745596,-13.2812258437775,9.85810652877247));
#3711=CARTESIAN_POINT('',(-14.3785072245502,-9.50858105728484,5.06941846232349));
#3712=CARTESIAN_POINT('',(-13.8315677745407,-5.73593627079217,0.280730395874507));
#3713=CARTESIAN_POINT('',(-13.8063687510698,-5.56212002016211,0.0601022020601319));
#3714=CARTESIAN_POINT('',(-13.7811697275988,-5.38830376953204,-0.160525991754246));
#3715=CARTESIAN_POINT('',(-13.7559707041279,-5.21448751890197,-0.381154185568625));
#3716=CARTESIAN_POINT('',(-13.5039804694186,-3.47632501260132,-2.58743612371239));
#3717=CARTESIAN_POINT('',(-13.2519902347093,-1.73816250630066,-4.7937180618562));
#3718=CARTESIAN_POINT('',(-13.,-3.46944695195361E-15,-6.99999999999999));
#3719=CARTESIAN_POINT('',(-12.9368410669959,0.435653744329405,-7.55298338556638));
#3720=CARTESIAN_POINT('',(-12.8736821339919,0.871307488658813,-8.10596677113276));
#3721=CARTESIAN_POINT('',(-12.8105232009879,1.30696123298822,-8.65895015669914));
#3722=CARTESIAN_POINT('',(-12.5403488006586,3.17055334145374,-11.0244422174648));
#3723=CARTESIAN_POINT('',(-12.2701744003293,5.03414544991926,-13.3899342782305));
#3724=CARTESIAN_POINT('',(-12.,6.89773755838478,-15.7554263389962));
#3725=CARTESIAN_POINT('',(-12.,-2.60208521396521E-15,-12.));
#3726=CARTESIAN_POINT('',(-12.,-4.,-12.));
#3727=CARTESIAN_POINT('',(-15.,-4.,-12.));
#3728=CARTESIAN_POINT('',(-17.,-4.,-12.));
#3729=CARTESIAN_POINT('',(-20.,-0.808657044942256,-12.));
#3730=CARTESIAN_POINT('',(-20.,-1.62713249083202,-12.));
#3731=CARTESIAN_POINT('',(-19.4099668946635,-3.25289513889085,-12.));
#3732=CARTESIAN_POINT('',(-17.8201519323508,-4.,-12.));
#3733=CARTESIAN_POINT('',(-17.,-4.,-12.));
#3734=CARTESIAN_POINT('',(-20.,-0.808657044942256,-12.));
#3735=CARTESIAN_POINT('',(-20.,-2.60208521396521E-15,-12.));
#3736=CARTESIAN_POINT('',(-20.,0.808657044942251,-12.));
#3737=CARTESIAN_POINT('',(-20.,0.808657044942251,-12.));
#3738=CARTESIAN_POINT('',(-20.,1.62713249083202,-12.));
#3739=CARTESIAN_POINT('',(-19.4099668946636,3.25289513889083,-12.));
#3740=CARTESIAN_POINT('',(-17.8201519323508,4.,-12.));
#3741=CARTESIAN_POINT('',(-17.,4.,-12.));
#3742=CARTESIAN_POINT('',(-17.,4.,-12.));
#3743=CARTESIAN_POINT('',(-12.,4.,-12.));
#3744=CARTESIAN_POINT('',(-15.,4.,-12.));
#3745=CARTESIAN_POINT('',(-12.,0.808657044942251,-12.));
#3746=CARTESIAN_POINT('',(-12.,1.62713249083202,-12.));
#3747=CARTESIAN_POINT('',(-12.5900331053364,3.25289513889084,-12.));
#3748=CARTESIAN_POINT('',(-14.1798480676492,4.,-12.));
#3749=CARTESIAN_POINT('',(-15.,4.,-12.));
#3750=CARTESIAN_POINT('',(-12.,0.808657044942251,-12.));
#3751=CARTESIAN_POINT('',(-12.,-2.60208521396521E-15,-12.));
#3752=CARTESIAN_POINT('',(-12.,-0.808657044942256,-12.));
#3753=CARTESIAN_POINT('',(-12.,-0.808657044942256,-12.));
#3754=CARTESIAN_POINT('',(-12.,-1.62713249083202,-12.));
#3755=CARTESIAN_POINT('',(-12.5900331053364,-3.25289513889084,-12.));
#3756=CARTESIAN_POINT('',(-14.1798480676492,-4.,-12.));
#3757=CARTESIAN_POINT('',(-15.,-4.,-12.));
#3758=CARTESIAN_POINT('',(-17.6,-1.6,-12.));
#3759=CARTESIAN_POINT('',(-18.1,-1.6,-12.));
#3760=CARTESIAN_POINT('',(-17.6,-2.1,-12.));
#3761=CARTESIAN_POINT('',(-14.9,-2.1,-12.));
#3762=CARTESIAN_POINT('',(-14.4,-2.1,-12.));
#3763=CARTESIAN_POINT('',(-14.4,-1.6,-12.));
#3764=CARTESIAN_POINT('',(-13.9,-1.6,-12.));
#3765=CARTESIAN_POINT('',(-13.9,-2.60208521396521E-15,-12.));
#3766=CARTESIAN_POINT('',(-13.9,1.6,-12.));
#3767=CARTESIAN_POINT('',(-14.4,1.6,-12.));
#3768=CARTESIAN_POINT('',(-14.4,2.1,-12.));
#3769=CARTESIAN_POINT('',(-14.9,2.1,-12.));
#3770=CARTESIAN_POINT('',(-17.6,2.1,-12.));
#3771=CARTESIAN_POINT('',(-17.6,1.6,-12.));
#3772=CARTESIAN_POINT('',(-18.1,1.6,-12.));
#3773=CARTESIAN_POINT('',(-18.1,-2.60208521396521E-15,-12.));
#3774=CARTESIAN_POINT('',(-12.,-4.,-12.));
#3775=CARTESIAN_POINT('',(-17.2270514536755,2.60613134317492,-35.9240414041469));
#3776=CARTESIAN_POINT('',(-16.5427846906732,0.576382051705968,-28.5733237803881));
#3777=CARTESIAN_POINT('',(-15.8585179276708,-1.45336723976298,-21.2226061566294));
#3778=CARTESIAN_POINT('',(-15.1742511646684,-3.48311653123193,-13.8718885328706));
#3779=CARTESIAN_POINT('',(-15.1161674431122,-3.65541102082129,-13.2479256885804));
#3780=CARTESIAN_POINT('',(-15.0580837215561,-3.82770551041065,-12.6239628442902));
#3781=CARTESIAN_POINT('',(-15.,-4.,-12.));
#3782=CARTESIAN_POINT('',(-14.6669348246573,-4.98797550928603,-8.42205615320352));
#3783=CARTESIAN_POINT('',(-14.3338696493146,-5.97595101857206,-4.84411230640702));
#3784=CARTESIAN_POINT('',(-14.0008044739719,-6.96392652785809,-1.26616845961057));
#3785=CARTESIAN_POINT('',(-13.9674979564377,-7.06272407878669,-0.908374074930916));
#3786=CARTESIAN_POINT('',(-13.9341914389034,-7.16152162971529,-0.550579690251265));
#3787=CARTESIAN_POINT('',(-13.9008849213691,-7.2603191806439,-0.192785305571614));
#3788=CARTESIAN_POINT('',(-13.267256614246,-9.13985896976734,6.61395004373191));
#3789=CARTESIAN_POINT('',(-12.633628307123,-11.0193987588908,13.4206853930354));
#3790=CARTESIAN_POINT('',(-11.9999999999999,-12.8989385480142,20.2274207423389));
#3791=CARTESIAN_POINT('',(-14.7729485463244,2.60613134317492,-35.9240414041469));
#3792=CARTESIAN_POINT('',(-15.4572153093268,0.576382051705968,-28.5733237803881));
#3793=CARTESIAN_POINT('',(-16.1414820723292,-1.45336723976298,-21.2226061566294));
#3794=CARTESIAN_POINT('',(-16.8257488353316,-3.48311653123193,-13.8718885328706));
#3795=CARTESIAN_POINT('',(-16.8838325568878,-3.65541102082129,-13.2479256885804));
#3796=CARTESIAN_POINT('',(-16.9419162784439,-3.82770551041065,-12.6239628442902));
#3797=CARTESIAN_POINT('',(-17.,-4.,-12.));
#3798=CARTESIAN_POINT('',(-17.3330651753427,-4.98797550928603,-8.42205615320352));
#3799=CARTESIAN_POINT('',(-17.6661303506854,-5.97595101857206,-4.84411230640702));
#3800=CARTESIAN_POINT('',(-17.9991955260281,-6.96392652785809,-1.26616845961057));
#3801=CARTESIAN_POINT('',(-18.0325020435623,-7.06272407878669,-0.908374074930916));
#3802=CARTESIAN_POINT('',(-18.0658085610966,-7.16152162971529,-0.550579690251265));
#3803=CARTESIAN_POINT('',(-18.0991150786309,-7.2603191806439,-0.192785305571614));
#3804=CARTESIAN_POINT('',(-18.7327433857539,-9.13985896976734,6.61395004373191));
#3805=CARTESIAN_POINT('',(-19.366371692877,-11.0193987588908,13.4206853930354));
#3806=CARTESIAN_POINT('',(-20.0000000000001,-12.8989385480142,20.2274207423389));
#3807=CARTESIAN_POINT('',(-12.,-6.,-0.999999999999997));
#3808=CARTESIAN_POINT('',(-12.,-7.64462490185197,-34.5327651704169));
#3809=CARTESIAN_POINT('',(-12.,-4.95529272539344,-27.3641777769292));
#3810=CARTESIAN_POINT('',(-12.,-2.26596054893491,-20.1955903834415));
#3811=CARTESIAN_POINT('',(-12.,0.423371627523616,-13.0270029899538));
#3812=CARTESIAN_POINT('',(-12.,0.65165455715766,-12.4185002003586));
#3813=CARTESIAN_POINT('',(-12.,0.879937486791703,-11.8099974107635));
#3814=CARTESIAN_POINT('',(-12.,1.10822041642575,-11.2014946211683));
#3815=CARTESIAN_POINT('',(-12.,2.41724628373029,-7.71220221904272));
#3816=CARTESIAN_POINT('',(-12.,3.72627215103483,-4.2229098169171));
#3817=CARTESIAN_POINT('',(-12.,5.03529801833936,-0.73361741479153));
#3818=CARTESIAN_POINT('',(-12.,5.16620060506982,-0.384688174578967));
#3819=CARTESIAN_POINT('',(-12.,5.29710319180027,-0.035758934366404));
#3820=CARTESIAN_POINT('',(-12.,5.42800577853073,0.313170305846159));
#3821=CARTESIAN_POINT('',(-11.9999999999999,7.91831670169189,6.95125378467709));
#3822=CARTESIAN_POINT('',(-11.9999999999999,10.4086276248531,13.589337263508));
#3823=CARTESIAN_POINT('',(-11.9999999999999,12.8989385480142,20.2274207423389));
#3824=CARTESIAN_POINT('',(-12.,3.55095094310569,-4.69023974067048));
#3825=CARTESIAN_POINT('',(-11.9999999999999,19.7814732703109,12.4979229759423));
#3826=CARTESIAN_POINT('',(-11.9999999999999,15.5792007194309,8.04770609887903));
#3827=CARTESIAN_POINT('',(-11.9999999999999,11.3769281685509,3.59748922181581));
#3828=CARTESIAN_POINT('',(-12.,7.17465561767086,-0.852727655247416));
#3829=CARTESIAN_POINT('',(-12.,6.98104521959289,-1.05776153885905));
#3830=CARTESIAN_POINT('',(-12.,6.78743482151492,-1.26279542247068));
#3831=CARTESIAN_POINT('',(-12.,6.59382442343696,-1.46782930608231));
#3832=CARTESIAN_POINT('',(-12.,4.65772044265732,-3.51816814219864));
#3833=CARTESIAN_POINT('',(-12.,2.72161646187767,-5.56850697831501));
#3834=CARTESIAN_POINT('',(-12.,0.785512481098022,-7.61884581443136));
#3835=CARTESIAN_POINT('',(-12.,0.300246606601114,-8.13274355866425));
#3836=CARTESIAN_POINT('',(-12.,-0.185019267895792,-8.64664130289714));
#3837=CARTESIAN_POINT('',(-12.,-0.670285142392701,-9.16053904713003));
#3838=CARTESIAN_POINT('',(-12.,-2.74610261439006,-11.3588348110854));
#3839=CARTESIAN_POINT('',(-12.,-4.82192008638742,-13.5571305750408));
#3840=CARTESIAN_POINT('',(-12.,-6.89773755838478,-15.7554263389962));
#3841=CARTESIAN_POINT('',(-12.,-2.60208521396521E-15,-8.45070544709499));
#3842=CARTESIAN_POINT('',(-11.9999999999999,-19.7814732703109,12.4979229759423));
#3843=CARTESIAN_POINT('',(-11.9999999999999,-15.5792007194309,8.04770609887903));
#3844=CARTESIAN_POINT('',(-11.9999999999999,-11.3769281685509,3.59748922181581));
#3845=CARTESIAN_POINT('',(-12.,-7.17465561767086,-0.852727655247416));
#3846=CARTESIAN_POINT('',(-12.,-6.9810452195929,-1.05776153885905));
#3847=CARTESIAN_POINT('',(-12.,-6.78743482151493,-1.26279542247068));
#3848=CARTESIAN_POINT('',(-12.,-6.59382442343696,-1.46782930608231));
#3849=CARTESIAN_POINT('',(-12.,-4.65772044265732,-3.51816814219864));
#3850=CARTESIAN_POINT('',(-12.,-2.72161646187767,-5.56850697831501));
#3851=CARTESIAN_POINT('',(-12.,-0.785512481098027,-7.61884581443136));
#3852=CARTESIAN_POINT('',(-12.,-0.300246606601119,-8.13274355866425));
#3853=CARTESIAN_POINT('',(-12.,0.185019267895787,-8.64664130289714));
#3854=CARTESIAN_POINT('',(-12.,0.670285142392695,-9.16053904713003));
#3855=CARTESIAN_POINT('',(-12.,2.74610261439006,-11.3588348110854));
#3856=CARTESIAN_POINT('',(-12.,4.82192008638742,-13.5571305750408));
#3857=CARTESIAN_POINT('',(-12.,6.89773755838478,-15.7554263389962));
#3858=CARTESIAN_POINT('',(-12.,-3.55095094310569,-4.69023974067048));
#3859=CARTESIAN_POINT('',(-12.,7.64462490185197,-34.5327651704169));
#3860=CARTESIAN_POINT('',(-12.,4.95529272539344,-27.3641777769292));
#3861=CARTESIAN_POINT('',(-12.,2.26596054893491,-20.1955903834415));
#3862=CARTESIAN_POINT('',(-12.,-0.423371627523621,-13.0270029899538));
#3863=CARTESIAN_POINT('',(-12.,-0.651654557157665,-12.4185002003586));
#3864=CARTESIAN_POINT('',(-12.,-0.879937486791708,-11.8099974107635));
#3865=CARTESIAN_POINT('',(-12.,-1.10822041642575,-11.2014946211683));
#3866=CARTESIAN_POINT('',(-12.,-2.41724628373029,-7.71220221904272));
#3867=CARTESIAN_POINT('',(-12.,-3.72627215103483,-4.2229098169171));
#3868=CARTESIAN_POINT('',(-12.,-5.03529801833937,-0.73361741479153));
#3869=CARTESIAN_POINT('',(-12.,-5.16620060506982,-0.384688174578967));
#3870=CARTESIAN_POINT('',(-12.,-5.29710319180028,-0.035758934366404));
#3871=CARTESIAN_POINT('',(-12.,-5.42800577853073,0.313170305846159));
#3872=CARTESIAN_POINT('',(-11.9999999999999,-7.9183167016919,6.95125378467709));
#3873=CARTESIAN_POINT('',(-11.9999999999999,-10.4086276248531,13.589337263508));
#3874=CARTESIAN_POINT('',(-11.9999999999999,-12.8989385480142,20.2274207423389));
#3875=CARTESIAN_POINT('',(-14.4,-1.59,-12.));
#3876=CARTESIAN_POINT('',(-14.4,-2.60208521396521E-15,-8.2));
#3877=CARTESIAN_POINT('',(-14.4,-1.1,-8.2));
#3878=CARTESIAN_POINT('',(-14.4,1.1,-8.2));
#3879=CARTESIAN_POINT('',(-14.4,1.1,-12.));
#3880=CARTESIAN_POINT('',(-14.4,1.1,-11.5));
#3881=CARTESIAN_POINT('',(-14.4,-1.1,-11.5));
#3882=CARTESIAN_POINT('',(-14.4,-1.1,-11.5));
#3883=CARTESIAN_POINT('',(-14.4,-1.1,-12.));
#3884=CARTESIAN_POINT('',(-17.59,-1.6,-12.));
#3885=CARTESIAN_POINT('',(-14.9,-1.6,-12.));
#3886=CARTESIAN_POINT('',(-14.9,-1.6,-8.2));
#3887=CARTESIAN_POINT('',(-14.9,-1.6,-11.5));
#3888=CARTESIAN_POINT('',(-16.,-1.6,-11.5));
#3889=CARTESIAN_POINT('',(-17.1,-1.6,-11.5));
#3890=CARTESIAN_POINT('',(-17.1,-1.6,-12.));
#3891=CARTESIAN_POINT('',(-17.1,-1.6,-8.2));
#3892=CARTESIAN_POINT('',(-16.,-1.6,-8.2));
#3893=CARTESIAN_POINT('',(-16.,-2.60208521396521E-15,-8.2));
#3894=CARTESIAN_POINT('',(-14.4,-1.6,-8.2));
#3895=CARTESIAN_POINT('',(-17.6,-1.6,-8.2));
#3896=CARTESIAN_POINT('',(-17.6,-1.1,-8.2));
#3897=CARTESIAN_POINT('',(-17.6,-2.60208521396521E-15,-8.2));
#3898=CARTESIAN_POINT('',(-17.6,1.1,-8.2));
#3899=CARTESIAN_POINT('',(-17.6,1.6,-8.2));
#3900=CARTESIAN_POINT('',(-17.1,1.6,-8.2));
#3901=CARTESIAN_POINT('',(-16.,1.6,-8.2));
#3902=CARTESIAN_POINT('',(-14.9,1.6,-8.2));
#3903=CARTESIAN_POINT('',(-14.4,1.6,-8.2));
#3904=CARTESIAN_POINT('',(-14.4,-1.6,-12.));
#3905=CARTESIAN_POINT('',(-14.4,-1.6,-11.5));
#3906=CARTESIAN_POINT('',(-14.4,-1.6,-11.5));
#3907=CARTESIAN_POINT('',(-17.59,-1.6,-11.5));
#3908=CARTESIAN_POINT('',(-17.6,-1.6,-11.5));
#3909=CARTESIAN_POINT('',(-14.4,-1.59,-11.5));
#3910=CARTESIAN_POINT('',(-14.4,1.6,-11.5));
#3911=CARTESIAN_POINT('',(-15.,-2.66545000200748,-3.61669482851151));
#3912=CARTESIAN_POINT('',(-15.,-0.866025403784441,-0.499999999999997));
#3913=CARTESIAN_POINT('',(-15.,-0.866025403784441,-0.499999999999997));
#3914=CARTESIAN_POINT('',(-17.,-0.866025403784441,-0.499999999999997));
#3915=CARTESIAN_POINT('',(-17.,-2.66545000200748,-3.61669482851151));
#3916=CARTESIAN_POINT('',(-17.,-1.92739572161414,-2.33834731612656));
#3917=CARTESIAN_POINT('',(-15.,-1.92739572161414,-2.33834731612656));
#3918=CARTESIAN_POINT('',(-15.,-1.92739572161414,-2.33834731612656));
#3919=CARTESIAN_POINT('',(-15.,-2.66545000200748,-3.61669482851151));
#3920=CARTESIAN_POINT('',(-15.,-8.67361737988404E-16,-0.999999999999997));
#3921=CARTESIAN_POINT('',(-15.,0.866025403784436,-0.499999999999997));
#3922=CARTESIAN_POINT('',(-17.,0.866025403784436,-0.499999999999997));
#3923=CARTESIAN_POINT('',(-15.,0.866025403784436,-0.499999999999997));
#3924=CARTESIAN_POINT('',(-17.,-8.67361737988404E-16,-0.999999999999997));
#3925=CARTESIAN_POINT('',(-15.,-8.67361737988404E-16,-0.999999999999997));
#3926=CARTESIAN_POINT('',(-15.,-8.67361737988404E-16,-0.999999999999997));
#3927=CARTESIAN_POINT('',(-15.,-2.13115418556864,-2.67897503780394));
#3928=CARTESIAN_POINT('',(-15.,-2.17457531096722,-2.62385979722459));
#3929=CARTESIAN_POINT('',(-15.,-3.46944695195361E-15,-5.38408861031262));
#3930=CARTESIAN_POINT('',(-15.,2.13115418556864,-2.67897503780394));
#3931=CARTESIAN_POINT('',(-15.,2.17457531096721,-2.62385979722459));
#3932=CARTESIAN_POINT('',(-15.,2.79342112539858,-1.83834731612656));
#3933=CARTESIAN_POINT('',(-15.,1.92739572161414,-2.33834731612656));
#3934=CARTESIAN_POINT('',(-15.,2.66545000200747,-3.61669482851151));
#3935=CARTESIAN_POINT('',(-15.,-2.79342112539858,-1.83834731612656));
#3936=CARTESIAN_POINT('',(-15.0826726278325,-3.75476712177168,-12.8881085203451));
#3937=CARTESIAN_POINT('',(-15.0551150852217,-3.83651141451446,-12.5920723468967));
#3938=CARTESIAN_POINT('',(-15.0275575426108,-3.91825570725723,-12.2960361734484));
#3939=CARTESIAN_POINT('',(-15.,-4.,-12.));
#3940=CARTESIAN_POINT('',(-14.6669348246573,-4.98797550928603,-8.42205615320352));
#3941=CARTESIAN_POINT('',(-14.3338696493146,-5.97595101857206,-4.84411230640702));
#3942=CARTESIAN_POINT('',(-14.0008044739719,-6.96392652785809,-1.26616845961057));
#3943=CARTESIAN_POINT('',(-13.9986536426521,-6.97030656643878,-1.24306321098087));
#3944=CARTESIAN_POINT('',(-13.9965028113323,-6.97668660501947,-1.21995796235117));
#3945=CARTESIAN_POINT('',(-13.9943519800125,-6.98306664360016,-1.19685271372148));
#3946=CARTESIAN_POINT('',(-12.,-3.75476712177168,-12.8881085203451));
#3947=CARTESIAN_POINT('',(-12.,-3.83651141451446,-12.5920723468967));
#3948=CARTESIAN_POINT('',(-12.,-3.91825570725723,-12.2960361734484));
#3949=CARTESIAN_POINT('',(-12.,-4.,-12.));
#3950=CARTESIAN_POINT('',(-12.,-4.98797550928603,-8.42205615320352));
#3951=CARTESIAN_POINT('',(-12.,-5.97595101857206,-4.84411230640703));
#3952=CARTESIAN_POINT('',(-12.,-6.96392652785809,-1.26616845961057));
#3953=CARTESIAN_POINT('',(-12.,-6.97030656643877,-1.24306321098087));
#3954=CARTESIAN_POINT('',(-12.,-6.97668660501947,-1.21995796235117));
#3955=CARTESIAN_POINT('',(-12.,-6.98306664360015,-1.19685271372148));
#3956=CARTESIAN_POINT('',(-12.,-0.783297199101871,-12.0675982955113));
#3957=CARTESIAN_POINT('',(-12.,-0.891604938209832,-11.7788970707303));
#3958=CARTESIAN_POINT('',(-12.,-0.999912677317792,-11.4901958459493));
#3959=CARTESIAN_POINT('',(-12.,-1.10822041642575,-11.2014946211683));
#3960=CARTESIAN_POINT('',(-12.,-2.41724628373029,-7.71220221904272));
#3961=CARTESIAN_POINT('',(-12.,-3.72627215103483,-4.2229098169171));
#3962=CARTESIAN_POINT('',(-12.,-5.03529801833937,-0.73361741479153));
#3963=CARTESIAN_POINT('',(-12.,-5.04375130028616,-0.711084649621108));
#3964=CARTESIAN_POINT('',(-12.,-5.05220458223296,-0.688551884450686));
#3965=CARTESIAN_POINT('',(-12.,-5.06065786417976,-0.666019119280264));
#3966=CARTESIAN_POINT('',(-14.0008044739719,-6.96392652785809,-1.26616845961057));
#3967=CARTESIAN_POINT('',(-13.8246665361815,-6.96181312903312,-1.27381656481032));
#3968=CARTESIAN_POINT('',(-13.6499904665422,-6.92902829659508,-1.30149445794848));
#3969=CARTESIAN_POINT('',(-13.4887707696474,-6.87053253077302,-1.34611246766274));
#3970=CARTESIAN_POINT('',(-13.4887707696474,-6.87053253077302,-1.34611246766273));
#3971=CARTESIAN_POINT('',(-13.4887707696474,-6.87053253077302,-1.34611246766273));
#3972=CARTESIAN_POINT('',(-13.090692541529,-6.72609676231931,-1.45628174965073));
#3973=CARTESIAN_POINT('',(-12.611781560926,-6.1845107714686,-2.02118205115207));
#3974=CARTESIAN_POINT('',(-12.1107561283454,-5.05936033738484,-3.17096814790075));
#3975=CARTESIAN_POINT('',(-12.,-4.16992351284525,-4.08727267613952));
#3976=CARTESIAN_POINT('',(-12.,-3.5509509431057,-4.69023974067048));
#3977=CARTESIAN_POINT('',(-14.0008044739719,-6.96392652785809,-1.26616845961057));
#3978=CARTESIAN_POINT('',(-14.0008044739719,-8.28424233444872,3.51534259164305));
#3979=CARTESIAN_POINT('',(-14.0008044739719,-5.21448751890197,-0.38115418556864));
#3980=CARTESIAN_POINT('',(-13.9087729737038,-6.96282351096306,-1.27016302473427));
#3981=CARTESIAN_POINT('',(-13.3570519712185,-8.3174169402263,3.5574517346423));
#3982=CARTESIAN_POINT('',(-13.9549560762291,-5.21448750000877,-0.381154209550135));
#3983=CARTESIAN_POINT('',(-13.7271262909004,-6.94402913620515,-1.28895331158484));
#3984=CARTESIAN_POINT('',(-12.0957619997942,-8.09583592788074,3.27619484203049));
#3985=CARTESIAN_POINT('',(-13.8650717422688,-5.20410298218496,-0.394335470811919));
#3986=CARTESIAN_POINT('',(-13.563995592128,-6.8978265779643,-1.32529369239231));
#3987=CARTESIAN_POINT('',(-11.4142848966628,-7.56287309342143,2.59969522182523));
#3988=CARTESIAN_POINT('',(-13.7849331386925,-5.17628740640574,-0.429642297543202));
#3989=CARTESIAN_POINT('',(-13.4887707696474,-6.87053253077302,-1.34611246766273));
#3990=CARTESIAN_POINT('',(-11.2062738411741,-7.31657223369372,2.28706096800974));
#3991=CARTESIAN_POINT('',(-13.7480173754895,-5.15962754523872,-0.450788968611943));
#3992=CARTESIAN_POINT('',(-13.7480173754895,-5.94514002633676,-1.0696347830433));
#3993=CARTESIAN_POINT('',(-13.4887707696476,-6.8705325307731,-1.34611246766268));
#3994=CARTESIAN_POINT('',(-11.2062738411746,-7.31657223369435,2.28706096801036));
#3995=CARTESIAN_POINT('',(-13.7480173754895,-5.15962754523876,-0.450788968611892));
#3996=CARTESIAN_POINT('',(-13.4492446766894,-6.85619109296593,-1.35705169992713));
#3997=CARTESIAN_POINT('',(-11.048140028654,-7.12115499776332,1.93210378407496));
#3998=CARTESIAN_POINT('',(-13.7041221923073,-5.15223381707628,-0.460173965032718));
#3999=CARTESIAN_POINT('',(-13.3785686579744,-6.82615693795583,-1.38216285416032));
#4000=CARTESIAN_POINT('',(-10.9583401933756,-6.81829506435153,1.34241167394833));
#4001=CARTESIAN_POINT('',(-13.6265559365809,-5.13710145303593,-0.48420957230654));
#4002=CARTESIAN_POINT('',(-13.2569432688577,-6.76251988644744,-1.43973890620967));
#4003=CARTESIAN_POINT('',(-11.0372426892556,-6.4391644319758,0.562636016069641));
#4004=CARTESIAN_POINT('',(-13.4948173359638,-5.10554622698639,-0.544200121384508));
#4005=CARTESIAN_POINT('',(-13.1308849191927,-6.67833364377294,-1.52054862504543));
#4006=CARTESIAN_POINT('',(-11.233929396589,-6.17257848602362,-0.0098217726090725));
#4007=CARTESIAN_POINT('',(-13.3600348409685,-5.06410827715283,-0.633641725115904));
#4008=CARTESIAN_POINT('',(-13.0082723535757,-6.5769120978019,-1.62079915188522));
#4009=CARTESIAN_POINT('',(-11.4127090115105,-5.97470930982936,-0.431335795314701));
#4010=CARTESIAN_POINT('',(-13.2294736869449,-5.01401557759858,-0.748380239244815));
#4011=CARTESIAN_POINT('',(-12.8682394985101,-6.43998822496734,-1.75818614421392));
#4012=CARTESIAN_POINT('',(-11.5822658662146,-5.78797504794531,-0.81981275910162));
#4013=CARTESIAN_POINT('',(-13.08012342086,-4.94603043955744,-0.908685864142557));
#4014=CARTESIAN_POINT('',(-12.7251451145564,-6.26632394515448,-1.93460526174254));
#4015=CARTESIAN_POINT('',(-11.7183677334916,-5.60765077390405,-1.17690043806847));
#4016=CARTESIAN_POINT('',(-12.9260018498934,-4.85907302111081,-1.118501112051));
#4017=CARTESIAN_POINT('',(-12.5874819845429,-6.05848190123804,-2.14712912514072));
#4018=CARTESIAN_POINT('',(-11.8154983767189,-5.42122822087355,-1.52666386431889));
#4019=CARTESIAN_POINT('',(-12.7743005655044,-4.75410342007962,-1.37512695442362));
#4020=CARTESIAN_POINT('',(-12.4738580413418,-5.85097497168178,-2.36000008117127));
#4021=CARTESIAN_POINT('',(-11.8760052229546,-5.2506626622779,-1.83457668805547));
#4022=CARTESIAN_POINT('',(-12.6453952113371,-4.64876240463224,-1.63515126400351));
#4023=CARTESIAN_POINT('',(-12.3468298847568,-5.57448379445635,-2.64405370044717));
#4024=CARTESIAN_POINT('',(-11.9272375515813,-5.03845473710439,-2.20733542697938));
#4025=CARTESIAN_POINT('',(-12.4962710712153,-4.50812943844057,-1.98561250425382));
#4026=CARTESIAN_POINT('',(-12.224651368643,-5.22893437351608,-2.99922053597983));
#4027=CARTESIAN_POINT('',(-11.9616964258895,-4.77921965546563,-2.64984642082221));
#4028=CARTESIAN_POINT('',(-12.3436008971946,-4.33268575468654,-2.43002609125448));
#4029=CARTESIAN_POINT('',(-12.1202500698497,-4.81347171311197,-3.42497934216258));
#4030=CARTESIAN_POINT('',(-11.9820922695959,-4.4689812393658,-3.1681059660322));
#4031=CARTESIAN_POINT('',(-12.2002757931365,-4.12497334241778,-2.97353732007421));
#4032=CARTESIAN_POINT('',(-12.0498922783762,-4.39620848056334,-3.84968189941352));
#4033=CARTESIAN_POINT('',(-11.9925997829125,-4.16112670668107,-3.67646657392016));
#4034=CARTESIAN_POINT('',(-12.0920783279006,-3.92260159445835,-3.52883071424495));
#4035=CARTESIAN_POINT('',(-12.0090318418153,-3.97554491591702,-4.27294496267484));
#4036=CARTESIAN_POINT('',(-11.9983267164571,-3.85426434350435,-4.18235248411973));
#4037=CARTESIAN_POINT('',(-12.0197948707417,-3.72872200385663,-4.09948471195378));
#4038=CARTESIAN_POINT('',(-12.,-3.69405938032408,-4.55080434600958));
#4039=CARTESIAN_POINT('',(-12.0000000093891,-3.65126305965277,-4.51999208206261));
#4040=CARTESIAN_POINT('',(-12.,-3.60846672214175,-4.4891798466855));
#4041=CARTESIAN_POINT('',(-12.,-3.55095094310571,-4.69023974067045));
#4042=CARTESIAN_POINT('',(-12.,-3.55095094310566,-4.69023974067043));
#4043=CARTESIAN_POINT('',(-12.,-3.55095094310561,-4.69023974067041));
#4044=CARTESIAN_POINT('',(-12.,-3.55095094310559,-4.69023974067043));
#4045=CARTESIAN_POINT('',(-12.,-3.66807497078924,-4.28300667860373));
#4046=CARTESIAN_POINT('',(-12.078446858052,-3.93192438395778,-3.48133976415129));
#4047=CARTESIAN_POINT('',(-12.3574872307888,-4.37476101123335,-2.31141558759075));
#4048=CARTESIAN_POINT('',(-12.7870518900277,-4.81067735422541,-1.24043387999775));
#4049=CARTESIAN_POINT('',(-13.3391543424009,-5.09075532632172,-0.538219253821442));
#4050=CARTESIAN_POINT('',(-13.7480173754895,-5.15962754523875,-0.450788968611938));
#4051=CARTESIAN_POINT('',(-13.753118901779,-5.19481653473086,-0.406122930967817));
#4052=CARTESIAN_POINT('',(-13.5020792678527,-3.46321102315391,-2.60408195397852));
#4053=CARTESIAN_POINT('',(-13.2510396339263,-1.73160551157695,-4.80204097698927));
#4054=CARTESIAN_POINT('',(-13.,-3.46944695195361E-15,-6.99999999999999));
#4055=CARTESIAN_POINT('',(-12.9642204892059,0.246797675424857,-7.31326487120275));
#4056=CARTESIAN_POINT('',(-12.9284409784118,0.493595350849718,-7.62652974240552));
#4057=CARTESIAN_POINT('',(-12.8926614676178,0.740393026274579,-7.93979461360828));
#4058=CARTESIAN_POINT('',(-12.,-5.19481653473085,-0.406122930967824));
#4059=CARTESIAN_POINT('',(-12.,-3.4632110231539,-2.60408195397853));
#4060=CARTESIAN_POINT('',(-12.,-1.73160551157695,-4.80204097698927));
#4061=CARTESIAN_POINT('',(-12.,-6.1331736667335E-16,-7.));
#4062=CARTESIAN_POINT('',(-12.,0.246797675424861,-7.31326487120276));
#4063=CARTESIAN_POINT('',(-12.,0.493595350849721,-7.62652974240552));
#4064=CARTESIAN_POINT('',(-12.,0.740393026274582,-7.93979461360828));
#4065=CARTESIAN_POINT('',(-12.,-6.57191331292716,-1.4910332255343));
#4066=CARTESIAN_POINT('',(-12.,-4.64311303565079,-3.5336374218333));
#4067=CARTESIAN_POINT('',(-12.,-2.7143127583744,-5.57624161813234));
#4068=CARTESIAN_POINT('',(-12.,-0.785512481098027,-7.61884581443136));
#4069=CARTESIAN_POINT('',(-12.,-0.510609553376846,-7.90996868513682));
#4070=CARTESIAN_POINT('',(-12.,-0.235706625655666,-8.20109155584227));
#4071=CARTESIAN_POINT('',(-12.,0.0391963020655149,-8.49221442654772));
#4072=CARTESIAN_POINT('',(-12.,-2.60208521396521E-15,-8.45070544709497));
#4073=CARTESIAN_POINT('',(-12.,-0.16438290631613,-7.98314620703011));
#4074=CARTESIAN_POINT('',(-12.0985081955724,-0.398146923205173,-7.26410192475119));
#4075=CARTESIAN_POINT('',(-12.4806904286995,-0.659599362442647,-6.39659155019718));
#4076=CARTESIAN_POINT('',(-12.8668614664114,-0.773294356972283,-6.01845862399863));
#4077=CARTESIAN_POINT('',(-13.1138797285993,-0.785512481098032,-6.00293442474397));
#4078=CARTESIAN_POINT('',(-12.,6.,-0.999999999999997));
#4079=CARTESIAN_POINT('',(-12.,6.96392652785808,-1.26616845961056));
#4080=CARTESIAN_POINT('',(-17.9991955260281,6.96392652785808,-1.26616845961056));
#4081=CARTESIAN_POINT('',(-14.0008044739719,6.96392652785808,-1.26616845961056));
#4082=CARTESIAN_POINT('',(-17.9991955260281,6.,-1.));
#4083=CARTESIAN_POINT('',(-17.9991955260281,5.21448751890197,-0.381154185568635));
#4084=CARTESIAN_POINT('',(-12.,5.21448751890197,-0.381154185568635));
#4085=CARTESIAN_POINT('',(-14.0008044739719,5.21448751890197,-0.381154185568635));
#4086=CARTESIAN_POINT('',(-14.0008044739719,6.,-1.));
#4087=CARTESIAN_POINT('',(-12.,5.21448751890197,-0.381154185568635));
#4088=CARTESIAN_POINT('',(-17.9991955260281,5.21448751890196,-0.381154185568638));
#4089=CARTESIAN_POINT('',(-18.0909037849116,5.21448751890196,-0.381154185568639));
#4090=CARTESIAN_POINT('',(-18.1781105247293,5.19296543289391,-0.40847256889506));
#4091=CARTESIAN_POINT('',(-18.2519826245105,5.15962754523872,-0.450788968611948));
#4092=CARTESIAN_POINT('',(-18.2519826245105,5.15962754523872,-0.450788968611938));
#4093=CARTESIAN_POINT('',(-16.5276138754309,17.0538706302702,14.6467945952215));
#4094=CARTESIAN_POINT('',(-17.0745533254404,13.2812258437775,9.85810652877247));
#4095=CARTESIAN_POINT('',(-17.6214927754498,9.50858105728484,5.06941846232349));
#4096=CARTESIAN_POINT('',(-18.1684322254593,5.73593627079217,0.280730395874507));
#4097=CARTESIAN_POINT('',(-18.1936312489302,5.5621200201621,0.0601022020601319));
#4098=CARTESIAN_POINT('',(-18.2188302724012,5.38830376953204,-0.160525991754246));
#4099=CARTESIAN_POINT('',(-18.2440292958721,5.21448751890197,-0.381154185568625));
#4100=CARTESIAN_POINT('',(-18.4960195305814,3.47632501260131,-2.58743612371239));
#4101=CARTESIAN_POINT('',(-18.7480097652907,1.73816250630065,-4.7937180618562));
#4102=CARTESIAN_POINT('',(-19.,-1.73472347597681E-15,-6.99999999999999));
#4103=CARTESIAN_POINT('',(-19.0631589330041,-0.43565374432941,-7.55298338556638));
#4104=CARTESIAN_POINT('',(-19.1263178660081,-0.871307488658818,-8.10596677113276));
#4105=CARTESIAN_POINT('',(-19.1894767990121,-1.30696123298823,-8.65895015669914));
#4106=CARTESIAN_POINT('',(-19.4596511993414,-3.17055334145374,-11.0244422174648));
#4107=CARTESIAN_POINT('',(-19.7298255996707,-5.03414544991926,-13.3899342782305));
#4108=CARTESIAN_POINT('',(-20.,-6.89773755838478,-15.7554263389962));
#4109=CARTESIAN_POINT('',(-18.8861202714008,0.785512481097912,-6.00293442474412));
#4110=CARTESIAN_POINT('',(-19.,0.785512481098027,-6.00293442474399));
#4111=CARTESIAN_POINT('',(-18.,0.785512481098027,-6.00293442474399));
#4112=CARTESIAN_POINT('',(-18.,5.21448751890197,-0.381154185568635));
#4113=CARTESIAN_POINT('',(-18.,3.57893360649661,-2.45719313055793));
#4114=CARTESIAN_POINT('',(-15.,3.57893360649661,-2.45719313055793));
#4115=CARTESIAN_POINT('',(-14.,3.57893360649661,-2.45719313055793));
#4116=CARTESIAN_POINT('',(-14.,5.21448751890197,-0.381154185568635));
#4117=CARTESIAN_POINT('',(-14.,0.785512481098027,-6.00293442474399));
#4118=CARTESIAN_POINT('',(-13.,0.785512481098027,-6.00293442474399));
#4119=CARTESIAN_POINT('',(-13.1138797285992,0.785512481097912,-6.00293442474412));
#4120=CARTESIAN_POINT('',(-15.4723861245691,17.0538706302702,14.6467945952215));
#4121=CARTESIAN_POINT('',(-14.9254466745596,13.2812258437775,9.85810652877247));
#4122=CARTESIAN_POINT('',(-14.3785072245502,9.50858105728484,5.06941846232349));
#4123=CARTESIAN_POINT('',(-13.8315677745407,5.73593627079217,0.280730395874507));
#4124=CARTESIAN_POINT('',(-13.8063687510698,5.5621200201621,0.0601022020601319));
#4125=CARTESIAN_POINT('',(-13.7811697275988,5.38830376953204,-0.160525991754246));
#4126=CARTESIAN_POINT('',(-13.7559707041279,5.21448751890197,-0.381154185568625));
#4127=CARTESIAN_POINT('',(-13.5039804694186,3.47632501260131,-2.58743612371239));
#4128=CARTESIAN_POINT('',(-13.2519902347093,1.73816250630065,-4.7937180618562));
#4129=CARTESIAN_POINT('',(-13.,-1.73472347597681E-15,-6.99999999999999));
#4130=CARTESIAN_POINT('',(-12.9368410669959,-0.43565374432941,-7.55298338556638));
#4131=CARTESIAN_POINT('',(-12.8736821339919,-0.871307488658818,-8.10596677113276));
#4132=CARTESIAN_POINT('',(-12.8105232009879,-1.30696123298823,-8.65895015669914));
#4133=CARTESIAN_POINT('',(-12.5403488006586,-3.17055334145374,-11.0244422174648));
#4134=CARTESIAN_POINT('',(-12.2701744003293,-5.03414544991926,-13.3899342782305));
#4135=CARTESIAN_POINT('',(-12.,-6.89773755838478,-15.7554263389962));
#4136=CARTESIAN_POINT('',(-13.7480173754895,5.15962754523872,-0.450788968611938));
#4137=CARTESIAN_POINT('',(-14.0008044739719,5.21448751890196,-0.381154185568638));
#4138=CARTESIAN_POINT('',(-13.9090962150884,5.21448751890196,-0.381154185568639));
#4139=CARTESIAN_POINT('',(-13.8218894752707,5.19296543289391,-0.40847256889506));
#4140=CARTESIAN_POINT('',(-13.7480173754895,5.15962754523872,-0.450788968611948));
#4141=CARTESIAN_POINT('',(-12.,4.,-12.));
#4142=CARTESIAN_POINT('',(-14.7729485463244,-2.60613134317492,-35.9240414041469));
#4143=CARTESIAN_POINT('',(-15.4572153093268,-0.576382051705973,-28.5733237803881));
#4144=CARTESIAN_POINT('',(-16.1414820723292,1.45336723976298,-21.2226061566294));
#4145=CARTESIAN_POINT('',(-16.8257488353316,3.48311653123193,-13.8718885328706));
#4146=CARTESIAN_POINT('',(-16.8838325568878,3.65541102082129,-13.2479256885804));
#4147=CARTESIAN_POINT('',(-16.9419162784439,3.82770551041064,-12.6239628442902));
#4148=CARTESIAN_POINT('',(-17.,4.,-12.));
#4149=CARTESIAN_POINT('',(-17.3330651753427,4.98797550928603,-8.42205615320352));
#4150=CARTESIAN_POINT('',(-17.6661303506854,5.97595101857206,-4.84411230640702));
#4151=CARTESIAN_POINT('',(-17.9991955260281,6.96392652785808,-1.26616845961057));
#4152=CARTESIAN_POINT('',(-18.0325020435623,7.06272407878668,-0.908374074930916));
#4153=CARTESIAN_POINT('',(-18.0658085610966,7.16152162971529,-0.550579690251265));
#4154=CARTESIAN_POINT('',(-18.0991150786309,7.26031918064389,-0.192785305571614));
#4155=CARTESIAN_POINT('',(-18.7327433857539,9.13985896976733,6.61395004373191));
#4156=CARTESIAN_POINT('',(-19.366371692877,11.0193987588908,13.4206853930354));
#4157=CARTESIAN_POINT('',(-20.0000000000001,12.8989385480142,20.2274207423389));
#4158=CARTESIAN_POINT('',(-17.2270514536755,-2.60613134317492,-35.9240414041469));
#4159=CARTESIAN_POINT('',(-16.5427846906732,-0.576382051705973,-28.5733237803881));
#4160=CARTESIAN_POINT('',(-15.8585179276708,1.45336723976298,-21.2226061566294));
#4161=CARTESIAN_POINT('',(-15.1742511646684,3.48311653123193,-13.8718885328706));
#4162=CARTESIAN_POINT('',(-15.1161674431122,3.65541102082129,-13.2479256885804));
#4163=CARTESIAN_POINT('',(-15.0580837215561,3.82770551041064,-12.6239628442902));
#4164=CARTESIAN_POINT('',(-15.,4.,-12.));
#4165=CARTESIAN_POINT('',(-14.6669348246573,4.98797550928603,-8.42205615320352));
#4166=CARTESIAN_POINT('',(-14.3338696493146,5.97595101857206,-4.84411230640702));
#4167=CARTESIAN_POINT('',(-14.0008044739719,6.96392652785808,-1.26616845961057));
#4168=CARTESIAN_POINT('',(-13.9674979564377,7.06272407878668,-0.908374074930916));
#4169=CARTESIAN_POINT('',(-13.9341914389034,7.16152162971529,-0.550579690251265));
#4170=CARTESIAN_POINT('',(-13.9008849213691,7.26031918064389,-0.192785305571614));
#4171=CARTESIAN_POINT('',(-13.267256614246,9.13985896976733,6.61395004373191));
#4172=CARTESIAN_POINT('',(-12.633628307123,11.0193987588908,13.4206853930354));
#4173=CARTESIAN_POINT('',(-11.9999999999999,12.8989385480142,20.2274207423389));
#4174=CARTESIAN_POINT('',(-17.59,1.6,-12.));
#4175=CARTESIAN_POINT('',(-14.9,1.6,-12.));
#4176=CARTESIAN_POINT('',(-14.9,1.6,-11.5));
#4177=CARTESIAN_POINT('',(-17.1,1.6,-12.));
#4178=CARTESIAN_POINT('',(-17.1,1.6,-11.5));
#4179=CARTESIAN_POINT('',(-16.,1.6,-11.5));
#4180=CARTESIAN_POINT('',(-14.4,1.6,-12.));
#4181=CARTESIAN_POINT('',(-14.4,1.6,-11.5));
#4182=CARTESIAN_POINT('',(-17.59,1.6,-11.5));
#4183=CARTESIAN_POINT('',(-17.6,1.6,-11.5));
#4184=CARTESIAN_POINT('',(-15.,2.66545000200747,-3.61669482851151));
#4185=CARTESIAN_POINT('',(-16.,1.92739572161414,-2.33834731612656));
#4186=CARTESIAN_POINT('',(-17.,1.92739572161414,-2.33834731612656));
#4187=CARTESIAN_POINT('',(-17.,2.66545000200747,-3.61669482851151));
#4188=CARTESIAN_POINT('',(-15.0826726278325,3.75476712177168,-12.8881085203451));
#4189=CARTESIAN_POINT('',(-15.0551150852217,3.83651141451445,-12.5920723468967));
#4190=CARTESIAN_POINT('',(-15.0275575426108,3.91825570725723,-12.2960361734484));
#4191=CARTESIAN_POINT('',(-15.,4.,-12.));
#4192=CARTESIAN_POINT('',(-14.6669348246573,4.98797550928603,-8.42205615320352));
#4193=CARTESIAN_POINT('',(-14.3338696493146,5.97595101857206,-4.84411230640702));
#4194=CARTESIAN_POINT('',(-14.0008044739719,6.96392652785808,-1.26616845961057));
#4195=CARTESIAN_POINT('',(-13.9986536426521,6.97030656643877,-1.24306321098087));
#4196=CARTESIAN_POINT('',(-13.9965028113323,6.97668660501946,-1.21995796235117));
#4197=CARTESIAN_POINT('',(-13.9943519800125,6.98306664360015,-1.19685271372148));
#4198=CARTESIAN_POINT('',(-12.,3.75476712177168,-12.8881085203451));
#4199=CARTESIAN_POINT('',(-12.,3.83651141451445,-12.5920723468967));
#4200=CARTESIAN_POINT('',(-12.,3.91825570725723,-12.2960361734484));
#4201=CARTESIAN_POINT('',(-12.,4.,-12.));
#4202=CARTESIAN_POINT('',(-12.,4.98797550928603,-8.42205615320352));
#4203=CARTESIAN_POINT('',(-12.,5.97595101857206,-4.84411230640703));
#4204=CARTESIAN_POINT('',(-12.,6.96392652785808,-1.26616845961057));
#4205=CARTESIAN_POINT('',(-12.,6.97030656643877,-1.24306321098087));
#4206=CARTESIAN_POINT('',(-12.,6.97668660501946,-1.21995796235117));
#4207=CARTESIAN_POINT('',(-12.,6.98306664360015,-1.19685271372148));
#4208=CARTESIAN_POINT('',(-12.,0.783297199101866,-12.0675982955113));
#4209=CARTESIAN_POINT('',(-12.,0.891604938209827,-11.7788970707303));
#4210=CARTESIAN_POINT('',(-12.,0.999912677317787,-11.4901958459493));
#4211=CARTESIAN_POINT('',(-12.,1.10822041642575,-11.2014946211683));
#4212=CARTESIAN_POINT('',(-12.,2.41724628373029,-7.71220221904272));
#4213=CARTESIAN_POINT('',(-12.,3.72627215103483,-4.2229098169171));
#4214=CARTESIAN_POINT('',(-12.,5.03529801833936,-0.73361741479153));
#4215=CARTESIAN_POINT('',(-12.,5.04375130028616,-0.711084649621108));
#4216=CARTESIAN_POINT('',(-12.,5.05220458223295,-0.688551884450686));
#4217=CARTESIAN_POINT('',(-12.,5.06065786417975,-0.666019119280264));
#4218=CARTESIAN_POINT('',(-14.0008044739719,6.96392652785808,-1.26616845961057));
#4219=CARTESIAN_POINT('',(-13.8246665361815,6.96181312903409,-1.27381656480908));
#4220=CARTESIAN_POINT('',(-13.6499904665422,6.92902829659508,-1.30149445794848));
#4221=CARTESIAN_POINT('',(-13.4887707696474,6.87053253077302,-1.34611246766274));
#4222=CARTESIAN_POINT('',(-13.4887707696474,6.87053253077302,-1.34611246766273));
#4223=CARTESIAN_POINT('',(-13.4887707696474,6.87053253077302,-1.34611246766273));
#4224=CARTESIAN_POINT('',(-13.090692541529,6.7260967623193,-1.45628174965073));
#4225=CARTESIAN_POINT('',(-12.611781560926,6.18451077146859,-2.02118205115208));
#4226=CARTESIAN_POINT('',(-12.1107561283454,5.05936033738484,-3.17096814790077));
#4227=CARTESIAN_POINT('',(-12.,4.16992351284524,-4.08727267613946));
#4228=CARTESIAN_POINT('',(-12.,3.5509509431057,-4.69023974067048));
#4229=CARTESIAN_POINT('',(-14.0008044739719,5.21448751890197,-0.38115418556864));
#4230=CARTESIAN_POINT('',(-14.0008044739719,8.28424233444872,3.51534259164306));
#4231=CARTESIAN_POINT('',(-14.0008044739719,6.96392652785808,-1.26616845961057));
#4232=CARTESIAN_POINT('',(-13.9549560762287,5.21448750000852,-0.381154209550445));
#4233=CARTESIAN_POINT('',(-13.3570519712197,8.31741694022535,3.55745173464122));
#4234=CARTESIAN_POINT('',(-13.9087729737031,6.96282351096297,-1.27016302473461));
#4235=CARTESIAN_POINT('',(-13.8650717422691,5.20410298218517,-0.394335470811631));
#4236=CARTESIAN_POINT('',(-12.0957619997941,8.09583592788168,3.27619484203189));
#4237=CARTESIAN_POINT('',(-13.7271262909007,6.94402913620524,-1.28895331158453));
#4238=CARTESIAN_POINT('',(-13.7849331386924,5.17628740640554,-0.429642297543452));
#4239=CARTESIAN_POINT('',(-11.4142848966615,7.56287309342059,2.59969522182369));
#4240=CARTESIAN_POINT('',(-13.5639955921279,6.89782657796421,-1.32529369239257));
#4241=CARTESIAN_POINT('',(-13.7480173754895,5.15962754523872,-0.450788968611946));
#4242=CARTESIAN_POINT('',(-11.2062738411742,7.31657223369373,2.28706096800976));
#4243=CARTESIAN_POINT('',(-13.4887707696474,6.87053253077302,-1.34611246766274));
#4244=CARTESIAN_POINT('',(-13.7480173754895,5.94514002633675,-1.0696347830433));
#4245=CARTESIAN_POINT('',(-13.7480173754895,5.15962754523876,-0.450788968611892));
#4246=CARTESIAN_POINT('',(-11.2062738411746,7.31657223369435,2.28706096801036));
#4247=CARTESIAN_POINT('',(-13.4887707696476,6.87053253077309,-1.34611246766268));
#4248=CARTESIAN_POINT('',(-13.7041221923069,5.15223381707626,-0.460173965032725));
#4249=CARTESIAN_POINT('',(-11.0481400286531,7.12115499776197,1.93210378407194));
#4250=CARTESIAN_POINT('',(-13.4492446766893,6.85619109296589,-1.35705169992712));
#4251=CARTESIAN_POINT('',(-13.6265559365811,5.13710145303592,-0.484209572306542));
#4252=CARTESIAN_POINT('',(-10.9583401933759,6.81829506435202,1.34241167394945));
#4253=CARTESIAN_POINT('',(-13.3785686579745,6.82615693795583,-1.38216285416032));
#4254=CARTESIAN_POINT('',(-13.4948173359637,5.10554622698638,-0.54420012138451));
#4255=CARTESIAN_POINT('',(-11.0372426892554,6.43916443197557,0.562636016069161));
#4256=CARTESIAN_POINT('',(-13.2569432688577,6.76251988644743,-1.43973890620967));
#4257=CARTESIAN_POINT('',(-13.3600348409685,5.06410827715282,-0.633641725115904));
#4258=CARTESIAN_POINT('',(-11.233929396589,6.17257848602367,-0.00982177260895878));
#4259=CARTESIAN_POINT('',(-13.1308849191927,6.67833364377293,-1.52054862504544));
#4260=CARTESIAN_POINT('',(-13.2294736869449,5.01401557759857,-0.748380239244809));
#4261=CARTESIAN_POINT('',(-11.4127090115104,5.97470930982933,-0.431335795314683));
#4262=CARTESIAN_POINT('',(-13.0082723535757,6.5769120978019,-1.62079915188521));
#4263=CARTESIAN_POINT('',(-13.08012342086,4.94603043955744,-0.908685864142559));
#4264=CARTESIAN_POINT('',(-11.5822658662146,5.78797504794531,-0.819812759101622));
#4265=CARTESIAN_POINT('',(-12.8682394985101,6.43998822496733,-1.75818614421392));
#4266=CARTESIAN_POINT('',(-12.9260018498934,4.85907302111081,-1.118501112051));
#4267=CARTESIAN_POINT('',(-11.7183677334917,5.60765077390404,-1.17690043806847));
#4268=CARTESIAN_POINT('',(-12.7251451145564,6.26632394515448,-1.93460526174253));
#4269=CARTESIAN_POINT('',(-12.7743005655044,4.75410342007961,-1.37512695442362));
#4270=CARTESIAN_POINT('',(-11.8154983767189,5.42122822087354,-1.52666386431889));
#4271=CARTESIAN_POINT('',(-12.5874819845429,6.05848190123804,-2.14712912514072));
#4272=CARTESIAN_POINT('',(-12.6453952113371,4.64876240463223,-1.6351512640035));
#4273=CARTESIAN_POINT('',(-11.8760052229546,5.25066266227789,-1.83457668805546));
#4274=CARTESIAN_POINT('',(-12.4738580413418,5.85097497168177,-2.36000008117127));
#4275=CARTESIAN_POINT('',(-12.4962710712153,4.50812943844058,-1.98561250425383));
#4276=CARTESIAN_POINT('',(-11.9272375515813,5.03845473710439,-2.20733542697939));
#4277=CARTESIAN_POINT('',(-12.3468298847568,5.57448379445635,-2.64405370044717));
#4278=CARTESIAN_POINT('',(-12.3436008971946,4.33268575468649,-2.43002609125445));
#4279=CARTESIAN_POINT('',(-11.9616964258895,4.77921965546559,-2.64984642082218));
#4280=CARTESIAN_POINT('',(-12.224651368643,5.22893437351606,-2.99922053597983));
#4281=CARTESIAN_POINT('',(-12.2002757931365,4.12497334241791,-2.97353732007427));
#4282=CARTESIAN_POINT('',(-11.9820922695959,4.46898123936589,-3.16810596603224));
#4283=CARTESIAN_POINT('',(-12.1202500698497,4.81347171311201,-3.42497934216259));
#4284=CARTESIAN_POINT('',(-12.0920783279006,3.92260159445789,-3.52883071424474));
#4285=CARTESIAN_POINT('',(-11.9925997829125,4.16112670668072,-3.67646657392003));
#4286=CARTESIAN_POINT('',(-12.0498922783762,4.39620848056315,-3.84968189941344));
#4287=CARTESIAN_POINT('',(-12.0197948707417,3.72872200385835,-4.09948471195457));
#4288=CARTESIAN_POINT('',(-11.998326716457,3.85426434350563,-4.18235248412023));
#4289=CARTESIAN_POINT('',(-12.0090318418153,3.97554491591776,-4.27294496267514));
#4290=CARTESIAN_POINT('',(-12.,3.60846672213805,-4.48917984668379));
#4291=CARTESIAN_POINT('',(-12.0000000093894,3.65126305965004,-4.51999208206156));
#4292=CARTESIAN_POINT('',(-12.,3.69405938032245,-4.55080434600893));
#4293=CARTESIAN_POINT('',(-12.,3.5509509431056,-4.69023974067041));
#4294=CARTESIAN_POINT('',(-12.,3.55095094310565,-4.69023974067043));
#4295=CARTESIAN_POINT('',(-12.,3.5509509431057,-4.69023974067045));
#4296=CARTESIAN_POINT('',(-12.,3.55095094310559,-4.69023974067043));
#4297=CARTESIAN_POINT('',(-12.,3.6680749707892,-4.28300667860372));
#4298=CARTESIAN_POINT('',(-12.078446858052,3.93192438395779,-3.48133976415129));
#4299=CARTESIAN_POINT('',(-12.3574872307888,4.37476101123335,-2.31141558759075));
#4300=CARTESIAN_POINT('',(-12.7870518900277,4.81067735422539,-1.24043387999775));
#4301=CARTESIAN_POINT('',(-13.3391543424009,5.09075532632172,-0.538219253821442));
#4302=CARTESIAN_POINT('',(-13.7480173754895,5.15962754523875,-0.450788968611938));
#4303=CARTESIAN_POINT('',(-13.753118901779,5.19481653473085,-0.406122930967818));
#4304=CARTESIAN_POINT('',(-13.5020792678527,3.4632110231539,-2.60408195397852));
#4305=CARTESIAN_POINT('',(-13.2510396339263,1.73160551157695,-4.80204097698927));
#4306=CARTESIAN_POINT('',(-13.,-1.73472347597681E-15,-6.99999999999999));
#4307=CARTESIAN_POINT('',(-12.9642204892059,-0.246797675424802,-7.31326487120268));
#4308=CARTESIAN_POINT('',(-12.9284409784118,-0.493595350849603,-7.62652974240536));
#4309=CARTESIAN_POINT('',(-12.8926614676178,-0.740393026274403,-7.93979461360805));
#4310=CARTESIAN_POINT('',(-12.,5.19481653473085,-0.406122930967825));
#4311=CARTESIAN_POINT('',(-12.,3.4632110231539,-2.60408195397853));
#4312=CARTESIAN_POINT('',(-12.,1.73160551157694,-4.80204097698927));
#4313=CARTESIAN_POINT('',(-12.,-4.29322156671345E-15,-7.));
#4314=CARTESIAN_POINT('',(-12.,-0.246797675424805,-7.31326487120268));
#4315=CARTESIAN_POINT('',(-12.,-0.493595350849605,-7.62652974240537));
#4316=CARTESIAN_POINT('',(-12.,-0.740393026274405,-7.93979461360805));
#4317=CARTESIAN_POINT('',(-12.,6.57191331292715,-1.4910332255343));
#4318=CARTESIAN_POINT('',(-12.,4.64311303565078,-3.5336374218333));
#4319=CARTESIAN_POINT('',(-12.,2.7143127583744,-5.57624161813234));
#4320=CARTESIAN_POINT('',(-12.,0.785512481098022,-7.61884581443136));
#4321=CARTESIAN_POINT('',(-12.,0.510609553376908,-7.90996868513675));
#4322=CARTESIAN_POINT('',(-12.,0.235706625655795,-8.20109155584213));
#4323=CARTESIAN_POINT('',(-12.,-0.0391963020653182,-8.49221442654751));
#4324=CARTESIAN_POINT('',(-13.1138797285993,0.785512481098027,-6.00293442474398));
#4325=CARTESIAN_POINT('',(-12.8644565955682,0.773175406200251,-6.01860976137054));
#4326=CARTESIAN_POINT('',(-12.481799535596,0.659730347849671,-6.39630168776384));
#4327=CARTESIAN_POINT('',(-12.0978660417652,0.397769690183988,-7.26511700754202));
#4328=CARTESIAN_POINT('',(-12.,0.165983275247123,-7.97859423856466));
#4329=CARTESIAN_POINT('',(-12.,-4.33680868994202E-15,-8.45070544709497));
#4330=CARTESIAN_POINT('',(-12.,8.19673105431629E-12,-8.45070544710339));
#4331=CARTESIAN_POINT('',(-12.,-2.59530895038718E-15,-8.45070544710339));
#4332=CARTESIAN_POINT('',(-12.,-8.20192167221707E-12,-8.45070544710339));
#4333=CARTESIAN_POINT('',(-11.9999999999989,-0.0890987265463668,-8.19738717255909));
#4334=CARTESIAN_POINT('',(-11.9999999997765,2.28413860966093E-11,-8.19738715464107));
#4335=CARTESIAN_POINT('',(-11.9999999999989,0.0890987265920495,-8.19738717254152));
#4336=CARTESIAN_POINT('',(-12.0394153951912,-0.2638831445827,-7.68007633305424));
#4337=CARTESIAN_POINT('',(-12.093705296461,-1.08627423469134E-11,-7.66307621040866));
#4338=CARTESIAN_POINT('',(-12.0394153951911,0.263883144561492,-7.68007633306241));
#4339=CARTESIAN_POINT('',(-12.2317754723209,-0.502543041977465,-6.92054985225319));
#4340=CARTESIAN_POINT('',(-12.4900941418637,3.27440091273606E-12,-6.99350910851288));
#4341=CARTESIAN_POINT('',(-12.2317754723212,0.502543041983213,-6.92054985225092));
#4342=CARTESIAN_POINT('',(-12.5762213435468,-0.699812578815982,-6.25988911152148));
#4343=CARTESIAN_POINT('',(-13.1044479865305,-1.25398384602915E-12,-6.7105096092704));
#4344=CARTESIAN_POINT('',(-12.5762213435456,0.699812578814129,-6.2598891115224));
#4345=CARTESIAN_POINT('',(-12.9335729925862,-0.776589593634272,-6.01426041145467));
#4346=CARTESIAN_POINT('',(-13.1910933564939,3.24412989462802E-13,-6.97095741114336));
#4347=CARTESIAN_POINT('',(-12.9335729925889,0.776589593634745,-6.01426041145406));
#4348=CARTESIAN_POINT('',(-13.1138797285993,-0.785512481098034,-6.00293442474398));
#4349=CARTESIAN_POINT('',(-13.1138797285993,-2.38524477946811E-15,-7.));
#4350=CARTESIAN_POINT('',(-13.1138797285993,0.785512481098029,-6.00293442474398));
#4351=CARTESIAN_POINT('',(-13.1138797285993,-3.46944695195361E-15,-5.38408861031261));
#4352=CARTESIAN_POINT('',(-12.,-3.46944695195361E-15,-5.38408861031262));
#4353=CARTESIAN_POINT('',(-14.,-3.46944695195361E-15,-5.38408861031262));
#4354=CARTESIAN_POINT('',(-12.,-2.79342112539858,-1.83834731612656));
#4355=CARTESIAN_POINT('',(-17.,-2.79342112539858,-1.83834731612656));
#4356=CARTESIAN_POINT('',(-17.,-2.17457531096722,-2.62385979722459));
#4357=CARTESIAN_POINT('',(-18.,-2.79342112539858,-1.83834731612656));
#4358=CARTESIAN_POINT('',(-14.,-2.79342112539858,-1.83834731612656));
#4359=CARTESIAN_POINT('',(-14.,-4.42897503780394,0.237691628862727));
#4360=CARTESIAN_POINT('',(-14.,-3.46944695195361E-15,-5.38408861031262));
#4361=CARTESIAN_POINT('',(-14.,-3.46944695195361E-15,-5.38408861031262));
#4362=CARTESIAN_POINT('',(-14.,-3.46944695195361E-15,-5.38408861031262));
#4363=CARTESIAN_POINT('',(-14.,4.42897503780394,0.237691628862727));
#4364=CARTESIAN_POINT('',(-14.,2.79342112539858,-1.83834731612656));
#4365=CARTESIAN_POINT('',(-12.,2.79342112539858,-1.83834731612656));
#4366=CARTESIAN_POINT('',(-18.,2.79342112539858,-1.83834731612656));
#4367=CARTESIAN_POINT('',(-17.,2.17457531096721,-2.62385979722459));
#4368=CARTESIAN_POINT('',(-17.,2.79342112539858,-1.83834731612656));
#4369=CARTESIAN_POINT('',(-20.,-6.,-0.999999999999997));
#4370=CARTESIAN_POINT('',(-20.,7.64462490185197,-34.5327651704169));
#4371=CARTESIAN_POINT('',(-20.,4.95529272539344,-27.3641777769292));
#4372=CARTESIAN_POINT('',(-20.,2.26596054893491,-20.1955903834415));
#4373=CARTESIAN_POINT('',(-20.,-0.423371627523621,-13.0270029899538));
#4374=CARTESIAN_POINT('',(-20.,-0.651654557157665,-12.4185002003586));
#4375=CARTESIAN_POINT('',(-20.,-0.879937486791708,-11.8099974107635));
#4376=CARTESIAN_POINT('',(-20.,-1.10822041642575,-11.2014946211683));
#4377=CARTESIAN_POINT('',(-20.,-2.41724628373029,-7.71220221904272));
#4378=CARTESIAN_POINT('',(-20.,-3.72627215103483,-4.2229098169171));
#4379=CARTESIAN_POINT('',(-20.,-5.03529801833937,-0.73361741479153));
#4380=CARTESIAN_POINT('',(-20.,-5.16620060506982,-0.384688174578967));
#4381=CARTESIAN_POINT('',(-20.,-5.29710319180028,-0.035758934366404));
#4382=CARTESIAN_POINT('',(-20.,-5.42800577853073,0.313170305846159));
#4383=CARTESIAN_POINT('',(-20.0000000000001,-7.9183167016919,6.95125378467709));
#4384=CARTESIAN_POINT('',(-20.0000000000001,-10.4086276248531,13.589337263508));
#4385=CARTESIAN_POINT('',(-20.0000000000001,-12.8989385480142,20.2274207423389));
#4386=CARTESIAN_POINT('',(-20.,-3.55095094310569,-4.69023974067048));
#4387=CARTESIAN_POINT('',(-20.0000000000001,-19.7814732703109,12.4979229759423));
#4388=CARTESIAN_POINT('',(-20.0000000000001,-15.5792007194309,8.04770609887903));
#4389=CARTESIAN_POINT('',(-20.0000000000001,-11.3769281685509,3.59748922181581));
#4390=CARTESIAN_POINT('',(-20.,-7.17465561767086,-0.852727655247416));
#4391=CARTESIAN_POINT('',(-20.,-6.9810452195929,-1.05776153885905));
#4392=CARTESIAN_POINT('',(-20.,-6.78743482151493,-1.26279542247068));
#4393=CARTESIAN_POINT('',(-20.,-6.59382442343696,-1.46782930608231));
#4394=CARTESIAN_POINT('',(-20.,-4.65772044265732,-3.51816814219864));
#4395=CARTESIAN_POINT('',(-20.,-2.72161646187767,-5.56850697831501));
#4396=CARTESIAN_POINT('',(-20.,-0.785512481098027,-7.61884581443136));
#4397=CARTESIAN_POINT('',(-20.,-0.300246606601119,-8.13274355866425));
#4398=CARTESIAN_POINT('',(-20.,0.185019267895787,-8.64664130289714));
#4399=CARTESIAN_POINT('',(-20.,0.670285142392695,-9.16053904713003));
#4400=CARTESIAN_POINT('',(-20.,2.74610261439006,-11.3588348110854));
#4401=CARTESIAN_POINT('',(-20.,4.82192008638742,-13.5571305750408));
#4402=CARTESIAN_POINT('',(-20.,6.89773755838478,-15.7554263389962));
#4403=CARTESIAN_POINT('',(-20.,-2.60208521396521E-15,-8.45070544709499));
#4404=CARTESIAN_POINT('',(-20.0000000000001,19.7814732703109,12.4979229759423));
#4405=CARTESIAN_POINT('',(-20.0000000000001,15.5792007194309,8.04770609887903));
#4406=CARTESIAN_POINT('',(-20.0000000000001,11.3769281685509,3.59748922181581));
#4407=CARTESIAN_POINT('',(-20.,7.17465561767086,-0.852727655247416));
#4408=CARTESIAN_POINT('',(-20.,6.98104521959289,-1.05776153885905));
#4409=CARTESIAN_POINT('',(-20.,6.78743482151492,-1.26279542247068));
#4410=CARTESIAN_POINT('',(-20.,6.59382442343696,-1.46782930608231));
#4411=CARTESIAN_POINT('',(-20.,4.65772044265732,-3.51816814219864));
#4412=CARTESIAN_POINT('',(-20.,2.72161646187767,-5.56850697831501));
#4413=CARTESIAN_POINT('',(-20.,0.785512481098022,-7.61884581443136));
#4414=CARTESIAN_POINT('',(-20.,0.300246606601114,-8.13274355866425));
#4415=CARTESIAN_POINT('',(-20.,-0.185019267895792,-8.64664130289714));
#4416=CARTESIAN_POINT('',(-20.,-0.670285142392701,-9.16053904713003));
#4417=CARTESIAN_POINT('',(-20.,-2.74610261439006,-11.3588348110854));
#4418=CARTESIAN_POINT('',(-20.,-4.82192008638742,-13.5571305750408));
#4419=CARTESIAN_POINT('',(-20.,-6.89773755838478,-15.7554263389962));
#4420=CARTESIAN_POINT('',(-20.,3.55095094310569,-4.69023974067048));
#4421=CARTESIAN_POINT('',(-20.,-7.64462490185197,-34.5327651704169));
#4422=CARTESIAN_POINT('',(-20.,-4.95529272539344,-27.3641777769292));
#4423=CARTESIAN_POINT('',(-20.,-2.26596054893491,-20.1955903834415));
#4424=CARTESIAN_POINT('',(-20.,0.423371627523616,-13.0270029899538));
#4425=CARTESIAN_POINT('',(-20.,0.65165455715766,-12.4185002003586));
#4426=CARTESIAN_POINT('',(-20.,0.879937486791703,-11.8099974107635));
#4427=CARTESIAN_POINT('',(-20.,1.10822041642575,-11.2014946211683));
#4428=CARTESIAN_POINT('',(-20.,2.41724628373029,-7.71220221904272));
#4429=CARTESIAN_POINT('',(-20.,3.72627215103483,-4.2229098169171));
#4430=CARTESIAN_POINT('',(-20.,5.03529801833936,-0.73361741479153));
#4431=CARTESIAN_POINT('',(-20.,5.16620060506982,-0.384688174578967));
#4432=CARTESIAN_POINT('',(-20.,5.29710319180027,-0.035758934366404));
#4433=CARTESIAN_POINT('',(-20.,5.42800577853073,0.313170305846159));
#4434=CARTESIAN_POINT('',(-20.0000000000001,7.91831670169189,6.95125378467709));
#4435=CARTESIAN_POINT('',(-20.0000000000001,10.4086276248531,13.589337263508));
#4436=CARTESIAN_POINT('',(-20.0000000000001,12.8989385480142,20.2274207423389));
#4437=CARTESIAN_POINT('',(-17.6,-1.59,-12.));
#4438=CARTESIAN_POINT('',(-17.6,-1.1,-12.));
#4439=CARTESIAN_POINT('',(-17.6,-1.1,-11.5));
#4440=CARTESIAN_POINT('',(-17.6,-1.1,-11.5));
#4441=CARTESIAN_POINT('',(-17.6,1.1,-11.5));
#4442=CARTESIAN_POINT('',(-17.6,1.1,-12.));
#4443=CARTESIAN_POINT('',(-17.6,-1.6,-12.));
#4444=CARTESIAN_POINT('',(-17.6,-1.6,-11.5));
#4445=CARTESIAN_POINT('',(-17.6,-1.59,-11.5));
#4446=CARTESIAN_POINT('',(-17.6,1.6,-11.5));
#4447=CARTESIAN_POINT('',(-17.,-8.67361737988404E-16,-0.999999999999997));
#4448=CARTESIAN_POINT('',(-17.,-2.13115418556864,-2.67897503780394));
#4449=CARTESIAN_POINT('',(-17.,-3.46944695195361E-15,-5.38408861031262));
#4450=CARTESIAN_POINT('',(-17.,2.13115418556864,-2.67897503780394));
#4451=CARTESIAN_POINT('',(-16.9173273721675,-3.75476712177168,-12.8881085203451));
#4452=CARTESIAN_POINT('',(-16.9448849147783,-3.83651141451446,-12.5920723468967));
#4453=CARTESIAN_POINT('',(-16.9724424573892,-3.91825570725723,-12.2960361734484));
#4454=CARTESIAN_POINT('',(-17.,-4.,-12.));
#4455=CARTESIAN_POINT('',(-17.3330651753427,-4.98797550928603,-8.42205615320352));
#4456=CARTESIAN_POINT('',(-17.6661303506854,-5.97595101857206,-4.84411230640702));
#4457=CARTESIAN_POINT('',(-17.9991955260281,-6.96392652785809,-1.26616845961057));
#4458=CARTESIAN_POINT('',(-18.0013463573479,-6.97030656643878,-1.24306321098087));
#4459=CARTESIAN_POINT('',(-18.0034971886677,-6.97668660501947,-1.21995796235117));
#4460=CARTESIAN_POINT('',(-18.0056480199875,-6.98306664360016,-1.19685271372148));
#4461=CARTESIAN_POINT('',(-20.,-3.75476712177168,-12.8881085203451));
#4462=CARTESIAN_POINT('',(-20.,-3.83651141451446,-12.5920723468967));
#4463=CARTESIAN_POINT('',(-20.,-3.91825570725723,-12.2960361734484));
#4464=CARTESIAN_POINT('',(-20.,-4.,-12.));
#4465=CARTESIAN_POINT('',(-20.,-4.98797550928603,-8.42205615320352));
#4466=CARTESIAN_POINT('',(-20.,-5.97595101857206,-4.84411230640703));
#4467=CARTESIAN_POINT('',(-20.,-6.96392652785809,-1.26616845961057));
#4468=CARTESIAN_POINT('',(-20.,-6.97030656643877,-1.24306321098087));
#4469=CARTESIAN_POINT('',(-20.,-6.97668660501947,-1.21995796235117));
#4470=CARTESIAN_POINT('',(-20.,-6.98306664360015,-1.19685271372148));
#4471=CARTESIAN_POINT('',(-20.,-0.783297199101871,-12.0675982955113));
#4472=CARTESIAN_POINT('',(-20.,-0.891604938209832,-11.7788970707303));
#4473=CARTESIAN_POINT('',(-20.,-0.999912677317792,-11.4901958459493));
#4474=CARTESIAN_POINT('',(-20.,-1.10822041642575,-11.2014946211683));
#4475=CARTESIAN_POINT('',(-20.,-2.41724628373029,-7.71220221904272));
#4476=CARTESIAN_POINT('',(-20.,-3.72627215103483,-4.2229098169171));
#4477=CARTESIAN_POINT('',(-20.,-5.03529801833937,-0.73361741479153));
#4478=CARTESIAN_POINT('',(-20.,-5.04375130028616,-0.711084649621108));
#4479=CARTESIAN_POINT('',(-20.,-5.05220458223296,-0.688551884450686));
#4480=CARTESIAN_POINT('',(-20.,-5.06065786417976,-0.666019119280264));
#4481=CARTESIAN_POINT('',(-17.9991955260281,-6.96392652785809,-1.26616845961057));
#4482=CARTESIAN_POINT('',(-18.1753334638185,-6.96181312903312,-1.27381656481032));
#4483=CARTESIAN_POINT('',(-18.3500095334578,-6.92902829659508,-1.30149445794848));
#4484=CARTESIAN_POINT('',(-18.5112292303526,-6.87053253077302,-1.34611246766274));
#4485=CARTESIAN_POINT('',(-18.5112292303526,-6.87053253077302,-1.34611246766273));
#4486=CARTESIAN_POINT('',(-18.5112292303526,-6.87053253077302,-1.34611246766273));
#4487=CARTESIAN_POINT('',(-18.909307458471,-6.72609676231931,-1.45628174965073));
#4488=CARTESIAN_POINT('',(-19.388218439074,-6.1845107714686,-2.02118205115207));
#4489=CARTESIAN_POINT('',(-19.8892438716546,-5.05936033738483,-3.17096814790075));
#4490=CARTESIAN_POINT('',(-20.,-4.16992351284525,-4.08727267613952));
#4491=CARTESIAN_POINT('',(-20.,-3.5509509431057,-4.69023974067048));
#4492=CARTESIAN_POINT('',(-17.9991955260281,-5.21448751890197,-0.38115418556864));
#4493=CARTESIAN_POINT('',(-17.9991955260281,-8.28424233444872,3.51534259164305));
#4494=CARTESIAN_POINT('',(-17.9991955260281,-6.96392652785809,-1.26616845961057));
#4495=CARTESIAN_POINT('',(-18.0450439237706,-5.21448750000882,-0.381154209550072));
#4496=CARTESIAN_POINT('',(-18.6429480287864,-8.31741694022626,3.55745173464199));
#4497=CARTESIAN_POINT('',(-18.0912270262964,-6.96282351096307,-1.27016302473424));
#4498=CARTESIAN_POINT('',(-18.1349282577311,-5.20410298218489,-0.394335470812013));
#4499=CARTESIAN_POINT('',(-19.9042380002026,-8.0958359278809,3.27619484203078));
#4500=CARTESIAN_POINT('',(-18.2728737090994,-6.94402913620516,-1.28895331158495));
#4501=CARTESIAN_POINT('',(-18.2150668613079,-5.17628740640584,-0.429642297543077));
#4502=CARTESIAN_POINT('',(-20.585715103339,-7.56287309342102,2.59969522182477));
#4503=CARTESIAN_POINT('',(-18.4360044078723,-6.8978265779643,-1.32529369239209));
#4504=CARTESIAN_POINT('',(-18.2519826245105,-5.15962754523873,-0.450788968611944));
#4505=CARTESIAN_POINT('',(-20.7937261588258,-7.31657223369377,2.2870609680098));
#4506=CARTESIAN_POINT('',(-18.5112292303526,-6.87053253077303,-1.34611246766273));
#4507=CARTESIAN_POINT('',(-18.2519826245105,-5.94514002633676,-1.0696347830433));
#4508=CARTESIAN_POINT('',(-18.2519826245105,-5.15962754523876,-0.450788968611892));
#4509=CARTESIAN_POINT('',(-20.7937261588254,-7.31657223369435,2.28706096801039));
#4510=CARTESIAN_POINT('',(-18.5112292303524,-6.8705325307731,-1.34611246766268));
#4511=CARTESIAN_POINT('',(-18.2958778076928,-5.1522338170761,-0.460173965032941));
#4512=CARTESIAN_POINT('',(-20.951859971347,-7.12115499776228,1.93210378407389));
#4513=CARTESIAN_POINT('',(-18.5507553233106,-6.85619109296588,-1.35705169992728));
#4514=CARTESIAN_POINT('',(-18.3734440634191,-5.137101453036,-0.48420957230644));
#4515=CARTESIAN_POINT('',(-21.041659806624,-6.818295064352,1.34241167394877));
#4516=CARTESIAN_POINT('',(-18.6214313420256,-6.82615693795586,-1.38216285416025));
#4517=CARTESIAN_POINT('',(-18.5051826640362,-5.10554622698635,-0.544200121384567));
#4518=CARTESIAN_POINT('',(-20.9627573107446,-6.4391644319756,0.562636016069386));
#4519=CARTESIAN_POINT('',(-18.7430567311423,-6.76251988644743,-1.43973890620971));
#4520=CARTESIAN_POINT('',(-18.6399651590315,-5.06410827715284,-0.633641725115882));
#4521=CARTESIAN_POINT('',(-20.7660706034109,-6.17257848602363,-0.00982177260905626));
#4522=CARTESIAN_POINT('',(-18.8691150808074,-6.67833364377293,-1.52054862504542));
#4523=CARTESIAN_POINT('',(-18.7705263130551,-5.01401557759858,-0.748380239244818));
#4524=CARTESIAN_POINT('',(-20.5872909884896,-5.97470930982939,-0.431335795314697));
#4525=CARTESIAN_POINT('',(-18.9917276464243,-6.57691209780191,-1.62079915188522));
#4526=CARTESIAN_POINT('',(-18.91987657914,-4.94603043955744,-0.908685864142556));
#4527=CARTESIAN_POINT('',(-20.4177341337854,-5.7879750479453,-0.819812759101623));
#4528=CARTESIAN_POINT('',(-19.1317605014899,-6.43998822496734,-1.75818614421392));
#4529=CARTESIAN_POINT('',(-19.0739981501066,-4.8590730211108,-1.118501112051));
#4530=CARTESIAN_POINT('',(-20.2816322665084,-5.60765077390403,-1.17690043806844));
#4531=CARTESIAN_POINT('',(-19.2748548854436,-6.26632394515447,-1.93460526174253));
#4532=CARTESIAN_POINT('',(-19.2256994344956,-4.75410342007961,-1.37512695442361));
#4533=CARTESIAN_POINT('',(-20.1845016232811,-5.42122822087353,-1.52666386431887));
#4534=CARTESIAN_POINT('',(-19.4125180154571,-6.05848190123803,-2.14712912514071));
#4535=CARTESIAN_POINT('',(-19.3546047886629,-4.64876240463226,-1.63515126400352));
#4536=CARTESIAN_POINT('',(-20.1239947770454,-5.25066266227794,-1.83457668805549));
#4537=CARTESIAN_POINT('',(-19.5261419586582,-5.8509749716818,-2.36000008117128));
#4538=CARTESIAN_POINT('',(-19.5037289287847,-4.50812943844054,-1.98561250425379));
#4539=CARTESIAN_POINT('',(-20.0727624484187,-5.03845473710435,-2.20733542697935));
#4540=CARTESIAN_POINT('',(-19.6531701152432,-5.57448379445633,-2.64405370044715));
#4541=CARTESIAN_POINT('',(-19.6563991028054,-4.33268575468658,-2.43002609125454));
#4542=CARTESIAN_POINT('',(-20.0383035741105,-4.77921965546565,-2.64984642082224));
#4543=CARTESIAN_POINT('',(-19.775348631357,-5.22893437351606,-2.99922053597983));
#4544=CARTESIAN_POINT('',(-19.7997242068635,-4.12497334241769,-2.97353732007408));
#4545=CARTESIAN_POINT('',(-20.0179077304041,-4.46898123936581,-3.16810596603215));
#4546=CARTESIAN_POINT('',(-19.8797499301503,-4.81347171311208,-3.42497934216261));
#4547=CARTESIAN_POINT('',(-19.9079216720994,-3.92260159445881,-3.52883071424555));
#4548=CARTESIAN_POINT('',(-20.0074002170875,-4.16112670668111,-3.67646657392042));
#4549=CARTESIAN_POINT('',(-19.9501077216238,-4.396208480563,-3.84968189941341));
#4550=CARTESIAN_POINT('',(-19.9802051292583,-3.72872200385474,-4.09948471195134));
#4551=CARTESIAN_POINT('',(-20.0016732835428,-3.85426434350404,-4.18235248411867));
#4552=CARTESIAN_POINT('',(-19.9909681581847,-3.97554491591822,-4.27294496267517));
#4553=CARTESIAN_POINT('',(-20.,-3.60846672214586,-4.48917984669078));
#4554=CARTESIAN_POINT('',(-19.999999990611,-3.65126305965346,-4.51999208206489));
#4555=CARTESIAN_POINT('',(-20.,-3.69405938032148,-4.55080434600885));
#4556=CARTESIAN_POINT('',(-20.,-3.55095094310561,-4.69023974067041));
#4557=CARTESIAN_POINT('',(-20.,-3.55095094310566,-4.69023974067043));
#4558=CARTESIAN_POINT('',(-20.,-3.55095094310571,-4.69023974067045));
#4559=CARTESIAN_POINT('',(-20.,-3.55095094310559,-4.69023974067043));
#4560=CARTESIAN_POINT('',(-20.,-3.66807497078924,-4.28300667860373));
#4561=CARTESIAN_POINT('',(-19.921553141948,-3.93192438395778,-3.48133976415139));
#4562=CARTESIAN_POINT('',(-19.6425127692113,-4.37476101123342,-2.3114155875904));
#4563=CARTESIAN_POINT('',(-19.212948109972,-4.81067735422504,-1.24043387999905));
#4564=CARTESIAN_POINT('',(-18.6608456575999,-5.09075532632252,-0.538219253818652));
#4565=CARTESIAN_POINT('',(-18.2519826245105,-5.15962754523875,-0.450788968611938));
#4566=CARTESIAN_POINT('',(-18.246881098221,-5.19481653473086,-0.406122930967818));
#4567=CARTESIAN_POINT('',(-18.4979207321473,-3.46321102315391,-2.60408195397852));
#4568=CARTESIAN_POINT('',(-18.7489603660737,-1.73160551157695,-4.80204097698927));
#4569=CARTESIAN_POINT('',(-19.,-3.46944695195361E-15,-6.99999999999999));
#4570=CARTESIAN_POINT('',(-19.0357795107941,0.246797675424798,-7.31326487120268));
#4571=CARTESIAN_POINT('',(-19.0715590215882,0.493595350849598,-7.62652974240536));
#4572=CARTESIAN_POINT('',(-19.1073385323822,0.740393026274399,-7.93979461360805));
#4573=CARTESIAN_POINT('',(-20.,-5.19481653473085,-0.406122930967825));
#4574=CARTESIAN_POINT('',(-20.,-3.46321102315391,-2.60408195397853));
#4575=CARTESIAN_POINT('',(-20.,-1.73160551157695,-4.80204097698927));
#4576=CARTESIAN_POINT('',(-20.,-6.1331736667335E-16,-7.));
#4577=CARTESIAN_POINT('',(-20.,0.246797675424801,-7.31326487120268));
#4578=CARTESIAN_POINT('',(-20.,0.493595350849601,-7.62652974240537));
#4579=CARTESIAN_POINT('',(-20.,0.740393026274402,-7.93979461360805));
#4580=CARTESIAN_POINT('',(-20.,-6.57191331292716,-1.4910332255343));
#4581=CARTESIAN_POINT('',(-20.,-4.64311303565079,-3.5336374218333));
#4582=CARTESIAN_POINT('',(-20.,-2.7143127583744,-5.57624161813234));
#4583=CARTESIAN_POINT('',(-20.,-0.785512481098027,-7.61884581443136));
#4584=CARTESIAN_POINT('',(-20.,-0.510609553376913,-7.90996868513675));
#4585=CARTESIAN_POINT('',(-20.,-0.235706625655799,-8.20109155584213));
#4586=CARTESIAN_POINT('',(-20.,0.0391963020653147,-8.49221442654751));
#4587=CARTESIAN_POINT('',(-20.,-2.60208521396521E-15,-8.45070544709497));
#4588=CARTESIAN_POINT('',(-20.,-0.16438290631613,-7.98314620703011));
#4589=CARTESIAN_POINT('',(-19.9014918044275,-0.398146923205157,-7.26410192475118));
#4590=CARTESIAN_POINT('',(-19.5193095713005,-0.659599362442654,-6.39659155019718));
#4591=CARTESIAN_POINT('',(-19.1331385335886,-0.773294356972283,-6.01845862399863));
#4592=CARTESIAN_POINT('',(-18.8861202714007,-0.785512481098032,-6.00293442474397));
#4593=CARTESIAN_POINT('',(-17.6,1.6,-12.));
#4594=CARTESIAN_POINT('',(-16.9173273721675,3.75476712177168,-12.8881085203451));
#4595=CARTESIAN_POINT('',(-16.9448849147783,3.83651141451445,-12.5920723468967));
#4596=CARTESIAN_POINT('',(-16.9724424573892,3.91825570725723,-12.2960361734484));
#4597=CARTESIAN_POINT('',(-17.,4.,-12.));
#4598=CARTESIAN_POINT('',(-17.3330651753427,4.98797550928603,-8.42205615320352));
#4599=CARTESIAN_POINT('',(-17.6661303506854,5.97595101857206,-4.84411230640702));
#4600=CARTESIAN_POINT('',(-17.9991955260281,6.96392652785808,-1.26616845961057));
#4601=CARTESIAN_POINT('',(-18.0013463573479,6.97030656643877,-1.24306321098087));
#4602=CARTESIAN_POINT('',(-18.0034971886677,6.97668660501946,-1.21995796235117));
#4603=CARTESIAN_POINT('',(-18.0056480199875,6.98306664360015,-1.19685271372148));
#4604=CARTESIAN_POINT('',(-20.,3.75476712177168,-12.8881085203451));
#4605=CARTESIAN_POINT('',(-20.,3.83651141451445,-12.5920723468967));
#4606=CARTESIAN_POINT('',(-20.,3.91825570725723,-12.2960361734484));
#4607=CARTESIAN_POINT('',(-20.,4.,-12.));
#4608=CARTESIAN_POINT('',(-20.,4.98797550928603,-8.42205615320352));
#4609=CARTESIAN_POINT('',(-20.,5.97595101857206,-4.84411230640703));
#4610=CARTESIAN_POINT('',(-20.,6.96392652785808,-1.26616845961057));
#4611=CARTESIAN_POINT('',(-20.,6.97030656643877,-1.24306321098087));
#4612=CARTESIAN_POINT('',(-20.,6.97668660501946,-1.21995796235117));
#4613=CARTESIAN_POINT('',(-20.,6.98306664360015,-1.19685271372148));
#4614=CARTESIAN_POINT('',(-20.,0.783297199101866,-12.0675982955113));
#4615=CARTESIAN_POINT('',(-20.,0.891604938209827,-11.7788970707303));
#4616=CARTESIAN_POINT('',(-20.,0.999912677317787,-11.4901958459493));
#4617=CARTESIAN_POINT('',(-20.,1.10822041642575,-11.2014946211683));
#4618=CARTESIAN_POINT('',(-20.,2.41724628373029,-7.71220221904272));
#4619=CARTESIAN_POINT('',(-20.,3.72627215103483,-4.2229098169171));
#4620=CARTESIAN_POINT('',(-20.,5.03529801833936,-0.73361741479153));
#4621=CARTESIAN_POINT('',(-20.,5.04375130028616,-0.711084649621108));
#4622=CARTESIAN_POINT('',(-20.,5.05220458223295,-0.688551884450686));
#4623=CARTESIAN_POINT('',(-20.,5.06065786417975,-0.666019119280264));
#4624=CARTESIAN_POINT('',(-17.9991955260281,6.96392652785808,-1.26616845961057));
#4625=CARTESIAN_POINT('',(-18.1753334638185,6.96181312903409,-1.27381656480908));
#4626=CARTESIAN_POINT('',(-18.3500095334578,6.92902829659508,-1.30149445794848));
#4627=CARTESIAN_POINT('',(-18.5112292303526,6.87053253077302,-1.34611246766274));
#4628=CARTESIAN_POINT('',(-18.5112292303526,6.87053253077302,-1.34611246766273));
#4629=CARTESIAN_POINT('',(-18.5112292303526,6.87053253077302,-1.34611246766273));
#4630=CARTESIAN_POINT('',(-18.909307458471,6.7260967623193,-1.45628174965073));
#4631=CARTESIAN_POINT('',(-19.388218439074,6.18451077146859,-2.02118205115209));
#4632=CARTESIAN_POINT('',(-19.8892438716546,5.05936033738483,-3.17096814790075));
#4633=CARTESIAN_POINT('',(-20.,4.16992351284524,-4.08727267613946));
#4634=CARTESIAN_POINT('',(-20.,3.5509509431057,-4.69023974067048));
#4635=CARTESIAN_POINT('',(-17.9991955260281,6.96392652785808,-1.26616845961057));
#4636=CARTESIAN_POINT('',(-17.9991955260281,8.28424233444872,3.51534259164306));
#4637=CARTESIAN_POINT('',(-17.9991955260281,5.21448751890197,-0.38115418556864));
#4638=CARTESIAN_POINT('',(-18.0912270262952,6.96282351096298,-1.27016302473456));
#4639=CARTESIAN_POINT('',(-18.6429480287763,8.3174169402253,3.55745173464028));
#4640=CARTESIAN_POINT('',(-18.0450439237701,5.21448750000857,-0.381154209550377));
#4641=CARTESIAN_POINT('',(-18.2728737091005,6.94402913620509,-1.28895331158468));
#4642=CARTESIAN_POINT('',(-19.9042380002087,8.09583592787995,3.27619484203006));
#4643=CARTESIAN_POINT('',(-18.1349282577317,5.20410298218503,-0.394335470811827));
#4644=CARTESIAN_POINT('',(-18.4360044078713,6.89782657796449,-1.32529369239232));
#4645=CARTESIAN_POINT('',(-20.5857151033374,7.56287309342345,2.59969522182742));
#4646=CARTESIAN_POINT('',(-18.2150668613072,5.17628740640578,-0.429642297543144));
#4647=CARTESIAN_POINT('',(-18.5112292303526,6.87053253077302,-1.34611246766274));
#4648=CARTESIAN_POINT('',(-20.7937261588258,7.31657223369374,2.28706096800976));
#4649=CARTESIAN_POINT('',(-18.2519826245105,5.15962754523872,-0.450788968611947));
#4650=CARTESIAN_POINT('',(-18.2519826245105,5.94514002633675,-1.0696347830433));
#4651=CARTESIAN_POINT('',(-18.5112292303524,6.87053253077309,-1.34611246766268));
#4652=CARTESIAN_POINT('',(-20.7937261588254,7.31657223369434,2.28706096801039));
#4653=CARTESIAN_POINT('',(-18.2519826245105,5.15962754523876,-0.450788968611892));
#4654=CARTESIAN_POINT('',(-18.5507553233104,6.85619109296599,-1.3570516999271));
#4655=CARTESIAN_POINT('',(-20.9518599713471,7.12115499776207,1.93210378406816));
#4656=CARTESIAN_POINT('',(-18.2958778076943,5.15223381707633,-0.460173965032643));
#4657=CARTESIAN_POINT('',(-18.6214313420257,6.82615693795579,-1.38216285416033));
#4658=CARTESIAN_POINT('',(-21.041659806624,6.8182950643519,1.34241167395088));
#4659=CARTESIAN_POINT('',(-18.3734440634183,5.13710145303589,-0.484209572306575));
#4660=CARTESIAN_POINT('',(-18.7430567311422,6.76251988644746,-1.43973890620966));
#4661=CARTESIAN_POINT('',(-20.9627573107446,6.4391644319757,0.562636016068537));
#4662=CARTESIAN_POINT('',(-18.5051826640366,5.1055462269864,-0.544200121384488));
#4663=CARTESIAN_POINT('',(-18.8691150808074,6.67833364377291,-1.52054862504544));
#4664=CARTESIAN_POINT('',(-20.7660706034109,6.17257848602357,-0.00982177260883323));
#4665=CARTESIAN_POINT('',(-18.6399651590314,5.06410827715281,-0.63364172511591));
#4666=CARTESIAN_POINT('',(-18.9917276464243,6.57691209780192,-1.62079915188521));
#4667=CARTESIAN_POINT('',(-20.5872909884896,5.97470930982941,-0.431335795314726));
#4668=CARTESIAN_POINT('',(-18.7705263130552,5.01401557759859,-0.748380239244813));
#4669=CARTESIAN_POINT('',(-19.1317605014899,6.43998822496731,-1.75818614421392));
#4670=CARTESIAN_POINT('',(-20.4177341337853,5.78797504794525,-0.8198127591016));
#4671=CARTESIAN_POINT('',(-18.9198765791399,4.94603043955742,-0.908685864142555));
#4672=CARTESIAN_POINT('',(-19.2748548854436,6.26632394515449,-1.93460526174255));
#4673=CARTESIAN_POINT('',(-20.2816322665084,5.60765077390408,-1.17690043806849));
#4674=CARTESIAN_POINT('',(-19.0739981501066,4.85907302111082,-1.11850111205101));
#4675=CARTESIAN_POINT('',(-19.4125180154571,6.05848190123802,-2.14712912514071));
#4676=CARTESIAN_POINT('',(-20.1845016232811,5.42122822087351,-1.52666386431886));
#4677=CARTESIAN_POINT('',(-19.2256994344956,4.7541034200796,-1.37512695442361));
#4678=CARTESIAN_POINT('',(-19.5261419586582,5.85097497168179,-2.36000008117128));
#4679=CARTESIAN_POINT('',(-20.1239947770454,5.25066266227792,-1.83457668805548));
#4680=CARTESIAN_POINT('',(-19.3546047886629,4.64876240463225,-1.63515126400351));
#4681=CARTESIAN_POINT('',(-19.6531701152432,5.57448379445633,-2.64405370044715));
#4682=CARTESIAN_POINT('',(-20.0727624484187,5.03845473710435,-2.20733542697935));
#4683=CARTESIAN_POINT('',(-19.5037289287847,4.50812943844054,-1.9856125042538));
#4684=CARTESIAN_POINT('',(-19.775348631357,5.22893437351608,-2.99922053597985));
#4685=CARTESIAN_POINT('',(-20.0383035741105,4.77921965546565,-2.64984642082223));
#4686=CARTESIAN_POINT('',(-19.6563991028054,4.33268575468655,-2.4300260912545));
#4687=CARTESIAN_POINT('',(-19.8797499301503,4.81347171311201,-3.42497934216258));
#4688=CARTESIAN_POINT('',(-20.0179077304041,4.46898123936585,-3.16810596603222));
#4689=CARTESIAN_POINT('',(-19.7997242068635,4.12497334241783,-2.97353732007424));
#4690=CARTESIAN_POINT('',(-19.9501077216238,4.39620848056309,-3.84968189941344));
#4691=CARTESIAN_POINT('',(-20.0074002170875,4.16112670668079,-3.67646657392006));
#4692=CARTESIAN_POINT('',(-19.9079216720994,3.92260159445808,-3.52883071424479));
#4693=CARTESIAN_POINT('',(-19.9909681581847,3.97554491591788,-4.2729449626751));
#4694=CARTESIAN_POINT('',(-20.001673283543,3.85426434350525,-4.18235248412));
#4695=CARTESIAN_POINT('',(-19.9802051292584,3.72872200385746,-4.09948471195424));
#4696=CARTESIAN_POINT('',(-20.,3.69405938032233,-4.5508043460091));
#4697=CARTESIAN_POINT('',(-19.9999999906107,3.65126305965105,-4.51999208206221));
#4698=CARTESIAN_POINT('',(-20.,3.60846672214025,-4.48917984668477));
#4699=CARTESIAN_POINT('',(-20.,3.5509509431057,-4.69023974067045));
#4700=CARTESIAN_POINT('',(-20.,3.55095094310565,-4.69023974067043));
#4701=CARTESIAN_POINT('',(-20.,3.5509509431056,-4.69023974067041));
#4702=CARTESIAN_POINT('',(-20.,3.55095094310559,-4.69023974067043));
#4703=CARTESIAN_POINT('',(-20.,3.6680749707892,-4.28300667860372));
#4704=CARTESIAN_POINT('',(-19.921553141948,3.93192438395778,-3.4813397641514));
#4705=CARTESIAN_POINT('',(-19.6425127692113,4.37476101123344,-2.3114155875904));
#4706=CARTESIAN_POINT('',(-19.212948109972,4.81067735422501,-1.24043387999904));
#4707=CARTESIAN_POINT('',(-18.6608456575999,5.09075532632252,-0.538219253818652));
#4708=CARTESIAN_POINT('',(-18.2519826245105,5.15962754523875,-0.450788968611938));
#4709=CARTESIAN_POINT('',(-18.246881098221,5.19481653473085,-0.406122930967817));
#4710=CARTESIAN_POINT('',(-18.4979207321473,3.4632110231539,-2.60408195397852));
#4711=CARTESIAN_POINT('',(-18.7489603660737,1.73160551157695,-4.80204097698927));
#4712=CARTESIAN_POINT('',(-19.,-1.73472347597681E-15,-6.99999999999999));
#4713=CARTESIAN_POINT('',(-19.0357795107941,-0.246797675424863,-7.31326487120276));
#4714=CARTESIAN_POINT('',(-19.0715590215882,-0.493595350849725,-7.62652974240552));
#4715=CARTESIAN_POINT('',(-19.1073385323822,-0.740393026274587,-7.93979461360828));
#4716=CARTESIAN_POINT('',(-20.,5.19481653473085,-0.406122930967824));
#4717=CARTESIAN_POINT('',(-20.,3.4632110231539,-2.60408195397853));
#4718=CARTESIAN_POINT('',(-20.,1.73160551157694,-4.80204097698927));
#4719=CARTESIAN_POINT('',(-20.,-4.29322156671345E-15,-7.));
#4720=CARTESIAN_POINT('',(-20.,-0.246797675424866,-7.31326487120276));
#4721=CARTESIAN_POINT('',(-20.,-0.493595350849728,-7.62652974240552));
#4722=CARTESIAN_POINT('',(-20.,-0.740393026274589,-7.93979461360829));
#4723=CARTESIAN_POINT('',(-20.,6.57191331292716,-1.4910332255343));
#4724=CARTESIAN_POINT('',(-20.,4.64311303565078,-3.5336374218333));
#4725=CARTESIAN_POINT('',(-20.,2.7143127583744,-5.57624161813234));
#4726=CARTESIAN_POINT('',(-20.,0.785512481098022,-7.61884581443136));
#4727=CARTESIAN_POINT('',(-20.,0.51060955337684,-7.90996868513682));
#4728=CARTESIAN_POINT('',(-20.,0.235706625655659,-8.20109155584227));
#4729=CARTESIAN_POINT('',(-20.,-0.0391963020655228,-8.49221442654772));
#4730=CARTESIAN_POINT('',(-18.8861202714007,0.785512481098027,-6.00293442474398));
#4731=CARTESIAN_POINT('',(-19.1355434044318,0.773175406200251,-6.01860976137054));
#4732=CARTESIAN_POINT('',(-19.518200464404,0.65973034784967,-6.39630168776384));
#4733=CARTESIAN_POINT('',(-19.9021339582348,0.397769690183992,-7.26511700754202));
#4734=CARTESIAN_POINT('',(-20.,0.165983275247124,-7.97859423856466));
#4735=CARTESIAN_POINT('',(-20.,-4.33680868994202E-15,-8.45070544709497));
#4736=CARTESIAN_POINT('',(-20.,-8.20192167221705E-12,-8.45070544710339));
#4737=CARTESIAN_POINT('',(-20.,-2.59530895038718E-15,-8.45070544710339));
#4738=CARTESIAN_POINT('',(-20.,8.19673105431628E-12,-8.45070544710339));
#4739=CARTESIAN_POINT('',(-20.0000000000011,0.0890987265911224,-8.1973871725465));
#4740=CARTESIAN_POINT('',(-20.0000000002261,2.19105777218732E-11,-8.1973871546437));
#4741=CARTESIAN_POINT('',(-20.0000000000011,-0.0890987265473013,-8.19738717255938));
#4742=CARTESIAN_POINT('',(-19.9605846048089,0.263883144561915,-7.68007633306009));
#4743=CARTESIAN_POINT('',(-19.9062947035378,-1.04111752122829E-11,-7.66307621040738));
#4744=CARTESIAN_POINT('',(-19.9605846048089,-0.263883144582255,-7.68007633305413));
#4745=CARTESIAN_POINT('',(-19.7682245276788,0.502543041983083,-6.92054985225158));
#4746=CARTESIAN_POINT('',(-19.5099058581365,3.06949351695272E-12,-6.99350910851332));
#4747=CARTESIAN_POINT('',(-19.7682245276788,-0.502543041977654,-6.92054985225313));
#4748=CARTESIAN_POINT('',(-19.4237786564541,0.699812578814244,-6.25988911152211));
#4749=CARTESIAN_POINT('',(-18.8955520134704,-8.58277105295196E-13,-6.71050960927007));
#4750=CARTESIAN_POINT('',(-19.4237786564541,-0.699812578815664,-6.25988911152184));
#4751=CARTESIAN_POINT('',(-19.0664270074117,0.776589593634567,-6.01426041145429));
#4752=CARTESIAN_POINT('',(-18.8089066435036,-5.47284161563684E-13,-6.97095741114402));
#4753=CARTESIAN_POINT('',(-19.0664270074117,-0.776589593634886,-6.01426041145389));
#4754=CARTESIAN_POINT('',(-18.8861202714007,0.785512481098029,-6.00293442474398));
#4755=CARTESIAN_POINT('',(-18.8861202714007,-2.60208521396521E-15,-7.));
#4756=CARTESIAN_POINT('',(-18.8861202714007,-0.785512481098034,-6.00293442474398));
#4757=CARTESIAN_POINT('',(-18.8861202714007,-3.46944695195361E-15,-5.38408861031261));
#4758=CARTESIAN_POINT('',(-20.,-3.46944695195361E-15,-5.38408861031262));
#4759=CARTESIAN_POINT('',(-18.,-3.46944695195361E-15,-5.38408861031262));
#4760=CARTESIAN_POINT('',(-18.,-4.42897503780394,0.237691628862727));
#4761=CARTESIAN_POINT('',(-18.,-3.46944695195361E-15,-5.38408861031262));
#4762=CARTESIAN_POINT('',(-18.,-3.46944695195361E-15,-5.38408861031262));
#4763=CARTESIAN_POINT('',(-18.,-3.46944695195361E-15,-5.38408861031262));
#4764=CARTESIAN_POINT('',(-18.,4.42897503780394,0.237691628862727));
#4765=CARTESIAN_POINT('',(3.,-6.,-1.));
#4766=CARTESIAN_POINT('',(3.,-6.97395029845001,-1.22676158437693));
#4767=CARTESIAN_POINT('',(1.08245733035307,-6.97395029845001,-1.22676158437693));
#4768=CARTESIAN_POINT('',(-3.08245733035307,-6.97395029845001,-1.22676158437693));
#4769=CARTESIAN_POINT('',(1.08245733035307,-6.00000000000001,-0.999999999999987));
#4770=CARTESIAN_POINT('',(1.08245733035307,-5.21448751890198,-0.381154185568632));
#4771=CARTESIAN_POINT('',(3.,-5.21448751890198,-0.381154185568632));
#4772=CARTESIAN_POINT('',(-3.08245733035307,-5.21448751890198,-0.381154185568632));
#4773=CARTESIAN_POINT('',(-3.08245733035307,-6.00000000000001,-0.999999999999987));
#4774=CARTESIAN_POINT('',(3.00000000000004,-5.21448751890197,-0.381154185568632));
#4775=CARTESIAN_POINT('',(0.,-0.785512481098032,-6.00293442474399));
#4776=CARTESIAN_POINT('',(1.89522909547303,-0.785512481098084,-6.00293442474393));
#4777=CARTESIAN_POINT('',(1.,-0.785512481098032,-6.00293442474399));
#4778=CARTESIAN_POINT('',(1.,-5.21448751890197,-0.381154185568632));
#4779=CARTESIAN_POINT('',(1.,-3.57893360649661,-2.45719313055793));
#4780=CARTESIAN_POINT('',(-1.,-3.57893360649661,-2.45719313055793));
#4781=CARTESIAN_POINT('',(-3.,-3.57893360649661,-2.45719313055793));
#4782=CARTESIAN_POINT('',(-3.,-5.21448751890197,-0.381154185568632));
#4783=CARTESIAN_POINT('',(-3.,-0.785512481098032,-6.00293442474399));
#4784=CARTESIAN_POINT('',(-2.,-0.785512481098032,-6.00293442474399));
#4785=CARTESIAN_POINT('',(-3.89522909547303,-0.785512481098084,-6.00293442474393));
#4786=CARTESIAN_POINT('',(-1.7238199844623,-17.0654994294715,14.6615552459358));
#4787=CARTESIAN_POINT('',(-2.22752875573962,-13.2889783765784,9.86794696258206));
#4788=CARTESIAN_POINT('',(-2.73123752701694,-9.51245732368529,5.07433867922829));
#4789=CARTESIAN_POINT('',(-3.23494629829426,-5.73593627079217,0.280730395874507));
#4790=CARTESIAN_POINT('',(-3.25812974380049,-5.56212002016211,0.0601022020601319));
#4791=CARTESIAN_POINT('',(-3.28131318930673,-5.38830376953204,-0.160525991754246));
#4792=CARTESIAN_POINT('',(-3.30449663481296,-5.21448751890198,-0.381154185568621));
#4793=CARTESIAN_POINT('',(-3.53633108987533,-3.47632501260132,-2.5874361237124));
#4794=CARTESIAN_POINT('',(-3.76816554493769,-1.73816250630066,-4.79371806185622));
#4795=CARTESIAN_POINT('',(-4.00000000000004,-2.60208521396521E-15,-7.00000000000001));
#4796=CARTESIAN_POINT('',(-4.05810708034861,0.435653744329411,-7.5529833855664));
#4797=CARTESIAN_POINT('',(-4.11621416069718,0.871307488658823,-8.10596677113278));
#4798=CARTESIAN_POINT('',(-4.17432124104575,1.30696123298824,-8.65895015669916));
#4799=CARTESIAN_POINT('',(-4.44954749403051,3.37045068954488,-11.2781756324807));
#4800=CARTESIAN_POINT('',(-4.72477374701526,5.43394014610153,-13.8974011082623));
#4801=CARTESIAN_POINT('',(-5.00000000000002,7.49742960265818,-16.5166265840439));
#4802=CARTESIAN_POINT('',(-3.31035202935078,-5.17058711055889,-0.436877788887298));
#4803=CARTESIAN_POINT('',(-3.08245733035307,-5.21448751890198,-0.381154185568625));
#4804=CARTESIAN_POINT('',(-3.16381623327003,-5.21448751890198,-0.381154185568625));
#4805=CARTESIAN_POINT('',(-3.24208015777178,-5.197798085737,-0.402338392923391));
#4806=CARTESIAN_POINT('',(-3.31035202935078,-5.17058711055889,-0.436877788887305));
#4807=CARTESIAN_POINT('',(1.08245733035307,-5.21448751890198,-0.381154185568625));
#4808=CARTESIAN_POINT('',(1.16381623327003,-5.21448751890198,-0.381154185568625));
#4809=CARTESIAN_POINT('',(1.24208015777178,-5.197798085737,-0.402338392923391));
#4810=CARTESIAN_POINT('',(1.31035202935078,-5.17058711055889,-0.436877788887305));
#4811=CARTESIAN_POINT('',(1.31035202935078,-5.17058711055889,-0.436877788887298));
#4812=CARTESIAN_POINT('',(-0.276180015537703,-17.0654994294715,14.6615552459358));
#4813=CARTESIAN_POINT('',(0.227528755739617,-13.2889783765784,9.86794696258206));
#4814=CARTESIAN_POINT('',(0.731237527016937,-9.51245732368529,5.07433867922829));
#4815=CARTESIAN_POINT('',(1.23494629829426,-5.73593627079217,0.280730395874507));
#4816=CARTESIAN_POINT('',(1.25812974380049,-5.56212002016211,0.0601022020601319));
#4817=CARTESIAN_POINT('',(1.28131318930673,-5.38830376953204,-0.160525991754246));
#4818=CARTESIAN_POINT('',(1.30449663481296,-5.21448751890198,-0.381154185568621));
#4819=CARTESIAN_POINT('',(1.53633108987533,-3.47632501260132,-2.5874361237124));
#4820=CARTESIAN_POINT('',(1.76816554493769,-1.73816250630066,-4.79371806185622));
#4821=CARTESIAN_POINT('',(2.00000000000004,-2.60208521396521E-15,-7.00000000000001));
#4822=CARTESIAN_POINT('',(2.05810708034861,0.435653744329411,-7.5529833855664));
#4823=CARTESIAN_POINT('',(2.11621416069718,0.871307488658823,-8.10596677113278));
#4824=CARTESIAN_POINT('',(2.17432124104575,1.30696123298824,-8.65895015669916));
#4825=CARTESIAN_POINT('',(2.44954749403051,3.37045068954488,-11.2781756324807));
#4826=CARTESIAN_POINT('',(2.72477374701526,5.43394014610153,-13.8974011082623));
#4827=CARTESIAN_POINT('',(3.00000000000002,7.49742960265818,-16.5166265840439));
#4828=CARTESIAN_POINT('',(3.,-2.60208521396521E-15,-14.));
#4829=CARTESIAN_POINT('',(3.,-4.,-14.));
#4830=CARTESIAN_POINT('',(3.20923843055709E-14,-4.,-14.));
#4831=CARTESIAN_POINT('',(-2.00000000000003,-4.,-14.));
#4832=CARTESIAN_POINT('',(-5.00000000000003,-0.85940882560301,-14.));
#4833=CARTESIAN_POINT('',(-5.00000000000003,-1.67091405823339,-14.));
#4834=CARTESIAN_POINT('',(-4.39420550913003,-3.27834252575875,-14.));
#4835=CARTESIAN_POINT('',(-2.8127041995414,-4.,-14.));
#4836=CARTESIAN_POINT('',(-2.00000000000003,-4.,-14.));
#4837=CARTESIAN_POINT('',(-5.,-0.85940882560301,-14.));
#4838=CARTESIAN_POINT('',(-5.,-2.60208521396521E-15,-14.));
#4839=CARTESIAN_POINT('',(-5.,0.859408825603005,-14.));
#4840=CARTESIAN_POINT('',(-5.00000000000003,0.859408825603005,-14.));
#4841=CARTESIAN_POINT('',(-5.00000000000003,1.67091405823339,-14.));
#4842=CARTESIAN_POINT('',(-4.39420550913004,3.27834252575874,-14.));
#4843=CARTESIAN_POINT('',(-2.8127041995414,4.,-14.));
#4844=CARTESIAN_POINT('',(-2.00000000000003,4.,-14.));
#4845=CARTESIAN_POINT('',(-2.00000000000003,4.,-14.));
#4846=CARTESIAN_POINT('',(3.,4.,-14.));
#4847=CARTESIAN_POINT('',(3.20923843055709E-14,4.,-14.));
#4848=CARTESIAN_POINT('',(3.00000000000003,0.859408825603005,-14.));
#4849=CARTESIAN_POINT('',(3.00000000000003,1.67091405823339,-14.));
#4850=CARTESIAN_POINT('',(2.39420550913004,3.27834252575874,-14.));
#4851=CARTESIAN_POINT('',(0.812704199541398,4.,-14.));
#4852=CARTESIAN_POINT('',(3.20923843055709E-14,4.,-14.));
#4853=CARTESIAN_POINT('',(3.,0.859408825603005,-14.));
#4854=CARTESIAN_POINT('',(3.,-2.60208521396521E-15,-14.));
#4855=CARTESIAN_POINT('',(3.,-0.85940882560301,-14.));
#4856=CARTESIAN_POINT('',(3.00000000000003,-0.85940882560301,-14.));
#4857=CARTESIAN_POINT('',(3.00000000000003,-1.67091405823339,-14.));
#4858=CARTESIAN_POINT('',(2.39420550913003,-3.27834252575875,-14.));
#4859=CARTESIAN_POINT('',(0.812704199541397,-4.,-14.));
#4860=CARTESIAN_POINT('',(3.20923843055709E-14,-4.,-14.));
#4861=CARTESIAN_POINT('',(-2.6,-1.6,-14.));
#4862=CARTESIAN_POINT('',(-3.1,-1.6,-14.));
#4863=CARTESIAN_POINT('',(-2.6,-2.1,-14.));
#4864=CARTESIAN_POINT('',(0.1,-2.1,-14.));
#4865=CARTESIAN_POINT('',(0.6,-2.1,-14.));
#4866=CARTESIAN_POINT('',(0.6,-1.6,-14.));
#4867=CARTESIAN_POINT('',(1.1,-1.6,-14.));
#4868=CARTESIAN_POINT('',(1.1,-2.60208521396521E-15,-14.));
#4869=CARTESIAN_POINT('',(1.1,1.6,-14.));
#4870=CARTESIAN_POINT('',(0.6,1.6,-14.));
#4871=CARTESIAN_POINT('',(0.6,2.1,-14.));
#4872=CARTESIAN_POINT('',(0.1,2.1,-14.));
#4873=CARTESIAN_POINT('',(-2.6,2.1,-14.));
#4874=CARTESIAN_POINT('',(-2.6,1.6,-14.));
#4875=CARTESIAN_POINT('',(-3.1,1.6,-14.));
#4876=CARTESIAN_POINT('',(-3.1,-2.60208521396521E-15,-14.));
#4877=CARTESIAN_POINT('',(3.00000000000005,-4.,-14.));
#4878=CARTESIAN_POINT('',(-2.34125379554623,2.43237588103482,-41.6273180322424));
#4879=CARTESIAN_POINT('',(-1.61613449417101,0.440178403806366,-33.070748219726));
#4880=CARTESIAN_POINT('',(-0.891015192795786,-1.55201907342208,-24.5141784072095));
#4881=CARTESIAN_POINT('',(-0.165895891420562,-3.54421655065053,-15.9576085946931));
#4882=CARTESIAN_POINT('',(-0.11059726094703,-3.69614436710036,-15.3050723964621));
#4883=CARTESIAN_POINT('',(-0.0552986304734994,-3.84807218355018,-14.652536198231));
#4884=CARTESIAN_POINT('',(3.20923843055709E-14,-4.,-14.));
#4885=CARTESIAN_POINT('',(0.36081911011771,-4.99131676615001,-9.74225386145899));
#4886=CARTESIAN_POINT('',(0.721638220235399,-5.98263353230002,-5.48450772291797));
#4887=CARTESIAN_POINT('',(1.08245733035307,-6.97395029845002,-1.22676158437691));
#4888=CARTESIAN_POINT('',(1.11853924136484,-7.07308197506502,-0.800986970522818));
#4889=CARTESIAN_POINT('',(1.15462115237661,-7.17221365168002,-0.375212356668722));
#4890=CARTESIAN_POINT('',(1.19070306338837,-7.27134532829501,0.0505622571853742));
#4891=CARTESIAN_POINT('',(1.79380204225891,-8.92830337912368,7.16726499392979));
#4892=CARTESIAN_POINT('',(2.39690102112945,-10.5852614299523,14.2839677306742));
#4893=CARTESIAN_POINT('',(2.99999999999999,-12.242219480781,21.4006704674186));
#4894=CARTESIAN_POINT('',(0.341253795546232,2.43237588103482,-41.6273180322424));
#4895=CARTESIAN_POINT('',(-0.383865505828991,0.440178403806366,-33.070748219726));
#4896=CARTESIAN_POINT('',(-1.10898480720421,-1.55201907342208,-24.5141784072095));
#4897=CARTESIAN_POINT('',(-1.83410410857944,-3.54421655065053,-15.9576085946931));
#4898=CARTESIAN_POINT('',(-1.88940273905297,-3.69614436710036,-15.3050723964621));
#4899=CARTESIAN_POINT('',(-1.9447013695265,-3.84807218355018,-14.652536198231));
#4900=CARTESIAN_POINT('',(-2.00000000000003,-4.,-14.));
#4901=CARTESIAN_POINT('',(-2.36081911011771,-4.99131676615001,-9.74225386145899));
#4902=CARTESIAN_POINT('',(-2.7216382202354,-5.98263353230002,-5.48450772291797));
#4903=CARTESIAN_POINT('',(-3.08245733035307,-6.97395029845002,-1.22676158437691));
#4904=CARTESIAN_POINT('',(-3.11853924136484,-7.07308197506502,-0.800986970522818));
#4905=CARTESIAN_POINT('',(-3.15462115237661,-7.17221365168002,-0.375212356668722));
#4906=CARTESIAN_POINT('',(-3.19070306338837,-7.27134532829501,0.0505622571853742));
#4907=CARTESIAN_POINT('',(-3.79380204225891,-8.92830337912368,7.16726499392979));
#4908=CARTESIAN_POINT('',(-4.39690102112945,-10.5852614299523,14.2839677306742));
#4909=CARTESIAN_POINT('',(-4.99999999999999,-12.242219480781,21.4006704674186));
#4910=CARTESIAN_POINT('',(3.,-6.,-1.));
#4911=CARTESIAN_POINT('',(3.00000000000008,-7.6344916093044,-40.4161268590051));
#4912=CARTESIAN_POINT('',(3.00000000000006,-4.93606397208968,-32.0239862481308));
#4913=CARTESIAN_POINT('',(3.00000000000005,-2.23763633487495,-23.6318456372565));
#4914=CARTESIAN_POINT('',(3.00000000000004,0.460791302339774,-15.2397050263821));
#4915=CARTESIAN_POINT('',(3.00000000000003,0.666577236443171,-14.5997084332112));
#4916=CARTESIAN_POINT('',(3.00000000000003,0.872363170546567,-13.9597118400402));
#4917=CARTESIAN_POINT('',(3.00000000000003,1.07814910464996,-13.3197152468692));
#4918=CARTESIAN_POINT('',(3.00000000000003,2.42088575078555,-9.14378902141197));
#4919=CARTESIAN_POINT('',(3.00000000000004,3.76362239692115,-4.9678627959547));
#4920=CARTESIAN_POINT('',(3.00000000000004,5.10635904305672,-0.791936570497403));
#4921=CARTESIAN_POINT('',(3.00000000000004,5.24063270767028,-0.374343947951685));
#4922=CARTESIAN_POINT('',(3.00000000000004,5.37490637228383,0.0432486745940361));
#4923=CARTESIAN_POINT('',(3.00000000000004,5.50918003689739,0.460841297139757));
#4924=CARTESIAN_POINT('',(3.00000000000002,7.75352651819193,7.44078435389938));
#4925=CARTESIAN_POINT('',(3.00000000000001,9.99787299948647,14.420727410659));
#4926=CARTESIAN_POINT('',(2.99999999999999,12.242219480781,21.4006704674186));
#4927=CARTESIAN_POINT('',(3.00000000000004,4.03290003020093,-4.13040629696182));
#4928=CARTESIAN_POINT('',(3.00000000000002,19.6389797220003,12.6341049559966));
#4929=CARTESIAN_POINT('',(3.00000000000003,15.4667891424303,8.15221473744019));
#4930=CARTESIAN_POINT('',(3.00000000000003,11.2945985628603,3.67032451888374));
#4931=CARTESIAN_POINT('',(3.00000000000004,7.12240798329033,-0.811565699672705));
#4932=CARTESIAN_POINT('',(3.00000000000004,6.93038084686027,-1.01784691527145));
#4933=CARTESIAN_POINT('',(3.00000000000004,6.7383537104302,-1.22412813087019));
#4934=CARTESIAN_POINT('',(3.00000000000004,6.54632657400013,-1.43040934646894));
#4935=CARTESIAN_POINT('',(3.00000000000004,4.62605520969943,-3.4932215024564));
#4936=CARTESIAN_POINT('',(3.00000000000005,2.70578384539872,-5.5560336584439));
#4937=CARTESIAN_POINT('',(3.00000000000004,0.785512481098026,-7.61884581443137));
#4938=CARTESIAN_POINT('',(3.00000000000004,0.304214899914644,-8.13586987653522));
#4939=CARTESIAN_POINT('',(3.00000000000004,-0.177082681268736,-8.65289393863907));
#4940=CARTESIAN_POINT('',(3.00000000000004,-0.658380262452117,-9.16991800074291));
#4941=CARTESIAN_POINT('',(3.00000000000003,-2.93806337585414,-11.6188208618432));
#4942=CARTESIAN_POINT('',(3.00000000000002,-5.21774648925616,-14.0677237229436));
#4943=CARTESIAN_POINT('',(3.00000000000002,-7.49742960265818,-16.5166265840439));
#4944=CARTESIAN_POINT('',(3.,-2.60208521396521E-15,-8.46266649770209));
#4945=CARTESIAN_POINT('',(3.00000000000002,-19.6389797220003,12.6341049559966));
#4946=CARTESIAN_POINT('',(3.00000000000003,-15.4667891424303,8.15221473744019));
#4947=CARTESIAN_POINT('',(3.00000000000003,-11.2945985628603,3.67032451888374));
#4948=CARTESIAN_POINT('',(3.00000000000004,-7.12240798329034,-0.811565699672705));
#4949=CARTESIAN_POINT('',(3.00000000000004,-6.93038084686027,-1.01784691527145));
#4950=CARTESIAN_POINT('',(3.00000000000004,-6.7383537104302,-1.22412813087019));
#4951=CARTESIAN_POINT('',(3.00000000000004,-6.54632657400013,-1.43040934646894));
#4952=CARTESIAN_POINT('',(3.00000000000004,-4.62605520969944,-3.4932215024564));
#4953=CARTESIAN_POINT('',(3.00000000000005,-2.70578384539873,-5.5560336584439));
#4954=CARTESIAN_POINT('',(3.00000000000004,-0.785512481098032,-7.61884581443137));
#4955=CARTESIAN_POINT('',(3.00000000000004,-0.304214899914649,-8.13586987653522));
#4956=CARTESIAN_POINT('',(3.00000000000004,0.177082681268731,-8.65289393863907));
#4957=CARTESIAN_POINT('',(3.00000000000004,0.658380262452111,-9.16991800074291));
#4958=CARTESIAN_POINT('',(3.00000000000003,2.93806337585413,-11.6188208618432));
#4959=CARTESIAN_POINT('',(3.00000000000002,5.21774648925616,-14.0677237229436));
#4960=CARTESIAN_POINT('',(3.00000000000002,7.49742960265818,-16.5166265840439));
#4961=CARTESIAN_POINT('',(3.00000000000004,-4.03290003020094,-4.13040629696182));
#4962=CARTESIAN_POINT('',(3.00000000000008,7.6344916093044,-40.4161268590051));
#4963=CARTESIAN_POINT('',(3.00000000000006,4.93606397208967,-32.0239862481308));
#4964=CARTESIAN_POINT('',(3.00000000000005,2.23763633487495,-23.6318456372565));
#4965=CARTESIAN_POINT('',(3.00000000000004,-0.460791302339779,-15.2397050263821));
#4966=CARTESIAN_POINT('',(3.00000000000003,-0.666577236443176,-14.5997084332112));
#4967=CARTESIAN_POINT('',(3.00000000000003,-0.872363170546573,-13.9597118400402));
#4968=CARTESIAN_POINT('',(3.00000000000003,-1.07814910464997,-13.3197152468692));
#4969=CARTESIAN_POINT('',(3.00000000000003,-2.42088575078556,-9.14378902141197));
#4970=CARTESIAN_POINT('',(3.00000000000004,-3.76362239692115,-4.9678627959547));
#4971=CARTESIAN_POINT('',(3.00000000000004,-5.10635904305673,-0.791936570497403));
#4972=CARTESIAN_POINT('',(3.00000000000004,-5.24063270767028,-0.374343947951685));
#4973=CARTESIAN_POINT('',(3.00000000000004,-5.37490637228384,0.0432486745940361));
#4974=CARTESIAN_POINT('',(3.00000000000004,-5.50918003689739,0.460841297139757));
#4975=CARTESIAN_POINT('',(3.00000000000002,-7.75352651819193,7.44078435389938));
#4976=CARTESIAN_POINT('',(3.00000000000001,-9.99787299948647,14.420727410659));
#4977=CARTESIAN_POINT('',(2.99999999999999,-12.242219480781,21.4006704674186));
#4978=CARTESIAN_POINT('',(0.6,-1.59,-14.));
#4979=CARTESIAN_POINT('',(0.6,-2.60208521396521E-15,-10.2));
#4980=CARTESIAN_POINT('',(0.6,-1.1,-10.2));
#4981=CARTESIAN_POINT('',(0.6,1.1,-10.2));
#4982=CARTESIAN_POINT('',(0.6,1.1,-14.));
#4983=CARTESIAN_POINT('',(0.6,1.1,-13.5));
#4984=CARTESIAN_POINT('',(0.6,-1.1,-13.5));
#4985=CARTESIAN_POINT('',(0.6,-1.1,-13.5));
#4986=CARTESIAN_POINT('',(0.6,-1.1,-14.));
#4987=CARTESIAN_POINT('',(-2.59,-1.6,-14.));
#4988=CARTESIAN_POINT('',(0.1,-1.6,-14.));
#4989=CARTESIAN_POINT('',(0.1,-1.6,-10.2));
#4990=CARTESIAN_POINT('',(0.1,-1.6,-13.5));
#4991=CARTESIAN_POINT('',(-1.,-1.6,-13.5));
#4992=CARTESIAN_POINT('',(-2.1,-1.6,-13.5));
#4993=CARTESIAN_POINT('',(-2.1,-1.6,-14.));
#4994=CARTESIAN_POINT('',(-2.1,-1.6,-10.2));
#4995=CARTESIAN_POINT('',(-1.,-1.6,-10.2));
#4996=CARTESIAN_POINT('',(-1.,-2.60208521396521E-15,-10.2));
#4997=CARTESIAN_POINT('',(0.6,-1.6,-10.2));
#4998=CARTESIAN_POINT('',(-2.6,-1.6,-10.2));
#4999=CARTESIAN_POINT('',(-2.6,-1.1,-10.2));
#5000=CARTESIAN_POINT('',(-2.6,-2.60208521396521E-15,-10.2));
#5001=CARTESIAN_POINT('',(-2.6,1.1,-10.2));
#5002=CARTESIAN_POINT('',(-2.6,1.6,-10.2));
#5003=CARTESIAN_POINT('',(-2.1,1.6,-10.2));
#5004=CARTESIAN_POINT('',(-1.,1.6,-10.2));
#5005=CARTESIAN_POINT('',(0.1,1.6,-10.2));
#5006=CARTESIAN_POINT('',(0.6,1.6,-10.2));
#5007=CARTESIAN_POINT('',(0.6,-1.6,-14.));
#5008=CARTESIAN_POINT('',(0.6,-1.6,-13.5));
#5009=CARTESIAN_POINT('',(0.6,-1.6,-13.5));
#5010=CARTESIAN_POINT('',(-2.59,-1.6,-13.5));
#5011=CARTESIAN_POINT('',(-2.6,-1.6,-13.5));
#5012=CARTESIAN_POINT('',(0.6,-1.59,-13.5));
#5013=CARTESIAN_POINT('',(0.6,1.6,-13.5));
#5014=CARTESIAN_POINT('',(0.,-2.66545000200748,-3.61669482851151));
#5015=CARTESIAN_POINT('',(0.,-0.86602540378444,-0.5));
#5016=CARTESIAN_POINT('',(0.,-0.86602540378444,-0.5));
#5017=CARTESIAN_POINT('',(-2.,-0.86602540378444,-0.5));
#5018=CARTESIAN_POINT('',(-2.,-2.66545000200748,-3.61669482851151));
#5019=CARTESIAN_POINT('',(-2.,-1.92739572161414,-2.33834731612656));
#5020=CARTESIAN_POINT('',(0.,-1.92739572161414,-2.33834731612656));
#5021=CARTESIAN_POINT('',(0.,-1.92739572161414,-2.33834731612656));
#5022=CARTESIAN_POINT('',(0.,-2.66545000200748,-3.61669482851151));
#5023=CARTESIAN_POINT('',(0.,-8.67361737988404E-16,-1.));
#5024=CARTESIAN_POINT('',(0.,0.866025403784435,-0.5));
#5025=CARTESIAN_POINT('',(-2.,0.866025403784435,-0.5));
#5026=CARTESIAN_POINT('',(0.,0.866025403784435,-0.5));
#5027=CARTESIAN_POINT('',(-2.,-8.67361737988404E-16,-1.));
#5028=CARTESIAN_POINT('',(0.,-8.67361737988404E-16,-1.));
#5029=CARTESIAN_POINT('',(0.,-8.67361737988404E-16,-1.));
#5030=CARTESIAN_POINT('',(0.,-2.13115418556864,-2.67897503780394));
#5031=CARTESIAN_POINT('',(0.,-2.17457531096722,-2.62385979722459));
#5032=CARTESIAN_POINT('',(0.,-1.73472347597681E-15,-5.38408861031263));
#5033=CARTESIAN_POINT('',(0.,2.13115418556864,-2.67897503780394));
#5034=CARTESIAN_POINT('',(0.,2.17457531096721,-2.6238597972246));
#5035=CARTESIAN_POINT('',(0.,2.79342112539857,-1.83834731612657));
#5036=CARTESIAN_POINT('',(0.,1.92739572161414,-2.33834731612657));
#5037=CARTESIAN_POINT('',(0.,2.66545000200747,-3.61669482851151));
#5038=CARTESIAN_POINT('',(0.,-2.79342112539858,-1.83834731612656));
#5039=CARTESIAN_POINT('',(-0.0656271338651818,-3.81969558626277,-14.7744148465612));
#5040=CARTESIAN_POINT('',(-0.0437514225767772,-3.87979705750851,-14.5162765643742));
#5041=CARTESIAN_POINT('',(-0.0218757112883726,-3.93989852875426,-14.2581382821871));
#5042=CARTESIAN_POINT('',(3.20923843055709E-14,-4.,-14.));
#5043=CARTESIAN_POINT('',(0.36081911011771,-4.99131676615001,-9.74225386145899));
#5044=CARTESIAN_POINT('',(0.721638220235399,-5.98263353230002,-5.48450772291797));
#5045=CARTESIAN_POINT('',(1.08245733035307,-6.97395029845002,-1.22676158437691));
#5046=CARTESIAN_POINT('',(1.08473980443701,-6.98022118256968,-1.19982788007832));
#5047=CARTESIAN_POINT('',(1.08702227852094,-6.98649206668934,-1.17289417577973));
#5048=CARTESIAN_POINT('',(1.08930475260487,-6.992762950809,-1.14596047148114));
#5049=CARTESIAN_POINT('',(3.00000000000003,-3.81969558626277,-14.7744148465612));
#5050=CARTESIAN_POINT('',(3.00000000000003,-3.87979705750851,-14.5162765643742));
#5051=CARTESIAN_POINT('',(3.00000000000003,-3.93989852875426,-14.2581382821871));
#5052=CARTESIAN_POINT('',(3.00000000000003,-4.,-14.));
#5053=CARTESIAN_POINT('',(3.00000000000003,-4.99131676615001,-9.74225386145899));
#5054=CARTESIAN_POINT('',(3.00000000000004,-5.98263353230003,-5.48450772291797));
#5055=CARTESIAN_POINT('',(3.00000000000004,-6.97395029845002,-1.22676158437691));
#5056=CARTESIAN_POINT('',(3.00000000000004,-6.98022118256968,-1.19982788007832));
#5057=CARTESIAN_POINT('',(3.00000000000003,-6.98649206668934,-1.17289417577973));
#5058=CARTESIAN_POINT('',(3.00000000000003,-6.992762950809,-1.14596047148114));
#5059=CARTESIAN_POINT('',(3.00000000000003,-0.833927124298287,-14.0792483805771));
#5060=CARTESIAN_POINT('',(3.00000000000003,-0.915334451082181,-13.8260706693411));
#5061=CARTESIAN_POINT('',(3.00000000000003,-0.996741777866075,-13.5728929581052));
#5062=CARTESIAN_POINT('',(3.00000000000003,-1.07814910464997,-13.3197152468692));
#5063=CARTESIAN_POINT('',(3.00000000000003,-2.42088575078556,-9.14378902141197));
#5064=CARTESIAN_POINT('',(3.00000000000004,-3.76362239692115,-4.9678627959547));
#5065=CARTESIAN_POINT('',(3.00000000000004,-5.10635904305673,-0.791936570497403));
#5066=CARTESIAN_POINT('',(3.00000000000004,-5.11485294349164,-0.765520443638386));
#5067=CARTESIAN_POINT('',(3.00000000000004,-5.12334684392655,-0.739104316779369));
#5068=CARTESIAN_POINT('',(3.00000000000004,-5.13184074436146,-0.712688189920353));
#5069=CARTESIAN_POINT('',(1.08245733035307,-6.97395029845002,-1.22676158437689));
#5070=CARTESIAN_POINT('',(1.24702393406297,-6.97233623462783,-1.23368774236995));
#5071=CARTESIAN_POINT('',(1.41083046229893,-6.94457714505942,-1.25630961330194));
#5072=CARTESIAN_POINT('',(1.564174166408,-6.89384874886288,-1.29279076869424));
#5073=CARTESIAN_POINT('',(1.564174166408,-6.89384874886288,-1.29279076869423));
#5074=CARTESIAN_POINT('',(1.564174166408,-6.89384874886288,-1.29279076869423));
#5075=CARTESIAN_POINT('',(1.91513542727152,-6.77774550227601,-1.3762860277179));
#5076=CARTESIAN_POINT('',(2.38938401869952,-6.33225164765603,-1.82634122931372));
#5077=CARTESIAN_POINT('',(2.88662882754719,-5.35401000080988,-2.80983041288472));
#5078=CARTESIAN_POINT('',(3.00000000000004,-4.57020534839078,-3.60718553907064));
#5079=CARTESIAN_POINT('',(3.00000000000004,-4.03290003020094,-4.13040629696182));
#5080=CARTESIAN_POINT('',(1.08245733035307,-6.97395029845002,-1.22676158437691));
#5081=CARTESIAN_POINT('',(1.08245733035307,-7.9915341158026,3.1438026156027));
#5082=CARTESIAN_POINT('',(1.08245733035307,-5.21448751890198,-0.381154185568625));
#5083=CARTESIAN_POINT('',(1.16793187064615,-6.97311304608444,-1.23035761760086));
#5084=CARTESIAN_POINT('',(1.60026801071408,-8.015884076874,3.17471047324681));
#5085=CARTESIAN_POINT('',(1.12319790293241,-5.21448750114266,-0.381154208110867));
#5086=CARTESIAN_POINT('',(1.33611019337171,-6.95761467463092,-1.24578143387698));
#5087=CARTESIAN_POINT('',(2.61879385210308,-7.86664693090214,2.98528099328913));
#5088=CARTESIAN_POINT('',(1.20291984649627,-5.20646629767191,-0.391335670589558));
#5089=CARTESIAN_POINT('',(1.49203063135326,-6.91771492425721,-1.27562744870067));
#5090=CARTESIAN_POINT('',(3.2684948247333,-7.46075135692202,2.47007020579222));
#5091=CARTESIAN_POINT('',(1.27638935193909,-5.18412358267701,-0.419695693523719));
#5092=CARTESIAN_POINT('',(1.56417416640867,-6.89384874886267,-1.29279076869424));
#5093=CARTESIAN_POINT('',(3.48575324485777,-7.2608551740061,2.21633826976408));
#5094=CARTESIAN_POINT('',(1.31035202935111,-5.17058711055877,-0.436877788887302));
#5095=CARTESIAN_POINT('',(1.31035202935078,-5.95609959165692,-1.05572360331866));
#5096=CARTESIAN_POINT('',(1.56417416640794,-6.89384874886291,-1.29279076869422));
#5097=CARTESIAN_POINT('',(3.48575324485557,-7.260855174008,2.21633826976629));
#5098=CARTESIAN_POINT('',(1.31035202935078,-5.1705871105589,-0.436877788887286));
#5099=CARTESIAN_POINT('',(1.63619640939342,-6.87002258664844,-1.30992567600797));
#5100=CARTESIAN_POINT('',(3.8164360420251,-6.96557555890293,1.67085425273103));
#5101=CARTESIAN_POINT('',(1.39127194705828,-5.15947461320104,-0.450983088086552));
#5102=CARTESIAN_POINT('',(1.75591994154469,-6.81751195839623,-1.35443479149739));
#5103=CARTESIAN_POINT('',(3.8626780693736,-6.56654794289392,0.829301831897625));
#5104=CARTESIAN_POINT('',(1.5232009568239,-5.13674446499837,-0.4960600397882));
#5105=CARTESIAN_POINT('',(1.90131059158134,-6.73131721157601,-1.43408967124335));
#5106=CARTESIAN_POINT('',(3.71199371547241,-6.24971518994788,0.12810420482595));
#5107=CARTESIAN_POINT('',(1.68138522534498,-5.10064997536279,-0.584916272844348));
#5108=CARTESIAN_POINT('',(2.01936096959024,-6.64429530334217,-1.51755955163754));
#5109=CARTESIAN_POINT('',(3.56354390901061,-6.06123861414445,-0.294518322467825));
#5110=CARTESIAN_POINT('',(1.80923473699685,-5.06457371454381,-0.681991115094848));
#5111=CARTESIAN_POINT('',(2.15497002741757,-6.52635768455102,-1.63274098637591));
#5112=CARTESIAN_POINT('',(3.41438367421479,-5.88707990066817,-0.679306770684911));
#5113=CARTESIAN_POINT('',(1.95630945755044,-5.01573698807967,-0.819022418384487));
#5114=CARTESIAN_POINT('',(2.29400666518142,-6.37623853053361,-1.78170622003982));
#5115=CARTESIAN_POINT('',(3.28578318271947,-5.7254989689076,-1.0232639528818));
#5116=CARTESIAN_POINT('',(2.10836821628155,-4.95344136663894,-1.00032450425598));
#5117=CARTESIAN_POINT('',(2.42768190206648,-6.19683373687312,-1.96134122095555));
#5118=CARTESIAN_POINT('',(3.19130152811251,-5.56478465597431,-1.34849735488699));
#5119=CARTESIAN_POINT('',(2.257524539722,-4.87867254415786,-1.2229020309002));
#5120=CARTESIAN_POINT('',(2.5382874084156,-6.01746321774495,-2.14183784908966));
#5121=CARTESIAN_POINT('',(3.13069463548889,-5.42087477421462,-1.62872213372337));
#5122=CARTESIAN_POINT('',(2.38411649802189,-4.80377186513537,-1.44955859158503));
#5123=CARTESIAN_POINT('',(2.66207406148864,-5.77837210318792,-2.38311309882208));
#5124=CARTESIAN_POINT('',(3.07826340090242,-5.24424946611931,-1.9629378531708));
#5125=CARTESIAN_POINT('',(2.5300863279174,-4.70401006843533,-1.75600428619499));
#5126=CARTESIAN_POINT('',(2.78133193434257,-5.47940581324881,-2.68549427232174));
#5127=CARTESIAN_POINT('',(3.04170427301333,-5.03107033861742,-2.35417771887394));
#5128=CARTESIAN_POINT('',(2.6785457945882,-4.57996205525287,-2.14609890665402));
#5129=CARTESIAN_POINT('',(2.88330822428084,-5.11979228291397,-3.0489686779544));
#5130=CARTESIAN_POINT('',(3.01931792477837,-4.77766804253483,-2.80864509139975));
#5131=CARTESIAN_POINT('',(2.81609099871071,-4.43373828748781,-2.62488371113888));
#5132=CARTESIAN_POINT('',(2.95183567172085,-4.75904426329885,-3.41205082148801));
#5133=CARTESIAN_POINT('',(3.00764162452842,-4.52719782195998,-3.25233413662513));
#5134=CARTESIAN_POINT('',(2.91765198126571,-4.29203964842428,-3.11444731283693));
#5135=CARTESIAN_POINT('',(2.99132532744592,-4.39730694136806,-3.77312868479994));
#5136=CARTESIAN_POINT('',(3.00155563906148,-4.27887190043725,-3.69101648843192));
#5137=CARTESIAN_POINT('',(2.98310221947643,-4.15724310165101,-3.61497047457829));
#5138=CARTESIAN_POINT('',(3.00000000000004,-4.15555418590353,-4.01092855166464));
#5139=CARTESIAN_POINT('',(2.99999999226884,-4.11444241842714,-3.98327354795961));
#5140=CARTESIAN_POINT('',(3.00000000000004,-4.0733306341821,-3.9556185745019));
#5141=CARTESIAN_POINT('',(3.00000000000004,-4.03290003020094,-4.13040629696181));
#5142=CARTESIAN_POINT('',(3.00000000000004,-4.03290003020092,-4.1304062969618));
#5143=CARTESIAN_POINT('',(3.00000000000004,-4.0329000302009,-4.13040629696179));
#5144=CARTESIAN_POINT('',(3.00000000000004,-4.03290003020089,-4.13040629696182));
#5145=CARTESIAN_POINT('',(3.00000000000004,-4.20103516294499,-3.40709002994167));
#5146=CARTESIAN_POINT('',(2.79978328239839,-4.51263967909991,-2.33281321424351));
#5147=CARTESIAN_POINT('',(2.2231761555244,-4.93372026544111,-1.05619971195633));
#5148=CARTESIAN_POINT('',(1.67283227144837,-5.12080686823872,-0.500073351888242));
#5149=CARTESIAN_POINT('',(1.31035202935078,-5.1705871105589,-0.436877788887294));
#5150=CARTESIAN_POINT('',(1.30564513176696,-5.20587674384054,-0.39208400221269));
#5151=CARTESIAN_POINT('',(1.53709675451132,-3.4705844958937,-2.59472266814178));
#5152=CARTESIAN_POINT('',(1.76854837725569,-1.73529224794685,-4.79736133407091));
#5153=CARTESIAN_POINT('',(2.00000000000004,-2.60208521396521E-15,-7.00000000000001));
#5154=CARTESIAN_POINT('',(2.03318061919075,0.248769356554921,-7.31576756266531));
#5155=CARTESIAN_POINT('',(2.06636123838145,0.497538713109845,-7.63153512533062));
#5156=CARTESIAN_POINT('',(2.09954185757216,0.746308069664768,-7.94730268799593));
#5157=CARTESIAN_POINT('',(3.00000000000004,-5.20587674384054,-0.392084002212691));
#5158=CARTESIAN_POINT('',(3.00000000000004,-3.4705844958937,-2.59472266814178));
#5159=CARTESIAN_POINT('',(3.00000000000005,-1.73529224794685,-4.79736133407091));
#5160=CARTESIAN_POINT('',(3.00000000000004,-3.06658683336675E-15,-7.00000000000001));
#5161=CARTESIAN_POINT('',(3.00000000000004,0.248769356554921,-7.31576756266531));
#5162=CARTESIAN_POINT('',(3.00000000000004,0.497538713109845,-7.63153512533062));
#5163=CARTESIAN_POINT('',(3.00000000000004,0.746308069664768,-7.94730268799593));
#5164=CARTESIAN_POINT('',(3.00000000000004,-6.53681364024683,-1.44062842058014));
#5165=CARTESIAN_POINT('',(3.00000000000004,-4.6197132538639,-3.50003421853053));
#5166=CARTESIAN_POINT('',(3.00000000000005,-2.70261286748096,-5.55944001648097));
#5167=CARTESIAN_POINT('',(3.00000000000004,-0.785512481098032,-7.61884581443137));
#5168=CARTESIAN_POINT('',(3.00000000000004,-0.510679334038248,-7.91407968979027));
#5169=CARTESIAN_POINT('',(3.00000000000004,-0.235846186978464,-8.20931356514917));
#5170=CARTESIAN_POINT('',(3.00000000000004,0.0389869600813193,-8.50454744050807));
#5171=CARTESIAN_POINT('',(3.00000000000004,-1.73472347597681E-15,-8.4626664977021));
#5172=CARTESIAN_POINT('',(3.00000000000004,-0.163032289008454,-7.99345297552353));
#5173=CARTESIAN_POINT('',(2.90332759395477,-0.396308549505138,-7.27234491922706));
#5174=CARTESIAN_POINT('',(2.52750012232459,-0.658984579516253,-6.40094286938059));
#5175=CARTESIAN_POINT('',(2.14291202109119,-0.774137020841107,-6.01738927181057));
#5176=CARTESIAN_POINT('',(1.89522909547304,-0.785512481098032,-6.00293442474399));
#5177=CARTESIAN_POINT('',(3.,6.,-1.));
#5178=CARTESIAN_POINT('',(3.,6.97395029845001,-1.22676158437693));
#5179=CARTESIAN_POINT('',(-3.08245733035307,6.97395029845001,-1.22676158437693));
#5180=CARTESIAN_POINT('',(1.08245733035307,6.97395029845001,-1.22676158437693));
#5181=CARTESIAN_POINT('',(-3.08245733035307,6.00000000000001,-0.999999999999987));
#5182=CARTESIAN_POINT('',(-3.08245733035307,5.21448751890197,-0.381154185568632));
#5183=CARTESIAN_POINT('',(3.,5.21448751890197,-0.381154185568632));
#5184=CARTESIAN_POINT('',(1.08245733035307,5.21448751890197,-0.381154185568632));
#5185=CARTESIAN_POINT('',(1.08245733035307,6.00000000000001,-0.999999999999987));
#5186=CARTESIAN_POINT('',(3.00000000000004,5.21448751890197,-0.381154185568632));
#5187=CARTESIAN_POINT('',(-3.08245733035307,5.21448751890197,-0.381154185568625));
#5188=CARTESIAN_POINT('',(-3.16381623327003,5.21448751890197,-0.381154185568625));
#5189=CARTESIAN_POINT('',(-3.24208015777178,5.19779808573699,-0.402338392923391));
#5190=CARTESIAN_POINT('',(-3.31035202935078,5.17058711055888,-0.436877788887305));
#5191=CARTESIAN_POINT('',(-3.31035202935078,5.17058711055888,-0.436877788887298));
#5192=CARTESIAN_POINT('',(-1.7238199844623,17.0654994294715,14.6615552459358));
#5193=CARTESIAN_POINT('',(-2.22752875573962,13.2889783765784,9.86794696258206));
#5194=CARTESIAN_POINT('',(-2.73123752701694,9.51245732368529,5.07433867922829));
#5195=CARTESIAN_POINT('',(-3.23494629829426,5.73593627079217,0.280730395874507));
#5196=CARTESIAN_POINT('',(-3.25812974380049,5.5621200201621,0.0601022020601319));
#5197=CARTESIAN_POINT('',(-3.28131318930673,5.38830376953204,-0.160525991754246));
#5198=CARTESIAN_POINT('',(-3.30449663481296,5.21448751890197,-0.381154185568621));
#5199=CARTESIAN_POINT('',(-3.53633108987533,3.47632501260132,-2.5874361237124));
#5200=CARTESIAN_POINT('',(-3.76816554493769,1.73816250630065,-4.79371806185622));
#5201=CARTESIAN_POINT('',(-4.00000000000004,-2.60208521396521E-15,-7.00000000000001));
#5202=CARTESIAN_POINT('',(-4.05810708034861,-0.435653744329416,-7.5529833855664));
#5203=CARTESIAN_POINT('',(-4.11621416069718,-0.871307488658829,-8.10596677113278));
#5204=CARTESIAN_POINT('',(-4.17432124104575,-1.30696123298824,-8.65895015669916));
#5205=CARTESIAN_POINT('',(-4.44954749403051,-3.37045068954489,-11.2781756324807));
#5206=CARTESIAN_POINT('',(-4.72477374701526,-5.43394014610154,-13.8974011082623));
#5207=CARTESIAN_POINT('',(-5.00000000000002,-7.49742960265818,-16.5166265840439));
#5208=CARTESIAN_POINT('',(-3.89522909547306,0.785512481097922,-6.00293442474413));
#5209=CARTESIAN_POINT('',(-4.00000000000004,0.785512481098027,-6.00293442474399));
#5210=CARTESIAN_POINT('',(-3.,0.785512481098027,-6.00293442474399));
#5211=CARTESIAN_POINT('',(-3.,5.21448751890197,-0.381154185568632));
#5212=CARTESIAN_POINT('',(-3.,3.5789336064966,-2.45719313055793));
#5213=CARTESIAN_POINT('',(0.,3.5789336064966,-2.45719313055793));
#5214=CARTESIAN_POINT('',(1.,3.5789336064966,-2.45719313055793));
#5215=CARTESIAN_POINT('',(1.,5.21448751890197,-0.381154185568632));
#5216=CARTESIAN_POINT('',(1.,0.785512481098027,-6.00293442474399));
#5217=CARTESIAN_POINT('',(2.00000000000004,0.785512481098027,-6.00293442474399));
#5218=CARTESIAN_POINT('',(1.89522909547306,0.785512481097922,-6.00293442474413));
#5219=CARTESIAN_POINT('',(-0.276180015537703,17.0654994294715,14.6615552459358));
#5220=CARTESIAN_POINT('',(0.227528755739617,13.2889783765784,9.86794696258206));
#5221=CARTESIAN_POINT('',(0.731237527016937,9.51245732368529,5.07433867922829));
#5222=CARTESIAN_POINT('',(1.23494629829426,5.73593627079217,0.280730395874507));
#5223=CARTESIAN_POINT('',(1.25812974380049,5.5621200201621,0.0601022020601319));
#5224=CARTESIAN_POINT('',(1.28131318930673,5.38830376953204,-0.160525991754246));
#5225=CARTESIAN_POINT('',(1.30449663481296,5.21448751890197,-0.381154185568621));
#5226=CARTESIAN_POINT('',(1.53633108987533,3.47632501260132,-2.5874361237124));
#5227=CARTESIAN_POINT('',(1.76816554493769,1.73816250630065,-4.79371806185622));
#5228=CARTESIAN_POINT('',(2.00000000000004,-2.60208521396521E-15,-7.00000000000001));
#5229=CARTESIAN_POINT('',(2.05810708034861,-0.435653744329416,-7.5529833855664));
#5230=CARTESIAN_POINT('',(2.11621416069718,-0.871307488658829,-8.10596677113278));
#5231=CARTESIAN_POINT('',(2.17432124104575,-1.30696123298824,-8.65895015669916));
#5232=CARTESIAN_POINT('',(2.44954749403051,-3.37045068954489,-11.2781756324807));
#5233=CARTESIAN_POINT('',(2.72477374701526,-5.43394014610154,-13.8974011082623));
#5234=CARTESIAN_POINT('',(3.00000000000002,-7.49742960265818,-16.5166265840439));
#5235=CARTESIAN_POINT('',(1.31035202935078,5.17058711055888,-0.436877788887298));
#5236=CARTESIAN_POINT('',(1.08245733035307,5.21448751890197,-0.381154185568625));
#5237=CARTESIAN_POINT('',(1.16381623327003,5.21448751890198,-0.381154185568625));
#5238=CARTESIAN_POINT('',(1.24208015777178,5.19779808573699,-0.402338392923391));
#5239=CARTESIAN_POINT('',(1.31035202935078,5.17058711055888,-0.436877788887305));
#5240=CARTESIAN_POINT('',(3.00000000000005,4.,-14.));
#5241=CARTESIAN_POINT('',(0.341253795546232,-2.43237588103482,-41.6273180322424));
#5242=CARTESIAN_POINT('',(-0.383865505828991,-0.440178403806371,-33.070748219726));
#5243=CARTESIAN_POINT('',(-1.10898480720421,1.55201907342208,-24.5141784072095));
#5244=CARTESIAN_POINT('',(-1.83410410857944,3.54421655065053,-15.9576085946931));
#5245=CARTESIAN_POINT('',(-1.88940273905297,3.69614436710035,-15.3050723964621));
#5246=CARTESIAN_POINT('',(-1.9447013695265,3.84807218355018,-14.652536198231));
#5247=CARTESIAN_POINT('',(-2.00000000000003,4.,-14.));
#5248=CARTESIAN_POINT('',(-2.36081911011771,4.99131676615001,-9.74225386145899));
#5249=CARTESIAN_POINT('',(-2.7216382202354,5.98263353230002,-5.48450772291797));
#5250=CARTESIAN_POINT('',(-3.08245733035307,6.97395029845002,-1.22676158437691));
#5251=CARTESIAN_POINT('',(-3.11853924136484,7.07308197506501,-0.800986970522818));
#5252=CARTESIAN_POINT('',(-3.15462115237661,7.17221365168001,-0.375212356668722));
#5253=CARTESIAN_POINT('',(-3.19070306338837,7.27134532829501,0.0505622571853742));
#5254=CARTESIAN_POINT('',(-3.79380204225891,8.92830337912368,7.16726499392979));
#5255=CARTESIAN_POINT('',(-4.39690102112945,10.5852614299523,14.2839677306742));
#5256=CARTESIAN_POINT('',(-4.99999999999999,12.242219480781,21.4006704674186));
#5257=CARTESIAN_POINT('',(-2.34125379554623,-2.43237588103482,-41.6273180322424));
#5258=CARTESIAN_POINT('',(-1.61613449417101,-0.440178403806371,-33.070748219726));
#5259=CARTESIAN_POINT('',(-0.891015192795786,1.55201907342208,-24.5141784072095));
#5260=CARTESIAN_POINT('',(-0.165895891420562,3.54421655065053,-15.9576085946931));
#5261=CARTESIAN_POINT('',(-0.11059726094703,3.69614436710035,-15.3050723964621));
#5262=CARTESIAN_POINT('',(-0.0552986304734994,3.84807218355018,-14.652536198231));
#5263=CARTESIAN_POINT('',(3.20923843055709E-14,4.,-14.));
#5264=CARTESIAN_POINT('',(0.36081911011771,4.99131676615001,-9.74225386145899));
#5265=CARTESIAN_POINT('',(0.721638220235399,5.98263353230002,-5.48450772291797));
#5266=CARTESIAN_POINT('',(1.08245733035307,6.97395029845002,-1.22676158437691));
#5267=CARTESIAN_POINT('',(1.11853924136484,7.07308197506501,-0.800986970522818));
#5268=CARTESIAN_POINT('',(1.15462115237661,7.17221365168001,-0.375212356668722));
#5269=CARTESIAN_POINT('',(1.19070306338837,7.27134532829501,0.0505622571853742));
#5270=CARTESIAN_POINT('',(1.79380204225891,8.92830337912368,7.16726499392979));
#5271=CARTESIAN_POINT('',(2.39690102112945,10.5852614299523,14.2839677306742));
#5272=CARTESIAN_POINT('',(2.99999999999999,12.242219480781,21.4006704674186));
#5273=CARTESIAN_POINT('',(-2.59,1.6,-14.));
#5274=CARTESIAN_POINT('',(0.1,1.6,-14.));
#5275=CARTESIAN_POINT('',(0.1,1.6,-13.5));
#5276=CARTESIAN_POINT('',(-2.1,1.6,-14.));
#5277=CARTESIAN_POINT('',(-2.1,1.6,-13.5));
#5278=CARTESIAN_POINT('',(-1.,1.6,-13.5));
#5279=CARTESIAN_POINT('',(0.6,1.6,-14.));
#5280=CARTESIAN_POINT('',(0.6,1.6,-13.5));
#5281=CARTESIAN_POINT('',(-2.59,1.6,-13.5));
#5282=CARTESIAN_POINT('',(-2.6,1.6,-13.5));
#5283=CARTESIAN_POINT('',(0.,2.66545000200747,-3.61669482851151));
#5284=CARTESIAN_POINT('',(-1.,1.92739572161414,-2.33834731612657));
#5285=CARTESIAN_POINT('',(-2.,1.92739572161414,-2.33834731612657));
#5286=CARTESIAN_POINT('',(-2.,2.66545000200747,-3.61669482851151));
#5287=CARTESIAN_POINT('',(-0.0656271338651818,3.81969558626276,-14.7744148465612));
#5288=CARTESIAN_POINT('',(-0.0437514225767772,3.87979705750851,-14.5162765643742));
#5289=CARTESIAN_POINT('',(-0.0218757112883726,3.93989852875425,-14.2581382821871));
#5290=CARTESIAN_POINT('',(3.20923843055709E-14,4.,-14.));
#5291=CARTESIAN_POINT('',(0.36081911011771,4.99131676615001,-9.74225386145899));
#5292=CARTESIAN_POINT('',(0.721638220235399,5.98263353230002,-5.48450772291797));
#5293=CARTESIAN_POINT('',(1.08245733035307,6.97395029845002,-1.22676158437691));
#5294=CARTESIAN_POINT('',(1.08473980443701,6.98022118256968,-1.19982788007832));
#5295=CARTESIAN_POINT('',(1.08702227852094,6.98649206668934,-1.17289417577973));
#5296=CARTESIAN_POINT('',(1.08930475260487,6.99276295080899,-1.14596047148114));
#5297=CARTESIAN_POINT('',(3.00000000000003,3.81969558626276,-14.7744148465612));
#5298=CARTESIAN_POINT('',(3.00000000000003,3.87979705750851,-14.5162765643742));
#5299=CARTESIAN_POINT('',(3.00000000000003,3.93989852875425,-14.2581382821871));
#5300=CARTESIAN_POINT('',(3.00000000000003,4.,-14.));
#5301=CARTESIAN_POINT('',(3.00000000000003,4.99131676615001,-9.74225386145899));
#5302=CARTESIAN_POINT('',(3.00000000000004,5.98263353230002,-5.48450772291797));
#5303=CARTESIAN_POINT('',(3.00000000000004,6.97395029845002,-1.22676158437691));
#5304=CARTESIAN_POINT('',(3.00000000000004,6.98022118256968,-1.19982788007832));
#5305=CARTESIAN_POINT('',(3.00000000000004,6.98649206668933,-1.17289417577973));
#5306=CARTESIAN_POINT('',(3.00000000000004,6.99276295080899,-1.14596047148114));
#5307=CARTESIAN_POINT('',(3.00000000000003,0.833927124298282,-14.0792483805771));
#5308=CARTESIAN_POINT('',(3.00000000000003,0.915334451082176,-13.8260706693411));
#5309=CARTESIAN_POINT('',(3.00000000000003,0.99674177786607,-13.5728929581052));
#5310=CARTESIAN_POINT('',(3.00000000000003,1.07814910464996,-13.3197152468692));
#5311=CARTESIAN_POINT('',(3.00000000000003,2.42088575078555,-9.14378902141197));
#5312=CARTESIAN_POINT('',(3.00000000000004,3.76362239692115,-4.9678627959547));
#5313=CARTESIAN_POINT('',(3.00000000000004,5.10635904305672,-0.791936570497403));
#5314=CARTESIAN_POINT('',(3.00000000000004,5.11485294349163,-0.765520443638385));
#5315=CARTESIAN_POINT('',(3.00000000000004,5.12334684392655,-0.739104316779368));
#5316=CARTESIAN_POINT('',(3.00000000000004,5.13184074436146,-0.712688189920351));
#5317=CARTESIAN_POINT('',(1.08245733035307,6.97395029845002,-1.22676158437689));
#5318=CARTESIAN_POINT('',(1.24702393406297,6.97233623462782,-1.23368774236995));
#5319=CARTESIAN_POINT('',(1.41083046229893,6.94457714505941,-1.25630961330194));
#5320=CARTESIAN_POINT('',(1.564174166408,6.89384874886288,-1.29279076869424));
#5321=CARTESIAN_POINT('',(1.564174166408,6.89384874886288,-1.29279076869423));
#5322=CARTESIAN_POINT('',(1.564174166408,6.89384874886288,-1.29279076869423));
#5323=CARTESIAN_POINT('',(1.91513542727153,6.777745502276,-1.37628602771791));
#5324=CARTESIAN_POINT('',(2.38938401869952,6.33225164765602,-1.82634122931373));
#5325=CARTESIAN_POINT('',(2.8866288275472,5.35401000080986,-2.80983041288472));
#5326=CARTESIAN_POINT('',(3.00000000000004,4.57020534839082,-3.60718553907065));
#5327=CARTESIAN_POINT('',(3.00000000000004,4.03290003020094,-4.13040629696182));
#5328=CARTESIAN_POINT('',(1.08245733035307,5.21448751890198,-0.381154185568625));
#5329=CARTESIAN_POINT('',(1.08245733035307,7.99153411580259,3.1438026156027));
#5330=CARTESIAN_POINT('',(1.08245733035307,6.97395029845002,-1.22676158437691));
#5331=CARTESIAN_POINT('',(1.12319790293245,5.2144875011427,-0.381154208110813));
#5332=CARTESIAN_POINT('',(1.60026801071627,8.01588407687515,3.17471047324955));
#5333=CARTESIAN_POINT('',(1.16793187064637,6.97311304608444,-1.23035761760086));
#5334=CARTESIAN_POINT('',(1.20291984649619,5.2064662976719,-0.391335670589573));
#5335=CARTESIAN_POINT('',(2.61879385210171,7.86664693090156,2.98528099328797));
#5336=CARTESIAN_POINT('',(1.33611019337149,6.95761467463095,-1.24578143387698));
#5337=CARTESIAN_POINT('',(1.27638935193921,5.18412358267699,-0.419695693523743));
#5338=CARTESIAN_POINT('',(3.26849482473337,7.4607513569222,2.47007020579213));
#5339=CARTESIAN_POINT('',(1.49203063135347,6.91771492425715,-1.27562744870068));
#5340=CARTESIAN_POINT('',(1.31035202935111,5.17058711055877,-0.436877788887302));
#5341=CARTESIAN_POINT('',(3.48575324485779,7.26085517400608,2.21633826976407));
#5342=CARTESIAN_POINT('',(1.56417416640868,6.89384874886266,-1.29279076869424));
#5343=CARTESIAN_POINT('',(1.31035202935078,5.95609959165691,-1.05572360331866));
#5344=CARTESIAN_POINT('',(1.31035202935078,5.17058711055889,-0.436877788887286));
#5345=CARTESIAN_POINT('',(3.48575324485557,7.260855174008,2.21633826976629));
#5346=CARTESIAN_POINT('',(1.56417416640794,6.8938487488629,-1.29279076869422));
#5347=CARTESIAN_POINT('',(1.39127194705788,5.15947461320094,-0.450983088086677));
#5348=CARTESIAN_POINT('',(3.81643604202449,6.9655755589033,1.67085425273279));
#5349=CARTESIAN_POINT('',(1.63619640939321,6.87002258664849,-1.30992567600796));
#5350=CARTESIAN_POINT('',(1.5232009568241,5.13674446499842,-0.496060039788143));
#5351=CARTESIAN_POINT('',(3.86267806937384,6.5665479428938,0.829301831897007));
#5352=CARTESIAN_POINT('',(1.75591994154479,6.8175119583962,-1.35443479149739));
#5353=CARTESIAN_POINT('',(1.68138522534492,5.10064997536277,-0.584916272844362));
#5354=CARTESIAN_POINT('',(3.71199371547234,6.24971518994788,0.128104204826063));
#5355=CARTESIAN_POINT('',(1.90131059158131,6.731317211576,-1.43408967124335));
#5356=CARTESIAN_POINT('',(1.80923473699686,5.06457371454381,-0.681991115094845));
#5357=CARTESIAN_POINT('',(3.56354390901063,6.06123861414444,-0.294518322467855));
#5358=CARTESIAN_POINT('',(2.01936096959025,6.64429530334217,-1.51755955163753));
#5359=CARTESIAN_POINT('',(1.95630945755043,5.01573698807965,-0.819022418384488));
#5360=CARTESIAN_POINT('',(3.41438367421478,5.88707990066816,-0.679306770684907));
#5361=CARTESIAN_POINT('',(2.15497002741757,6.526357684551,-1.63274098637591));
#5362=CARTESIAN_POINT('',(2.10836821628154,4.95344136663894,-1.00032450425598));
#5363=CARTESIAN_POINT('',(3.28578318271948,5.72549896890759,-1.0232639528818));
#5364=CARTESIAN_POINT('',(2.29400666518141,6.37623853053361,-1.78170622003982));
#5365=CARTESIAN_POINT('',(2.25752453972201,4.87867254415785,-1.2229020309002));
#5366=CARTESIAN_POINT('',(3.19130152811251,5.5647846559743,-1.34849735488699));
#5367=CARTESIAN_POINT('',(2.42768190206649,6.19683373687312,-1.96134122095555));
#5368=CARTESIAN_POINT('',(2.38411649802189,4.80377186513537,-1.44955859158503));
#5369=CARTESIAN_POINT('',(3.13069463548889,5.42087477421461,-1.62872213372337));
#5370=CARTESIAN_POINT('',(2.53828740841561,6.01746321774494,-2.14183784908966));
#5371=CARTESIAN_POINT('',(2.5300863279174,4.70401006843532,-1.75600428619499));
#5372=CARTESIAN_POINT('',(3.07826340090243,5.24424946611931,-1.9629378531708));
#5373=CARTESIAN_POINT('',(2.66207406148863,5.77837210318792,-2.38311309882207));
#5374=CARTESIAN_POINT('',(2.6785457945882,4.57996205525287,-2.14609890665403));
#5375=CARTESIAN_POINT('',(3.04170427301333,5.0310703386174,-2.35417771887394));
#5376=CARTESIAN_POINT('',(2.78133193434258,5.47940581324879,-2.68549427232174));
#5377=CARTESIAN_POINT('',(2.81609099871071,4.4337382874878,-2.62488371113887));
#5378=CARTESIAN_POINT('',(3.01931792477837,4.77766804253484,-2.80864509139974));
#5379=CARTESIAN_POINT('',(2.88330822428084,5.119792282914,-3.04896867795437));
#5380=CARTESIAN_POINT('',(2.9176519812657,4.29203964842432,-3.11444731283697));
#5381=CARTESIAN_POINT('',(3.00764162452842,4.52719782195993,-3.25233413662519));
#5382=CARTESIAN_POINT('',(2.95183567172085,4.75904426329874,-3.41205082148812));
#5383=CARTESIAN_POINT('',(2.98310221947644,4.15724310165079,-3.61497047457807));
#5384=CARTESIAN_POINT('',(3.00155563906148,4.27887190043735,-3.69101648843167));
#5385=CARTESIAN_POINT('',(2.99132532744592,4.39730694136844,-3.77312868479953));
#5386=CARTESIAN_POINT('',(3.00000000000004,4.07333063418257,-3.95561857450238));
#5387=CARTESIAN_POINT('',(2.99999999226884,4.11444241842694,-3.98327354796016));
#5388=CARTESIAN_POINT('',(3.00000000000004,4.15555418590271,-4.01092855166553));
#5389=CARTESIAN_POINT('',(3.00000000000004,4.0329000302009,-4.13040629696179));
#5390=CARTESIAN_POINT('',(3.00000000000004,4.03290003020092,-4.1304062969618));
#5391=CARTESIAN_POINT('',(3.00000000000004,4.03290003020094,-4.13040629696181));
#5392=CARTESIAN_POINT('',(3.00000000000004,4.03290003020088,-4.13040629696182));
#5393=CARTESIAN_POINT('',(3.00000000000004,4.20103516294502,-3.40709002994167));
#5394=CARTESIAN_POINT('',(2.79978328239846,4.51263967909998,-2.33281321424318));
#5395=CARTESIAN_POINT('',(2.22317615552428,4.93372026544096,-1.05619971195688));
#5396=CARTESIAN_POINT('',(1.67283227144862,5.12080686823901,-0.500073351887037));
#5397=CARTESIAN_POINT('',(1.31035202935078,5.17058711055889,-0.436877788887294));
#5398=CARTESIAN_POINT('',(1.30564513176696,5.20587674384054,-0.392084002212691));
#5399=CARTESIAN_POINT('',(1.53709675451132,3.4705844958937,-2.59472266814178));
#5400=CARTESIAN_POINT('',(1.76854837725569,1.73529224794684,-4.79736133407091));
#5401=CARTESIAN_POINT('',(2.00000000000004,-2.60208521396521E-15,-7.00000000000001));
#5402=CARTESIAN_POINT('',(2.03318061919074,-0.248769356554874,-7.31576756266525));
#5403=CARTESIAN_POINT('',(2.06636123838144,-0.497538713109745,-7.63153512533049));
#5404=CARTESIAN_POINT('',(2.09954185757214,-0.746308069664616,-7.94730268799573));
#5405=CARTESIAN_POINT('',(3.00000000000004,5.20587674384054,-0.392084002212692));
#5406=CARTESIAN_POINT('',(3.00000000000004,3.4705844958937,-2.59472266814178));
#5407=CARTESIAN_POINT('',(3.00000000000005,1.73529224794684,-4.79736133407091));
#5408=CARTESIAN_POINT('',(3.00000000000004,-1.83995210002005E-15,-7.00000000000001));
#5409=CARTESIAN_POINT('',(3.00000000000004,-0.248769356554873,-7.31576756266525));
#5410=CARTESIAN_POINT('',(3.00000000000004,-0.497538713109744,-7.63153512533049));
#5411=CARTESIAN_POINT('',(3.00000000000004,-0.746308069664615,-7.94730268799573));
#5412=CARTESIAN_POINT('',(3.00000000000004,6.53681364024683,-1.44062842058014));
#5413=CARTESIAN_POINT('',(3.00000000000004,4.6197132538639,-3.50003421853053));
#5414=CARTESIAN_POINT('',(3.00000000000005,2.70261286748096,-5.55944001648097));
#5415=CARTESIAN_POINT('',(3.00000000000004,0.785512481098026,-7.61884581443137));
#5416=CARTESIAN_POINT('',(3.00000000000004,0.5106793340383,-7.91407968979021));
#5417=CARTESIAN_POINT('',(3.00000000000004,0.235846186978575,-8.20931356514904));
#5418=CARTESIAN_POINT('',(3.00000000000004,-0.0389869600811499,-8.50454744050788));
#5419=CARTESIAN_POINT('',(1.89522909547304,0.78551248109803,-6.00293442474399));
#5420=CARTESIAN_POINT('',(2.14539397934155,0.774023030668069,-6.01753411960002));
#5421=CARTESIAN_POINT('',(2.52635564881307,0.659114998289336,-6.40064847370804));
#5422=CARTESIAN_POINT('',(2.90399068639738,0.395925650346343,-7.27339044309714));
#5423=CARTESIAN_POINT('',(3.00000000000004,0.164665990163152,-7.9887511246409));
#5424=CARTESIAN_POINT('',(3.00000000000004,-3.46944695195361E-15,-8.4626664977021));
#5425=CARTESIAN_POINT('',(3.00000000000004,1.39209797118609E-11,-8.46266649771678));
#5426=CARTESIAN_POINT('',(3.00000000000004,-2.19550939927841E-15,-8.46266649771678));
#5427=CARTESIAN_POINT('',(3.00000000000004,-1.39253707306594E-11,-8.46266649771677));
#5428=CARTESIAN_POINT('',(3.00000000000195,-0.0887217819335294,-8.20742098447537));
#5429=CARTESIAN_POINT('',(3.00000000018376,-1.02111505130097E-11,-8.20742096664411));
#5430=CARTESIAN_POINT('',(3.00000000000195,0.0887217819131071,-8.20742098448504));
#5431=CARTESIAN_POINT('',(2.96108325087035,-0.263049927541382,-7.68704999444953));
#5432=CARTESIAN_POINT('',(2.90727837829079,4.86600731730364E-12,-7.66998538069931));
#5433=CARTESIAN_POINT('',(2.96108325087035,0.263049927550874,-7.68704999444502));
#5434=CARTESIAN_POINT('',(2.77124284764856,-0.502108624154731,-6.92410306431446));
#5435=CARTESIAN_POINT('',(2.51336060098664,-1.5107763252884E-12,-6.99491833351524));
#5436=CARTESIAN_POINT('',(2.77124284764856,0.502108624152113,-6.92410306431574));
#5437=CARTESIAN_POINT('',(2.43061752902005,-0.700506586911772,-6.25993237997734));
#5438=CARTESIAN_POINT('',(1.89716236871506,7.36072330803172E-13,-6.70841139578459));
#5439=CARTESIAN_POINT('',(2.43061752902005,0.700506586912711,-6.25993237997673));
#5440=CARTESIAN_POINT('',(2.07499705347408,-0.777251661791786,-6.01342003605109));
#5441=CARTESIAN_POINT('',(1.81578084830615,-5.85152185648141E-13,-6.97307643365545));
#5442=CARTESIAN_POINT('',(2.07499705347408,0.777251661791323,-6.01342003605168));
#5443=CARTESIAN_POINT('',(1.89522909547304,-0.785512481098033,-6.002934424744));
#5444=CARTESIAN_POINT('',(1.89522909547304,-2.60208521396521E-15,-7.00000000000001));
#5445=CARTESIAN_POINT('',(1.89522909547304,0.785512481098028,-6.002934424744));
#5446=CARTESIAN_POINT('',(1.89522909547304,-1.73472347597681E-15,-5.38408861031263));
#5447=CARTESIAN_POINT('',(3.00000000000004,-1.73472347597681E-15,-5.38408861031263));
#5448=CARTESIAN_POINT('',(1.,-1.73472347597681E-15,-5.38408861031263));
#5449=CARTESIAN_POINT('',(3.00000000000004,-2.79342112539858,-1.83834731612656));
#5450=CARTESIAN_POINT('',(-2.,-2.79342112539858,-1.83834731612656));
#5451=CARTESIAN_POINT('',(-2.,-2.17457531096722,-2.62385979722459));
#5452=CARTESIAN_POINT('',(-3.,-2.79342112539858,-1.83834731612656));
#5453=CARTESIAN_POINT('',(1.,-2.79342112539858,-1.83834731612656));
#5454=CARTESIAN_POINT('',(1.,-4.42897503780394,0.237691628862731));
#5455=CARTESIAN_POINT('',(1.,-1.73472347597681E-15,-5.38408861031263));
#5456=CARTESIAN_POINT('',(1.,-1.73472347597681E-15,-5.38408861031263));
#5457=CARTESIAN_POINT('',(1.,-1.73472347597681E-15,-5.38408861031263));
#5458=CARTESIAN_POINT('',(1.,4.42897503780394,0.237691628862731));
#5459=CARTESIAN_POINT('',(1.,2.79342112539857,-1.83834731612657));
#5460=CARTESIAN_POINT('',(3.00000000000004,2.79342112539857,-1.83834731612657));
#5461=CARTESIAN_POINT('',(-3.,2.79342112539857,-1.83834731612657));
#5462=CARTESIAN_POINT('',(-2.,2.17457531096721,-2.6238597972246));
#5463=CARTESIAN_POINT('',(-2.,2.79342112539857,-1.83834731612657));
#5464=CARTESIAN_POINT('',(-5.,-6.,-1.));
#5465=CARTESIAN_POINT('',(-5.00000000000008,7.6344916093044,-40.4161268590051));
#5466=CARTESIAN_POINT('',(-5.00000000000006,4.93606397208967,-32.0239862481308));
#5467=CARTESIAN_POINT('',(-5.00000000000005,2.23763633487495,-23.6318456372565));
#5468=CARTESIAN_POINT('',(-5.00000000000004,-0.460791302339779,-15.2397050263821));
#5469=CARTESIAN_POINT('',(-5.00000000000003,-0.666577236443176,-14.5997084332112));
#5470=CARTESIAN_POINT('',(-5.00000000000003,-0.872363170546573,-13.9597118400402));
#5471=CARTESIAN_POINT('',(-5.00000000000003,-1.07814910464997,-13.3197152468692));
#5472=CARTESIAN_POINT('',(-5.00000000000003,-2.42088575078556,-9.14378902141197));
#5473=CARTESIAN_POINT('',(-5.00000000000004,-3.76362239692115,-4.9678627959547));
#5474=CARTESIAN_POINT('',(-5.00000000000004,-5.10635904305673,-0.791936570497403));
#5475=CARTESIAN_POINT('',(-5.00000000000004,-5.24063270767028,-0.374343947951685));
#5476=CARTESIAN_POINT('',(-5.00000000000004,-5.37490637228384,0.0432486745940361));
#5477=CARTESIAN_POINT('',(-5.00000000000004,-5.50918003689739,0.460841297139757));
#5478=CARTESIAN_POINT('',(-5.00000000000002,-7.75352651819193,7.44078435389938));
#5479=CARTESIAN_POINT('',(-5.00000000000001,-9.99787299948647,14.420727410659));
#5480=CARTESIAN_POINT('',(-4.99999999999999,-12.242219480781,21.4006704674186));
#5481=CARTESIAN_POINT('',(-5.00000000000004,-4.03290003020094,-4.13040629696182));
#5482=CARTESIAN_POINT('',(-5.00000000000002,-19.6389797220003,12.6341049559966));
#5483=CARTESIAN_POINT('',(-5.00000000000003,-15.4667891424303,8.15221473744019));
#5484=CARTESIAN_POINT('',(-5.00000000000003,-11.2945985628603,3.67032451888374));
#5485=CARTESIAN_POINT('',(-5.00000000000004,-7.12240798329034,-0.811565699672705));
#5486=CARTESIAN_POINT('',(-5.00000000000004,-6.93038084686027,-1.01784691527145));
#5487=CARTESIAN_POINT('',(-5.00000000000004,-6.7383537104302,-1.22412813087019));
#5488=CARTESIAN_POINT('',(-5.00000000000004,-6.54632657400013,-1.43040934646894));
#5489=CARTESIAN_POINT('',(-5.00000000000004,-4.62605520969944,-3.4932215024564));
#5490=CARTESIAN_POINT('',(-5.00000000000005,-2.70578384539873,-5.5560336584439));
#5491=CARTESIAN_POINT('',(-5.00000000000004,-0.785512481098032,-7.61884581443137));
#5492=CARTESIAN_POINT('',(-5.00000000000004,-0.304214899914649,-8.13586987653522));
#5493=CARTESIAN_POINT('',(-5.00000000000004,0.177082681268731,-8.65289393863907));
#5494=CARTESIAN_POINT('',(-5.00000000000004,0.658380262452111,-9.16991800074291));
#5495=CARTESIAN_POINT('',(-5.00000000000003,2.93806337585413,-11.6188208618432));
#5496=CARTESIAN_POINT('',(-5.00000000000002,5.21774648925616,-14.0677237229436));
#5497=CARTESIAN_POINT('',(-5.00000000000002,7.49742960265818,-16.5166265840439));
#5498=CARTESIAN_POINT('',(-5.,-2.60208521396521E-15,-8.46266649770209));
#5499=CARTESIAN_POINT('',(-5.00000000000002,19.6389797220003,12.6341049559966));
#5500=CARTESIAN_POINT('',(-5.00000000000003,15.4667891424303,8.15221473744019));
#5501=CARTESIAN_POINT('',(-5.00000000000003,11.2945985628603,3.67032451888374));
#5502=CARTESIAN_POINT('',(-5.00000000000004,7.12240798329033,-0.811565699672705));
#5503=CARTESIAN_POINT('',(-5.00000000000004,6.93038084686027,-1.01784691527145));
#5504=CARTESIAN_POINT('',(-5.00000000000004,6.7383537104302,-1.22412813087019));
#5505=CARTESIAN_POINT('',(-5.00000000000004,6.54632657400013,-1.43040934646894));
#5506=CARTESIAN_POINT('',(-5.00000000000004,4.62605520969943,-3.4932215024564));
#5507=CARTESIAN_POINT('',(-5.00000000000005,2.70578384539872,-5.5560336584439));
#5508=CARTESIAN_POINT('',(-5.00000000000004,0.785512481098026,-7.61884581443137));
#5509=CARTESIAN_POINT('',(-5.00000000000004,0.304214899914644,-8.13586987653522));
#5510=CARTESIAN_POINT('',(-5.00000000000004,-0.177082681268736,-8.65289393863907));
#5511=CARTESIAN_POINT('',(-5.00000000000004,-0.658380262452117,-9.16991800074291));
#5512=CARTESIAN_POINT('',(-5.00000000000003,-2.93806337585414,-11.6188208618432));
#5513=CARTESIAN_POINT('',(-5.00000000000002,-5.21774648925616,-14.0677237229436));
#5514=CARTESIAN_POINT('',(-5.00000000000002,-7.49742960265818,-16.5166265840439));
#5515=CARTESIAN_POINT('',(-5.00000000000004,4.03290003020093,-4.13040629696182));
#5516=CARTESIAN_POINT('',(-5.00000000000008,-7.6344916093044,-40.4161268590051));
#5517=CARTESIAN_POINT('',(-5.00000000000006,-4.93606397208968,-32.0239862481308));
#5518=CARTESIAN_POINT('',(-5.00000000000005,-2.23763633487495,-23.6318456372565));
#5519=CARTESIAN_POINT('',(-5.00000000000004,0.460791302339774,-15.2397050263821));
#5520=CARTESIAN_POINT('',(-5.00000000000003,0.666577236443171,-14.5997084332112));
#5521=CARTESIAN_POINT('',(-5.00000000000003,0.872363170546567,-13.9597118400402));
#5522=CARTESIAN_POINT('',(-5.00000000000003,1.07814910464996,-13.3197152468692));
#5523=CARTESIAN_POINT('',(-5.00000000000003,2.42088575078555,-9.14378902141197));
#5524=CARTESIAN_POINT('',(-5.00000000000004,3.76362239692115,-4.9678627959547));
#5525=CARTESIAN_POINT('',(-5.00000000000004,5.10635904305672,-0.791936570497403));
#5526=CARTESIAN_POINT('',(-5.00000000000004,5.24063270767028,-0.374343947951685));
#5527=CARTESIAN_POINT('',(-5.00000000000004,5.37490637228383,0.0432486745940361));
#5528=CARTESIAN_POINT('',(-5.00000000000004,5.50918003689739,0.460841297139757));
#5529=CARTESIAN_POINT('',(-5.00000000000002,7.75352651819193,7.44078435389938));
#5530=CARTESIAN_POINT('',(-5.00000000000001,9.99787299948647,14.420727410659));
#5531=CARTESIAN_POINT('',(-4.99999999999999,12.242219480781,21.4006704674186));
#5532=CARTESIAN_POINT('',(-2.6,-1.59,-14.));
#5533=CARTESIAN_POINT('',(-2.6,-1.1,-14.));
#5534=CARTESIAN_POINT('',(-2.6,-1.1,-13.5));
#5535=CARTESIAN_POINT('',(-2.6,-1.1,-13.5));
#5536=CARTESIAN_POINT('',(-2.6,1.1,-13.5));
#5537=CARTESIAN_POINT('',(-2.6,1.1,-14.));
#5538=CARTESIAN_POINT('',(-2.6,-1.6,-14.));
#5539=CARTESIAN_POINT('',(-2.6,-1.6,-13.5));
#5540=CARTESIAN_POINT('',(-2.6,-1.59,-13.5));
#5541=CARTESIAN_POINT('',(-2.6,1.6,-13.5));
#5542=CARTESIAN_POINT('',(-2.,-8.67361737988404E-16,-1.));
#5543=CARTESIAN_POINT('',(-2.,-2.13115418556864,-2.67897503780394));
#5544=CARTESIAN_POINT('',(-2.,-1.73472347597681E-15,-5.38408861031263));
#5545=CARTESIAN_POINT('',(-2.,2.13115418556864,-2.67897503780394));
#5546=CARTESIAN_POINT('',(-1.93437286613482,-3.81969558626277,-14.7744148465612));
#5547=CARTESIAN_POINT('',(-1.95624857742322,-3.87979705750851,-14.5162765643742));
#5548=CARTESIAN_POINT('',(-1.97812428871163,-3.93989852875426,-14.2581382821871));
#5549=CARTESIAN_POINT('',(-2.00000000000003,-4.,-14.));
#5550=CARTESIAN_POINT('',(-2.36081911011771,-4.99131676615001,-9.74225386145899));
#5551=CARTESIAN_POINT('',(-2.7216382202354,-5.98263353230002,-5.48450772291797));
#5552=CARTESIAN_POINT('',(-3.08245733035307,-6.97395029845002,-1.22676158437691));
#5553=CARTESIAN_POINT('',(-3.08473980443701,-6.98022118256968,-1.19982788007832));
#5554=CARTESIAN_POINT('',(-3.08702227852094,-6.98649206668934,-1.17289417577973));
#5555=CARTESIAN_POINT('',(-3.08930475260487,-6.992762950809,-1.14596047148114));
#5556=CARTESIAN_POINT('',(-5.00000000000003,-3.81969558626277,-14.7744148465612));
#5557=CARTESIAN_POINT('',(-5.00000000000003,-3.87979705750851,-14.5162765643742));
#5558=CARTESIAN_POINT('',(-5.00000000000003,-3.93989852875426,-14.2581382821871));
#5559=CARTESIAN_POINT('',(-5.00000000000003,-4.,-14.));
#5560=CARTESIAN_POINT('',(-5.00000000000003,-4.99131676615001,-9.74225386145899));
#5561=CARTESIAN_POINT('',(-5.00000000000004,-5.98263353230003,-5.48450772291797));
#5562=CARTESIAN_POINT('',(-5.00000000000004,-6.97395029845002,-1.22676158437691));
#5563=CARTESIAN_POINT('',(-5.00000000000004,-6.98022118256968,-1.19982788007832));
#5564=CARTESIAN_POINT('',(-5.00000000000004,-6.98649206668934,-1.17289417577973));
#5565=CARTESIAN_POINT('',(-5.00000000000003,-6.992762950809,-1.14596047148114));
#5566=CARTESIAN_POINT('',(-5.00000000000003,-0.833927124298287,-14.0792483805771));
#5567=CARTESIAN_POINT('',(-5.00000000000003,-0.915334451082181,-13.8260706693411));
#5568=CARTESIAN_POINT('',(-5.00000000000003,-0.996741777866075,-13.5728929581052));
#5569=CARTESIAN_POINT('',(-5.00000000000003,-1.07814910464997,-13.3197152468692));
#5570=CARTESIAN_POINT('',(-5.00000000000003,-2.42088575078556,-9.14378902141197));
#5571=CARTESIAN_POINT('',(-5.00000000000004,-3.76362239692115,-4.9678627959547));
#5572=CARTESIAN_POINT('',(-5.00000000000004,-5.10635904305673,-0.791936570497403));
#5573=CARTESIAN_POINT('',(-5.00000000000004,-5.11485294349164,-0.765520443638386));
#5574=CARTESIAN_POINT('',(-5.00000000000004,-5.12334684392655,-0.739104316779369));
#5575=CARTESIAN_POINT('',(-5.00000000000004,-5.13184074436146,-0.712688189920353));
#5576=CARTESIAN_POINT('',(-3.08245733035307,-6.97395029845002,-1.22676158437689));
#5577=CARTESIAN_POINT('',(-3.24702393406297,-6.97233623462783,-1.23368774236995));
#5578=CARTESIAN_POINT('',(-3.41083046229893,-6.94457714505942,-1.25630961330194));
#5579=CARTESIAN_POINT('',(-3.564174166408,-6.89384874886288,-1.29279076869424));
#5580=CARTESIAN_POINT('',(-3.564174166408,-6.89384874886288,-1.29279076869423));
#5581=CARTESIAN_POINT('',(-3.564174166408,-6.89384874886288,-1.29279076869423));
#5582=CARTESIAN_POINT('',(-3.91513542727152,-6.77774550227601,-1.3762860277179));
#5583=CARTESIAN_POINT('',(-4.38938401869952,-6.33225164765603,-1.82634122931372));
#5584=CARTESIAN_POINT('',(-4.88662882754719,-5.35401000080988,-2.80983041288472));
#5585=CARTESIAN_POINT('',(-5.00000000000004,-4.57020534839078,-3.60718553907064));
#5586=CARTESIAN_POINT('',(-5.00000000000004,-4.03290003020094,-4.13040629696182));
#5587=CARTESIAN_POINT('',(-3.08245733035307,-5.21448751890198,-0.381154185568625));
#5588=CARTESIAN_POINT('',(-3.08245733035307,-7.9915341158026,3.1438026156027));
#5589=CARTESIAN_POINT('',(-3.08245733035307,-6.97395029845002,-1.22676158437691));
#5590=CARTESIAN_POINT('',(-3.12319790293229,-5.21448750114261,-0.381154208110931));
#5591=CARTESIAN_POINT('',(-3.60026801071394,-8.0158840768741,3.17471047324712));
#5592=CARTESIAN_POINT('',(-3.16793187064603,-6.97311304608442,-1.23035761760094));
#5593=CARTESIAN_POINT('',(-3.20291984649629,-5.20646629767198,-0.391335670589488));
#5594=CARTESIAN_POINT('',(-4.61879385210258,-7.86664693090275,2.98528099328946));
#5595=CARTESIAN_POINT('',(-3.33611019337163,-6.95761467463097,-1.24578143387696));
#5596=CARTESIAN_POINT('',(-3.27638935193918,-5.18412358267695,-0.419695693523801));
#5597=CARTESIAN_POINT('',(-5.26849482473421,-7.46075135692092,2.47007020579151));
#5598=CARTESIAN_POINT('',(-3.49203063135355,-6.91771492425714,-1.27562744870063));
#5599=CARTESIAN_POINT('',(-3.31035202935111,-5.17058711055877,-0.436877788887302));
#5600=CARTESIAN_POINT('',(-5.48575324485777,-7.2608551740061,2.21633826976408));
#5601=CARTESIAN_POINT('',(-3.56417416640868,-6.89384874886267,-1.29279076869424));
#5602=CARTESIAN_POINT('',(-3.31035202935078,-5.95609959165692,-1.05572360331866));
#5603=CARTESIAN_POINT('',(-3.31035202935078,-5.1705871105589,-0.436877788887286));
#5604=CARTESIAN_POINT('',(-5.48575324485558,-7.260855174008,2.21633826976629));
#5605=CARTESIAN_POINT('',(-3.56417416640794,-6.89384874886291,-1.29279076869422));
#5606=CARTESIAN_POINT('',(-3.39127194705817,-5.159474613201,-0.450983088086611));
#5607=CARTESIAN_POINT('',(-5.8164360420244,-6.96557555890366,1.67085425273235));
#5608=CARTESIAN_POINT('',(-3.6361964093932,-6.87002258664849,-1.30992567600799));
#5609=CARTESIAN_POINT('',(-3.52320095682396,-5.1367444649984,-0.496060039788175));
#5610=CARTESIAN_POINT('',(-5.86267806937386,-6.56654794289369,0.829301831897212));
#5611=CARTESIAN_POINT('',(-3.75591994154479,-6.81751195839621,-1.35443479149738));
#5612=CARTESIAN_POINT('',(-3.68138522534495,-5.10064997536277,-0.584916272844356));
#5613=CARTESIAN_POINT('',(-5.71199371547237,-6.24971518994793,0.12810420482608));
#5614=CARTESIAN_POINT('',(-3.9013105915813,-6.73131721157601,-1.43408967124336));
#5615=CARTESIAN_POINT('',(-3.80923473699686,-5.06457371454381,-0.681991115094847));
#5616=CARTESIAN_POINT('',(-5.56354390901063,-6.06123861414444,-0.294518322467846));
#5617=CARTESIAN_POINT('',(-4.01936096959025,-6.64429530334217,-1.51755955163753));
#5618=CARTESIAN_POINT('',(-3.95630945755043,-5.01573698807966,-0.819022418384488));
#5619=CARTESIAN_POINT('',(-5.4143836742148,-5.88707990066818,-0.679306770684899));
#5620=CARTESIAN_POINT('',(-4.15497002741756,-6.52635768455102,-1.63274098637591));
#5621=CARTESIAN_POINT('',(-4.10836821628155,-4.95344136663894,-1.00032450425598));
#5622=CARTESIAN_POINT('',(-5.28578318271947,-5.72549896890759,-1.0232639528818));
#5623=CARTESIAN_POINT('',(-4.29400666518142,-6.37623853053361,-1.78170622003981));
#5624=CARTESIAN_POINT('',(-4.257524539722,-4.87867254415785,-1.2229020309002));
#5625=CARTESIAN_POINT('',(-5.19130152811252,-5.56478465597431,-1.34849735488699));
#5626=CARTESIAN_POINT('',(-4.42768190206648,-6.19683373687312,-1.96134122095555));
#5627=CARTESIAN_POINT('',(-4.3841164980219,-4.80377186513538,-1.44955859158503));
#5628=CARTESIAN_POINT('',(-5.13069463548888,-5.42087477421461,-1.62872213372337));
#5629=CARTESIAN_POINT('',(-4.53828740841561,-6.01746321774494,-2.14183784908966));
#5630=CARTESIAN_POINT('',(-4.53008632791739,-4.70401006843532,-1.75600428619498));
#5631=CARTESIAN_POINT('',(-5.07826340090243,-5.24424946611931,-1.9629378531708));
#5632=CARTESIAN_POINT('',(-4.66207406148863,-5.77837210318792,-2.38311309882207));
#5633=CARTESIAN_POINT('',(-4.6785457945882,-4.57996205525287,-2.14609890665403));
#5634=CARTESIAN_POINT('',(-5.04170427301333,-5.03107033861741,-2.35417771887395));
#5635=CARTESIAN_POINT('',(-4.78133193434258,-5.4794058132488,-2.68549427232174));
#5636=CARTESIAN_POINT('',(-4.81609099871071,-4.43373828748781,-2.62488371113886));
#5637=CARTESIAN_POINT('',(-5.01931792477837,-4.77766804253484,-2.80864509139973));
#5638=CARTESIAN_POINT('',(-4.88330822428084,-5.11979228291399,-3.04896867795439));
#5639=CARTESIAN_POINT('',(-4.91765198126571,-4.29203964842429,-3.11444731283701));
#5640=CARTESIAN_POINT('',(-5.00764162452842,-4.52719782195996,-3.25233413662519));
#5641=CARTESIAN_POINT('',(-4.95183567172085,-4.7590442632988,-3.41205082148802));
#5642=CARTESIAN_POINT('',(-4.98310221947644,-4.15724310165091,-3.61497047457794));
#5643=CARTESIAN_POINT('',(-5.00155563906149,-4.27887190043728,-3.69101648843168));
#5644=CARTESIAN_POINT('',(-4.99132532744593,-4.39730694136821,-3.77312868479991));
#5645=CARTESIAN_POINT('',(-5.00000000000004,-4.07333063418237,-3.95561857450272));
#5646=CARTESIAN_POINT('',(-4.99999999226883,-4.11444241842714,-3.98327354796016));
#5647=CARTESIAN_POINT('',(-5.00000000000004,-4.15555418590326,-4.01092855166471));
#5648=CARTESIAN_POINT('',(-5.00000000000004,-4.0329000302009,-4.13040629696179));
#5649=CARTESIAN_POINT('',(-5.00000000000004,-4.03290003020092,-4.1304062969618));
#5650=CARTESIAN_POINT('',(-5.00000000000004,-4.03290003020094,-4.13040629696181));
#5651=CARTESIAN_POINT('',(-5.00000000000004,-4.03290003020089,-4.13040629696182));
#5652=CARTESIAN_POINT('',(-5.00000000000004,-4.20103516294499,-3.40709002994167));
#5653=CARTESIAN_POINT('',(-4.79978328239839,-4.51263967909991,-2.33281321424351));
#5654=CARTESIAN_POINT('',(-4.2231761555244,-4.93372026544111,-1.05619971195633));
#5655=CARTESIAN_POINT('',(-3.67283227144837,-5.12080686823872,-0.500073351888242));
#5656=CARTESIAN_POINT('',(-3.31035202935078,-5.1705871105589,-0.436877788887294));
#5657=CARTESIAN_POINT('',(-3.30564513176696,-5.20587674384054,-0.392084002212691));
#5658=CARTESIAN_POINT('',(-3.53709675451132,-3.4705844958937,-2.59472266814178));
#5659=CARTESIAN_POINT('',(-3.76854837725569,-1.73529224794685,-4.79736133407091));
#5660=CARTESIAN_POINT('',(-4.00000000000004,-2.60208521396521E-15,-7.00000000000001));
#5661=CARTESIAN_POINT('',(-4.03318061919074,0.248769356554868,-7.31576756266525));
#5662=CARTESIAN_POINT('',(-4.06636123838144,0.497538713109739,-7.63153512533049));
#5663=CARTESIAN_POINT('',(-4.09954185757214,0.746308069664609,-7.94730268799572));
#5664=CARTESIAN_POINT('',(-5.00000000000004,-5.20587674384054,-0.392084002212692));
#5665=CARTESIAN_POINT('',(-5.00000000000004,-3.4705844958937,-2.59472266814178));
#5666=CARTESIAN_POINT('',(-5.00000000000005,-1.73529224794685,-4.79736133407091));
#5667=CARTESIAN_POINT('',(-5.00000000000004,-3.06658683336675E-15,-7.00000000000001));
#5668=CARTESIAN_POINT('',(-5.00000000000004,0.248769356554868,-7.31576756266525));
#5669=CARTESIAN_POINT('',(-5.00000000000004,0.497538713109738,-7.63153512533049));
#5670=CARTESIAN_POINT('',(-5.00000000000004,0.746308069664608,-7.94730268799572));
#5671=CARTESIAN_POINT('',(-5.00000000000004,-6.53681364024683,-1.44062842058014));
#5672=CARTESIAN_POINT('',(-5.00000000000004,-4.6197132538639,-3.50003421853053));
#5673=CARTESIAN_POINT('',(-5.00000000000005,-2.70261286748096,-5.55944001648097));
#5674=CARTESIAN_POINT('',(-5.00000000000004,-0.785512481098032,-7.61884581443137));
#5675=CARTESIAN_POINT('',(-5.00000000000004,-0.510679334038306,-7.91407968979021));
#5676=CARTESIAN_POINT('',(-5.00000000000004,-0.235846186978581,-8.20931356514904));
#5677=CARTESIAN_POINT('',(-5.00000000000004,0.0389869600811431,-8.50454744050788));
#5678=CARTESIAN_POINT('',(-5.00000000000004,-1.73472347597681E-15,-8.4626664977021));
#5679=CARTESIAN_POINT('',(-5.00000000000004,-0.163032289008454,-7.99345297552353));
#5680=CARTESIAN_POINT('',(-4.90332759395477,-0.396308549505141,-7.27234491922706));
#5681=CARTESIAN_POINT('',(-4.52750012232459,-0.658984579516257,-6.40094286938059));
#5682=CARTESIAN_POINT('',(-4.14291202109119,-0.774137020841107,-6.01738927181057));
#5683=CARTESIAN_POINT('',(-3.89522909547304,-0.785512481098032,-6.00293442474399));
#5684=CARTESIAN_POINT('',(-2.6,1.6,-14.));
#5685=CARTESIAN_POINT('',(-1.93437286613482,3.81969558626276,-14.7744148465612));
#5686=CARTESIAN_POINT('',(-1.95624857742322,3.87979705750851,-14.5162765643742));
#5687=CARTESIAN_POINT('',(-1.97812428871163,3.93989852875425,-14.2581382821871));
#5688=CARTESIAN_POINT('',(-2.00000000000003,4.,-14.));
#5689=CARTESIAN_POINT('',(-2.36081911011771,4.99131676615001,-9.74225386145899));
#5690=CARTESIAN_POINT('',(-2.7216382202354,5.98263353230002,-5.48450772291797));
#5691=CARTESIAN_POINT('',(-3.08245733035307,6.97395029845002,-1.22676158437691));
#5692=CARTESIAN_POINT('',(-3.08473980443701,6.98022118256968,-1.19982788007832));
#5693=CARTESIAN_POINT('',(-3.08702227852094,6.98649206668934,-1.17289417577973));
#5694=CARTESIAN_POINT('',(-3.08930475260487,6.99276295080899,-1.14596047148114));
#5695=CARTESIAN_POINT('',(-5.00000000000003,3.81969558626276,-14.7744148465612));
#5696=CARTESIAN_POINT('',(-5.00000000000003,3.87979705750851,-14.5162765643742));
#5697=CARTESIAN_POINT('',(-5.00000000000003,3.93989852875425,-14.2581382821871));
#5698=CARTESIAN_POINT('',(-5.00000000000003,4.,-14.));
#5699=CARTESIAN_POINT('',(-5.00000000000003,4.99131676615001,-9.74225386145899));
#5700=CARTESIAN_POINT('',(-5.00000000000004,5.98263353230002,-5.48450772291797));
#5701=CARTESIAN_POINT('',(-5.00000000000004,6.97395029845002,-1.22676158437691));
#5702=CARTESIAN_POINT('',(-5.00000000000004,6.98022118256968,-1.19982788007832));
#5703=CARTESIAN_POINT('',(-5.00000000000004,6.98649206668933,-1.17289417577973));
#5704=CARTESIAN_POINT('',(-5.00000000000004,6.99276295080899,-1.14596047148114));
#5705=CARTESIAN_POINT('',(-5.00000000000003,0.833927124298282,-14.0792483805771));
#5706=CARTESIAN_POINT('',(-5.00000000000003,0.915334451082176,-13.8260706693411));
#5707=CARTESIAN_POINT('',(-5.00000000000003,0.99674177786607,-13.5728929581052));
#5708=CARTESIAN_POINT('',(-5.00000000000003,1.07814910464996,-13.3197152468692));
#5709=CARTESIAN_POINT('',(-5.00000000000003,2.42088575078555,-9.14378902141197));
#5710=CARTESIAN_POINT('',(-5.00000000000004,3.76362239692115,-4.9678627959547));
#5711=CARTESIAN_POINT('',(-5.00000000000004,5.10635904305672,-0.791936570497403));
#5712=CARTESIAN_POINT('',(-5.00000000000004,5.11485294349163,-0.765520443638385));
#5713=CARTESIAN_POINT('',(-5.00000000000004,5.12334684392655,-0.739104316779368));
#5714=CARTESIAN_POINT('',(-5.00000000000004,5.13184074436146,-0.712688189920351));
#5715=CARTESIAN_POINT('',(-3.08245733035307,6.97395029845002,-1.22676158437689));
#5716=CARTESIAN_POINT('',(-3.24702393406297,6.97233623462782,-1.23368774236995));
#5717=CARTESIAN_POINT('',(-3.41083046229893,6.94457714505941,-1.25630961330194));
#5718=CARTESIAN_POINT('',(-3.564174166408,6.89384874886288,-1.29279076869424));
#5719=CARTESIAN_POINT('',(-3.564174166408,6.89384874886288,-1.29279076869423));
#5720=CARTESIAN_POINT('',(-3.564174166408,6.89384874886288,-1.29279076869423));
#5721=CARTESIAN_POINT('',(-3.91513542727153,6.777745502276,-1.37628602771791));
#5722=CARTESIAN_POINT('',(-4.38938401869952,6.33225164765602,-1.82634122931372));
#5723=CARTESIAN_POINT('',(-4.88662882754719,5.35401000080986,-2.80983041288472));
#5724=CARTESIAN_POINT('',(-5.00000000000004,4.57020534839082,-3.60718553907065));
#5725=CARTESIAN_POINT('',(-5.00000000000004,4.03290003020094,-4.13040629696182));
#5726=CARTESIAN_POINT('',(-3.08245733035307,6.97395029845002,-1.22676158437691));
#5727=CARTESIAN_POINT('',(-3.08245733035307,7.99153411580259,3.1438026156027));
#5728=CARTESIAN_POINT('',(-3.08245733035307,5.21448751890198,-0.381154185568625));
#5729=CARTESIAN_POINT('',(-3.16793187064634,6.97311304608444,-1.23035761760084));
#5730=CARTESIAN_POINT('',(-3.60026801071501,8.01588407687525,3.17471047324931));
#5731=CARTESIAN_POINT('',(-3.12319790293246,5.21448750114271,-0.381154208110793));
#5732=CARTESIAN_POINT('',(-3.33611019337145,6.95761467463092,-1.24578143387717));
#5733=CARTESIAN_POINT('',(-4.61879385210207,7.86664693090177,2.985280993288));
#5734=CARTESIAN_POINT('',(-3.20291984649613,5.20646629767181,-0.391335670589698));
#5735=CARTESIAN_POINT('',(-3.49203063135361,6.9177149242572,-1.27562744870033));
#5736=CARTESIAN_POINT('',(-5.26849482473393,7.46075135692165,2.47007020579215));
#5737=CARTESIAN_POINT('',(-3.27638935193932,5.18412358267716,-0.419695693523535));
#5738=CARTESIAN_POINT('',(-3.56417416640868,6.89384874886266,-1.29279076869425));
#5739=CARTESIAN_POINT('',(-5.48575324485777,7.26085517400609,2.21633826976406));
#5740=CARTESIAN_POINT('',(-3.31035202935111,5.17058711055877,-0.436877788887307));
#5741=CARTESIAN_POINT('',(-3.31035202935078,5.95609959165691,-1.05572360331866));
#5742=CARTESIAN_POINT('',(-3.56417416640794,6.8938487488629,-1.29279076869422));
#5743=CARTESIAN_POINT('',(-5.48575324485557,7.26085517400799,2.21633826976629));
#5744=CARTESIAN_POINT('',(-3.31035202935078,5.17058711055889,-0.436877788887286));
#5745=CARTESIAN_POINT('',(-3.63619640939265,6.87002258664859,-1.30992567600817));
#5746=CARTESIAN_POINT('',(-5.81643604202414,6.96557555890519,1.67085425273635));
#5747=CARTESIAN_POINT('',(-3.39127194705753,5.15947461320081,-0.450983088086838));
#5748=CARTESIAN_POINT('',(-3.75591994154505,6.81751195839616,-1.35443479149729));
#5749=CARTESIAN_POINT('',(-5.86267806937396,6.56654794289319,0.829301831895879));
#5750=CARTESIAN_POINT('',(-3.52320095682426,5.13674446499848,-0.496060039788068));
#5751=CARTESIAN_POINT('',(-3.90131059158124,6.73131721157601,-1.43408967124337));
#5752=CARTESIAN_POINT('',(-5.71199371547231,6.24971518994799,0.128104204826257));
#5753=CARTESIAN_POINT('',(-3.68138522534489,5.10064997536275,-0.584916272844382));
#5754=CARTESIAN_POINT('',(-4.01936096959027,6.64429530334217,-1.51755955163753));
#5755=CARTESIAN_POINT('',(-5.56354390901065,6.06123861414443,-0.29451832246788));
#5756=CARTESIAN_POINT('',(-3.80923473699687,5.06457371454382,-0.681991115094842));
#5757=CARTESIAN_POINT('',(-4.15497002741756,6.526357684551,-1.63274098637591));
#5758=CARTESIAN_POINT('',(-5.41438367421478,5.88707990066816,-0.679306770684887));
#5759=CARTESIAN_POINT('',(-3.95630945755043,5.01573698807965,-0.81902241838449));
#5760=CARTESIAN_POINT('',(-4.29400666518142,6.37623853053361,-1.78170622003981));
#5761=CARTESIAN_POINT('',(-5.28578318271947,5.72549896890759,-1.0232639528818));
#5762=CARTESIAN_POINT('',(-4.10836821628155,4.95344136663894,-1.00032450425598));
#5763=CARTESIAN_POINT('',(-4.42768190206649,6.19683373687311,-1.96134122095556));
#5764=CARTESIAN_POINT('',(-5.19130152811251,5.5647846559743,-1.34849735488699));
#5765=CARTESIAN_POINT('',(-4.257524539722,4.87867254415785,-1.2229020309002));
#5766=CARTESIAN_POINT('',(-4.53828740841561,6.01746321774494,-2.14183784908966));
#5767=CARTESIAN_POINT('',(-5.13069463548889,5.4208747742146,-1.62872213372337));
#5768=CARTESIAN_POINT('',(-4.38411649802189,4.80377186513537,-1.44955859158503));
#5769=CARTESIAN_POINT('',(-4.66207406148863,5.77837210318792,-2.38311309882208));
#5770=CARTESIAN_POINT('',(-5.07826340090243,5.24424946611932,-1.9629378531708));
#5771=CARTESIAN_POINT('',(-4.5300863279174,4.70401006843532,-1.75600428619499));
#5772=CARTESIAN_POINT('',(-4.78133193434258,5.47940581324879,-2.68549427232173));
#5773=CARTESIAN_POINT('',(-5.04170427301333,5.0310703386174,-2.35417771887394));
#5774=CARTESIAN_POINT('',(-4.67854579458821,4.57996205525287,-2.14609890665402));
#5775=CARTESIAN_POINT('',(-4.88330822428084,5.11979228291401,-3.04896867795441));
#5776=CARTESIAN_POINT('',(-5.01931792477837,4.77766804253486,-2.80864509139978));
#5777=CARTESIAN_POINT('',(-4.81609099871071,4.43373828748782,-2.62488371113891));
#5778=CARTESIAN_POINT('',(-4.95183567172085,4.75904426329867,-3.41205082148798));
#5779=CARTESIAN_POINT('',(-5.00764162452842,4.52719782195983,-3.25233413662504));
#5780=CARTESIAN_POINT('',(-4.91765198126571,4.2920396484242,-3.11444731283681));
#5781=CARTESIAN_POINT('',(-4.99132532744592,4.3973069413687,-3.77312868480007));
#5782=CARTESIAN_POINT('',(-5.00155563906149,4.27887190043777,-3.69101648843228));
#5783=CARTESIAN_POINT('',(-4.98310221947644,4.15724310165127,-3.61497047457875));
#5784=CARTESIAN_POINT('',(-5.00000000000004,4.15555418590216,-4.01092855166437));
#5785=CARTESIAN_POINT('',(-4.99999999226883,4.11444241842605,-3.98327354795886));
#5786=CARTESIAN_POINT('',(-5.00000000000004,4.07333063418155,-3.95561857450094));
#5787=CARTESIAN_POINT('',(-5.00000000000004,4.03290003020094,-4.13040629696181));
#5788=CARTESIAN_POINT('',(-5.00000000000004,4.03290003020092,-4.1304062969618));
#5789=CARTESIAN_POINT('',(-5.00000000000004,4.0329000302009,-4.13040629696179));
#5790=CARTESIAN_POINT('',(-5.00000000000004,4.03290003020088,-4.13040629696182));
#5791=CARTESIAN_POINT('',(-5.00000000000004,4.20103516294502,-3.40709002994167));
#5792=CARTESIAN_POINT('',(-4.79978328239847,4.51263967909998,-2.33281321424318));
#5793=CARTESIAN_POINT('',(-4.22317615552428,4.93372026544096,-1.05619971195687));
#5794=CARTESIAN_POINT('',(-3.67283227144862,5.12080686823901,-0.500073351887037));
#5795=CARTESIAN_POINT('',(-3.31035202935078,5.17058711055889,-0.436877788887294));
#5796=CARTESIAN_POINT('',(-3.30564513176696,5.20587674384054,-0.39208400221269));
#5797=CARTESIAN_POINT('',(-3.53709675451132,3.4705844958937,-2.59472266814178));
#5798=CARTESIAN_POINT('',(-3.76854837725569,1.73529224794684,-4.79736133407091));
#5799=CARTESIAN_POINT('',(-4.00000000000004,-2.60208521396521E-15,-7.00000000000001));
#5800=CARTESIAN_POINT('',(-4.03318061919075,-0.248769356554931,-7.31576756266532));
#5801=CARTESIAN_POINT('',(-4.06636123838145,-0.497538713109858,-7.63153512533063));
#5802=CARTESIAN_POINT('',(-4.09954185757216,-0.746308069664785,-7.94730268799594));
#5803=CARTESIAN_POINT('',(-5.00000000000004,5.20587674384054,-0.392084002212691));
#5804=CARTESIAN_POINT('',(-5.00000000000004,3.4705844958937,-2.59472266814178));
#5805=CARTESIAN_POINT('',(-5.00000000000005,1.73529224794684,-4.79736133407091));
#5806=CARTESIAN_POINT('',(-5.00000000000004,-1.83995210002005E-15,-7.00000000000001));
#5807=CARTESIAN_POINT('',(-5.00000000000004,-0.24876935655493,-7.31576756266532));
#5808=CARTESIAN_POINT('',(-5.00000000000004,-0.497538713109857,-7.63153512533063));
#5809=CARTESIAN_POINT('',(-5.00000000000004,-0.746308069664785,-7.94730268799594));
#5810=CARTESIAN_POINT('',(-5.00000000000004,6.53681364024683,-1.44062842058014));
#5811=CARTESIAN_POINT('',(-5.00000000000004,4.6197132538639,-3.50003421853053));
#5812=CARTESIAN_POINT('',(-5.00000000000005,2.70261286748096,-5.55944001648097));
#5813=CARTESIAN_POINT('',(-5.00000000000004,0.785512481098026,-7.61884581443137));
#5814=CARTESIAN_POINT('',(-5.00000000000004,0.510679334038238,-7.91407968979028));
#5815=CARTESIAN_POINT('',(-5.00000000000004,0.23584618697845,-8.20931356514918));
#5816=CARTESIAN_POINT('',(-5.00000000000004,-0.0389869600813374,-8.50454744050808));
#5817=CARTESIAN_POINT('',(-3.89522909547304,0.78551248109803,-6.00293442474399));
#5818=CARTESIAN_POINT('',(-4.14539397934155,0.774023030668069,-6.01753411960002));
#5819=CARTESIAN_POINT('',(-4.52635564881307,0.659114998289335,-6.40064847370804));
#5820=CARTESIAN_POINT('',(-4.90399068639738,0.395925650346347,-7.27339044309714));
#5821=CARTESIAN_POINT('',(-5.00000000000004,0.164665990163152,-7.9887511246409));
#5822=CARTESIAN_POINT('',(-5.00000000000004,-3.46944695195361E-15,-8.4626664977021));
#5823=CARTESIAN_POINT('',(-5.00000000000004,-1.39253707306594E-11,-8.46266649771677));
#5824=CARTESIAN_POINT('',(-5.00000000000004,-2.19550939928157E-15,-8.46266649771678));
#5825=CARTESIAN_POINT('',(-5.00000000000004,1.39209797118609E-11,-8.46266649771678));
#5826=CARTESIAN_POINT('',(-5.00000000000195,0.088721781914044,-8.20742098448094));
#5827=CARTESIAN_POINT('',(-5.00000000018292,-9.48765183741421E-12,-8.20742096664118));
#5828=CARTESIAN_POINT('',(-5.00000000000195,-0.0887217819330193,-8.20742098447244));
#5829=CARTESIAN_POINT('',(-4.96108325087039,0.263049927550441,-7.68704999444691));
#5830=CARTESIAN_POINT('',(-4.90727837829114,4.50373523332332E-12,-7.66998538070069));
#5831=CARTESIAN_POINT('',(-4.96108325087037,-0.263049927541643,-7.68704999445086));
#5832=CARTESIAN_POINT('',(-4.77124284764843,0.502108624152217,-6.92410306431525));
#5833=CARTESIAN_POINT('',(-4.51336060098668,-1.34638715759447E-12,-6.99491833351486));
#5834=CARTESIAN_POINT('',(-4.77124284764851,-0.502108624154587,-6.9241030643142));
#5835=CARTESIAN_POINT('',(-4.43061752902055,0.700506586912734,-6.2599323799768));
#5836=CARTESIAN_POINT('',(-3.89716236871442,4.34290605901359E-13,-6.70841139578458));
#5837=CARTESIAN_POINT('',(-4.43061752902024,-0.700506586912082,-6.25993237997707));
#5838=CARTESIAN_POINT('',(-4.074997053473,0.7772516617912,-6.01342003605183));
#5839=CARTESIAN_POINT('',(-3.81578084830784,7.02130282235113E-14,-6.97307643365584));
#5840=CARTESIAN_POINT('',(-4.07499705347367,-0.777251661791158,-6.01342003605189));
#5841=CARTESIAN_POINT('',(-3.89522909547304,0.785512481098028,-6.00293442474399));
#5842=CARTESIAN_POINT('',(-3.89522909547304,-2.60208521396521E-15,-7.00000000000001));
#5843=CARTESIAN_POINT('',(-3.89522909547304,-0.785512481098033,-6.00293442474399));
#5844=CARTESIAN_POINT('',(-3.89522909547304,-1.73472347597681E-15,-5.38408861031263));
#5845=CARTESIAN_POINT('',(-5.00000000000004,-1.73472347597681E-15,-5.38408861031263));
#5846=CARTESIAN_POINT('',(-3.,-1.73472347597681E-15,-5.38408861031263));
#5847=CARTESIAN_POINT('',(-3.,-4.42897503780394,0.237691628862731));
#5848=CARTESIAN_POINT('',(-3.,-1.73472347597681E-15,-5.38408861031263));
#5849=CARTESIAN_POINT('',(-3.,-1.73472347597681E-15,-5.38408861031263));
#5850=CARTESIAN_POINT('',(-3.,-1.73472347597681E-15,-5.38408861031263));
#5851=CARTESIAN_POINT('',(-3.,4.42897503780394,0.237691628862731));
#5852=CARTESIAN_POINT('',(18.,-6.,-0.999999999999994));
#5853=CARTESIAN_POINT('',(18.,-6.98032765527565,-1.19737702070341));
#5854=CARTESIAN_POINT('',(16.15328175488,-6.98032765527565,-1.19737702070341));
#5855=CARTESIAN_POINT('',(11.84671824512,-6.98032765527565,-1.19737702070341));
#5856=CARTESIAN_POINT('',(16.15328175488,-6.00000000000001,-0.999999999999994));
#5857=CARTESIAN_POINT('',(16.15328175488,-5.21448751890197,-0.381154185568635));
#5858=CARTESIAN_POINT('',(18.,-5.21448751890197,-0.381154185568635));
#5859=CARTESIAN_POINT('',(11.84671824512,-5.21448751890197,-0.381154185568635));
#5860=CARTESIAN_POINT('',(11.84671824512,-6.00000000000001,-0.999999999999994));
#5861=CARTESIAN_POINT('',(18.,-5.21448751890197,-0.381154185568635));
#5862=CARTESIAN_POINT('',(15.,-0.785512481098034,-6.00293442474398));
#5863=CARTESIAN_POINT('',(16.9030501120817,-0.785512481098059,-6.00293442474395));
#5864=CARTESIAN_POINT('',(16.,-0.785512481098034,-6.00293442474398));
#5865=CARTESIAN_POINT('',(16.,-5.21448751890197,-0.381154185568635));
#5866=CARTESIAN_POINT('',(16.,-3.57893360649661,-2.45719313055793));
#5867=CARTESIAN_POINT('',(14.,-3.57893360649661,-2.45719313055793));
#5868=CARTESIAN_POINT('',(12.,-3.57893360649661,-2.45719313055793));
#5869=CARTESIAN_POINT('',(12.,-5.21448751890197,-0.381154185568635));
#5870=CARTESIAN_POINT('',(12.,-0.785512481098034,-6.00293442474398));
#5871=CARTESIAN_POINT('',(13.,-0.785512481098034,-6.00293442474398));
#5872=CARTESIAN_POINT('',(11.0969498879183,-0.785512481098059,-6.00293442474395));
#5873=CARTESIAN_POINT('',(13.1075173901765,-17.075638246315,14.6744246343819));
#5874=CARTESIAN_POINT('',(12.6409927276115,-13.2957375878074,9.87652655487943));
#5875=CARTESIAN_POINT('',(12.1744680650465,-9.51583692929979,5.07862847537697));
#5876=CARTESIAN_POINT('',(11.7079434024815,-5.73593627079217,0.280730395874507));
#5877=CARTESIAN_POINT('',(11.6864905721032,-5.56212002016211,0.0601022020601284));
#5878=CARTESIAN_POINT('',(11.665037741725,-5.38830376953204,-0.160525991754253));
#5879=CARTESIAN_POINT('',(11.6435849113468,-5.21448751890197,-0.381154185568632));
#5880=CARTESIAN_POINT('',(11.4290566075645,-3.47632501260131,-2.58743612371241));
#5881=CARTESIAN_POINT('',(11.2145283037822,-1.73816250630066,-4.79371806185621));
#5882=CARTESIAN_POINT('',(11.,-3.46944695195361E-15,-6.99999999999999));
#5883=CARTESIAN_POINT('',(10.9462305403156,0.435653744329405,-7.55298338556638));
#5884=CARTESIAN_POINT('',(10.8924610806313,0.871307488658813,-8.10596677113276));
#5885=CARTESIAN_POINT('',(10.8386916209469,1.30696123298822,-8.65895015669914));
#5886=CARTESIAN_POINT('',(10.5591277472979,3.57205835409356,-11.5340799839282));
#5887=CARTESIAN_POINT('',(10.2795638736489,5.83715547519889,-14.4092098111572));
#5888=CARTESIAN_POINT('',(9.99999999999995,8.10225259630423,-17.2843396383863));
#5889=CARTESIAN_POINT('',(11.6390331718514,-5.17760817575772,-0.427965820484707));
#5890=CARTESIAN_POINT('',(11.84671824512,-5.21448751890198,-0.381154185568632));
#5891=CARTESIAN_POINT('',(11.7732325495569,-5.21448751890198,-0.381154185568632));
#5892=CARTESIAN_POINT('',(11.7021857736145,-5.20073460942018,-0.39861100889592));
#5893=CARTESIAN_POINT('',(11.6390331718513,-5.17760817575787,-0.42796582048453));
#5894=CARTESIAN_POINT('',(16.15328175488,-5.21448751890198,-0.381154185568632));
#5895=CARTESIAN_POINT('',(16.2267674504431,-5.21448751890197,-0.381154185568632));
#5896=CARTESIAN_POINT('',(16.2978142263855,-5.20073460942018,-0.398611008895919));
#5897=CARTESIAN_POINT('',(16.3609668281487,-5.17760817575787,-0.42796582048453));
#5898=CARTESIAN_POINT('',(16.3609668281486,-5.17760817575772,-0.427965820484707));
#5899=CARTESIAN_POINT('',(14.8924826098235,-17.075638246315,14.6744246343819));
#5900=CARTESIAN_POINT('',(15.3590072723885,-13.2957375878074,9.87652655487943));
#5901=CARTESIAN_POINT('',(15.8255319349535,-9.51583692929979,5.07862847537697));
#5902=CARTESIAN_POINT('',(16.2920565975185,-5.73593627079217,0.280730395874507));
#5903=CARTESIAN_POINT('',(16.3135094278968,-5.56212002016211,0.0601022020601284));
#5904=CARTESIAN_POINT('',(16.334962258275,-5.38830376953204,-0.160525991754253));
#5905=CARTESIAN_POINT('',(16.3564150886532,-5.21448751890197,-0.381154185568632));
#5906=CARTESIAN_POINT('',(16.5709433924355,-3.47632501260131,-2.58743612371241));
#5907=CARTESIAN_POINT('',(16.7854716962178,-1.73816250630066,-4.79371806185621));
#5908=CARTESIAN_POINT('',(17.,-3.46944695195361E-15,-6.99999999999999));
#5909=CARTESIAN_POINT('',(17.0537694596844,0.435653744329405,-7.55298338556638));
#5910=CARTESIAN_POINT('',(17.1075389193687,0.871307488658813,-8.10596677113276));
#5911=CARTESIAN_POINT('',(17.1613083790531,1.30696123298822,-8.65895015669914));
#5912=CARTESIAN_POINT('',(17.4408722527021,3.57205835409356,-11.5340799839282));
#5913=CARTESIAN_POINT('',(17.7204361263511,5.83715547519889,-14.4092098111572));
#5914=CARTESIAN_POINT('',(18.0000000000001,8.10225259630423,-17.2843396383863));
#5915=CARTESIAN_POINT('',(18.,-2.60208521396521E-15,-16.));
#5916=CARTESIAN_POINT('',(18.,-4.,-16.));
#5917=CARTESIAN_POINT('',(15.,-4.,-16.));
#5918=CARTESIAN_POINT('',(13.,-4.,-16.));
#5919=CARTESIAN_POINT('',(9.99999999999997,-0.892004629531588,-16.));
#5920=CARTESIAN_POINT('',(9.99999999999997,-1.69904870887072,-16.));
#5921=CARTESIAN_POINT('',(10.6161167208098,-3.29431458150528,-16.));
#5922=CARTESIAN_POINT('',(12.1920505775421,-4.,-16.));
#5923=CARTESIAN_POINT('',(13.,-4.,-16.));
#5924=CARTESIAN_POINT('',(10.,-0.892004629531588,-16.));
#5925=CARTESIAN_POINT('',(10.,-2.60208521396521E-15,-16.));
#5926=CARTESIAN_POINT('',(10.,0.892004629531582,-16.));
#5927=CARTESIAN_POINT('',(9.99999999999997,0.892004629531582,-16.));
#5928=CARTESIAN_POINT('',(9.99999999999997,1.69904870887071,-16.));
#5929=CARTESIAN_POINT('',(10.6161167208098,3.29431458150527,-16.));
#5930=CARTESIAN_POINT('',(12.1920505775421,4.,-16.));
#5931=CARTESIAN_POINT('',(13.,4.,-16.));
#5932=CARTESIAN_POINT('',(13.,4.,-16.));
#5933=CARTESIAN_POINT('',(18.,4.,-16.));
#5934=CARTESIAN_POINT('',(15.,4.,-16.));
#5935=CARTESIAN_POINT('',(18.,0.892004629531582,-16.));
#5936=CARTESIAN_POINT('',(18.,1.69904870887071,-16.));
#5937=CARTESIAN_POINT('',(17.3838832791902,3.29431458150526,-16.));
#5938=CARTESIAN_POINT('',(15.8079494224579,4.,-16.));
#5939=CARTESIAN_POINT('',(15.,4.,-16.));
#5940=CARTESIAN_POINT('',(18.,0.892004629531582,-16.));
#5941=CARTESIAN_POINT('',(18.,-2.60208521396521E-15,-16.));
#5942=CARTESIAN_POINT('',(18.,-0.892004629531588,-16.));
#5943=CARTESIAN_POINT('',(18.,-0.892004629531588,-16.));
#5944=CARTESIAN_POINT('',(18.,-1.69904870887072,-16.));
#5945=CARTESIAN_POINT('',(17.3838832791902,-3.29431458150526,-16.));
#5946=CARTESIAN_POINT('',(15.8079494224579,-4.,-16.));
#5947=CARTESIAN_POINT('',(15.,-4.,-16.));
#5948=CARTESIAN_POINT('',(12.4,-1.6,-16.));
#5949=CARTESIAN_POINT('',(11.9,-1.6,-16.));
#5950=CARTESIAN_POINT('',(12.4,-2.1,-16.));
#5951=CARTESIAN_POINT('',(15.1,-2.1,-16.));
#5952=CARTESIAN_POINT('',(15.6,-2.1,-16.));
#5953=CARTESIAN_POINT('',(15.6,-1.6,-16.));
#5954=CARTESIAN_POINT('',(16.1,-1.6,-16.));
#5955=CARTESIAN_POINT('',(16.1,-2.60208521396521E-15,-16.));
#5956=CARTESIAN_POINT('',(16.1,1.6,-16.));
#5957=CARTESIAN_POINT('',(15.6,1.6,-16.));
#5958=CARTESIAN_POINT('',(15.6,2.1,-16.));
#5959=CARTESIAN_POINT('',(15.1,2.1,-16.));
#5960=CARTESIAN_POINT('',(12.4,2.1,-16.));
#5961=CARTESIAN_POINT('',(12.4,1.6,-16.));
#5962=CARTESIAN_POINT('',(11.9,1.6,-16.));
#5963=CARTESIAN_POINT('',(11.9,-2.60208521396521E-15,-16.));
#5964=CARTESIAN_POINT('',(18.,-4.,-16.));
#5965=CARTESIAN_POINT('',(12.5528750478237,2.32389625520932,-47.4093827436539));
#5966=CARTESIAN_POINT('',(13.3147628710504,0.355014548573042,-37.6303862824492));
#5967=CARTESIAN_POINT('',(14.0766506942772,-1.61386715806324,-27.8513898212446));
#5968=CARTESIAN_POINT('',(14.8385385175039,-3.58274886469951,-18.0723933600399));
#5969=CARTESIAN_POINT('',(14.8923590116693,-3.72183257646634,-17.3815955733599));
#5970=CARTESIAN_POINT('',(14.9461795058347,-3.86091628823317,-16.69079778668));
#5971=CARTESIAN_POINT('',(15.,-4.,-16.));
#5972=CARTESIAN_POINT('',(15.3844272516267,-4.99344255175855,-11.0657923402345));
#5973=CARTESIAN_POINT('',(15.7688545032533,-5.9868851035171,-6.131584680469));
#5974=CARTESIAN_POINT('',(16.15328175488,-6.98032765527565,-1.19737702070341));
#5975=CARTESIAN_POINT('',(16.1917244800426,-7.0796719104515,-0.703956254726867));
#5976=CARTESIAN_POINT('',(16.2301672052053,-7.17901616562736,-0.210535488750316));
#5977=CARTESIAN_POINT('',(16.268609930368,-7.27836042080321,0.282885277226239));
#5978=CARTESIAN_POINT('',(16.8457399535786,-8.7697883061284,7.69047505957749));
#5979=CARTESIAN_POINT('',(17.4228699767893,-10.2612161914536,15.0980648419287));
#5980=CARTESIAN_POINT('',(18.,-11.7526440767788,22.50565462428));
#5981=CARTESIAN_POINT('',(15.4471249521763,2.32389625520932,-47.4093827436539));
#5982=CARTESIAN_POINT('',(14.6852371289496,0.355014548573042,-37.6303862824492));
#5983=CARTESIAN_POINT('',(13.9233493057228,-1.61386715806324,-27.8513898212446));
#5984=CARTESIAN_POINT('',(13.1614614824961,-3.58274886469951,-18.0723933600399));
#5985=CARTESIAN_POINT('',(13.1076409883307,-3.72183257646634,-17.3815955733599));
#5986=CARTESIAN_POINT('',(13.0538204941653,-3.86091628823317,-16.69079778668));
#5987=CARTESIAN_POINT('',(13.,-4.,-16.));
#5988=CARTESIAN_POINT('',(12.6155727483733,-4.99344255175855,-11.0657923402345));
#5989=CARTESIAN_POINT('',(12.2311454967467,-5.9868851035171,-6.131584680469));
#5990=CARTESIAN_POINT('',(11.84671824512,-6.98032765527565,-1.19737702070341));
#5991=CARTESIAN_POINT('',(11.8082755199574,-7.0796719104515,-0.703956254726867));
#5992=CARTESIAN_POINT('',(11.7698327947947,-7.17901616562736,-0.210535488750316));
#5993=CARTESIAN_POINT('',(11.731390069632,-7.27836042080321,0.282885277226239));
#5994=CARTESIAN_POINT('',(11.1542600464214,-8.7697883061284,7.69047505957749));
#5995=CARTESIAN_POINT('',(10.5771300232107,-10.2612161914536,15.0980648419287));
#5996=CARTESIAN_POINT('',(10.,-11.7526440767788,22.50565462428));
#5997=CARTESIAN_POINT('',(18.,-6.,-0.999999999999994));
#5998=CARTESIAN_POINT('',(18.0000000000001,-7.66386348756988,-46.334245449194));
#5999=CARTESIAN_POINT('',(18.0000000000001,-4.94808207760664,-36.7056281366481));
#6000=CARTESIAN_POINT('',(18.,-2.23230066764341,-27.0770108241022));
#6001=CARTESIAN_POINT('',(18.,0.483480742319828,-17.4483935115562));
#6002=CARTESIAN_POINT('',(18.,0.675326172937573,-16.7682186536674));
#6003=CARTESIAN_POINT('',(18.,0.867171603555319,-16.0880437957786));
#6004=CARTESIAN_POINT('',(18.,1.05901703417307,-15.4078689378897));
#6005=CARTESIAN_POINT('',(18.,2.42932425214282,-10.5495383837275));
#6006=CARTESIAN_POINT('',(18.,3.79963147011258,-5.69120782956528));
#6007=CARTESIAN_POINT('',(18.,5.16993868808234,-0.832877275402967));
#6008=CARTESIAN_POINT('',(18.,5.30696940987931,-0.347044219986745));
#6009=CARTESIAN_POINT('',(18.,5.44400013167628,0.138788835429476));
#6010=CARTESIAN_POINT('',(18.,5.58103085347326,0.624621890845705));
#6011=CARTESIAN_POINT('',(18.,7.63823526124176,7.91829946865713));
#6012=CARTESIAN_POINT('',(18.,9.69543966901027,15.2119770464686));
#6013=CARTESIAN_POINT('',(18.,11.7526440767788,22.50565462428));
#6014=CARTESIAN_POINT('',(18.,4.34896985127131,-3.74356615712942));
#6015=CARTESIAN_POINT('',(18.0000000000001,19.5166319415279,12.7513505041984));
#6016=CARTESIAN_POINT('',(18.0000000000001,15.3702703378354,8.24215925945331));
#6017=CARTESIAN_POINT('',(18.0000000000001,11.2239087341429,3.73296801470823));
#6018=CARTESIAN_POINT('',(18.,7.07754713045041,-0.77622323003684));
#6019=CARTESIAN_POINT('',(18.,6.88687941380337,-0.983575429563947));
#6020=CARTESIAN_POINT('',(18.,6.69621169715633,-1.19092762909105));
#6021=CARTESIAN_POINT('',(18.,6.50554398050928,-1.39827982861816));
#6022=CARTESIAN_POINT('',(18.,4.59886681403886,-3.47180182388922));
#6023=CARTESIAN_POINT('',(18.,2.69218964756844,-5.5453238191603));
#6024=CARTESIAN_POINT('',(18.,0.785512481098024,-7.61884581443136));
#6025=CARTESIAN_POINT('',(18.,0.307622155084661,-8.13855419492785));
#6026=CARTESIAN_POINT('',(18.,-0.170268170928702,-8.65826257542434));
#6027=CARTESIAN_POINT('',(18.,-0.648158496942064,-9.17797095592082));
#6028=CARTESIAN_POINT('',(18.,-3.13285653006279,-11.880093850076));
#6029=CARTESIAN_POINT('',(18.,-5.61755456318351,-14.5822167442311));
#6030=CARTESIAN_POINT('',(18.0000000000001,-8.10225259630423,-17.2843396383863));
#6031=CARTESIAN_POINT('',(18.,-2.60208521396521E-15,-8.4730949950265));
#6032=CARTESIAN_POINT('',(18.0000000000001,-19.5166319415279,12.7513505041984));
#6033=CARTESIAN_POINT('',(18.0000000000001,-15.3702703378354,8.24215925945331));
#6034=CARTESIAN_POINT('',(18.0000000000001,-11.2239087341429,3.73296801470823));
#6035=CARTESIAN_POINT('',(18.,-7.07754713045041,-0.77622323003684));
#6036=CARTESIAN_POINT('',(18.,-6.88687941380337,-0.983575429563947));
#6037=CARTESIAN_POINT('',(18.,-6.69621169715633,-1.19092762909105));
#6038=CARTESIAN_POINT('',(18.,-6.50554398050929,-1.39827982861816));
#6039=CARTESIAN_POINT('',(18.,-4.59886681403886,-3.47180182388922));
#6040=CARTESIAN_POINT('',(18.,-2.69218964756844,-5.5453238191603));
#6041=CARTESIAN_POINT('',(18.,-0.785512481098029,-7.61884581443136));
#6042=CARTESIAN_POINT('',(18.,-0.307622155084666,-8.13855419492785));
#6043=CARTESIAN_POINT('',(18.,0.170268170928697,-8.65826257542434));
#6044=CARTESIAN_POINT('',(18.,0.648158496942059,-9.17797095592082));
#6045=CARTESIAN_POINT('',(18.,3.13285653006278,-11.880093850076));
#6046=CARTESIAN_POINT('',(18.,5.6175545631835,-14.5822167442311));
#6047=CARTESIAN_POINT('',(18.0000000000001,8.10225259630423,-17.2843396383863));
#6048=CARTESIAN_POINT('',(18.,-4.34896985127132,-3.74356615712942));
#6049=CARTESIAN_POINT('',(18.0000000000001,7.66386348756988,-46.334245449194));
#6050=CARTESIAN_POINT('',(18.0000000000001,4.94808207760664,-36.7056281366481));
#6051=CARTESIAN_POINT('',(18.,2.2323006676434,-27.0770108241022));
#6052=CARTESIAN_POINT('',(18.,-0.483480742319833,-17.4483935115562));
#6053=CARTESIAN_POINT('',(18.,-0.675326172937579,-16.7682186536674));
#6054=CARTESIAN_POINT('',(18.,-0.867171603555324,-16.0880437957786));
#6055=CARTESIAN_POINT('',(18.,-1.05901703417307,-15.4078689378897));
#6056=CARTESIAN_POINT('',(18.,-2.42932425214283,-10.5495383837275));
#6057=CARTESIAN_POINT('',(18.,-3.79963147011259,-5.69120782956528));
#6058=CARTESIAN_POINT('',(18.,-5.16993868808234,-0.832877275402967));
#6059=CARTESIAN_POINT('',(18.,-5.30696940987932,-0.347044219986745));
#6060=CARTESIAN_POINT('',(18.,-5.44400013167629,0.138788835429476));
#6061=CARTESIAN_POINT('',(18.,-5.58103085347326,0.624621890845705));
#6062=CARTESIAN_POINT('',(18.,-7.63823526124177,7.91829946865713));
#6063=CARTESIAN_POINT('',(18.,-9.69543966901028,15.2119770464686));
#6064=CARTESIAN_POINT('',(18.,-11.7526440767788,22.50565462428));
#6065=CARTESIAN_POINT('',(15.6,-1.59,-16.));
#6066=CARTESIAN_POINT('',(15.6,-2.60208521396521E-15,-12.2));
#6067=CARTESIAN_POINT('',(15.6,-1.1,-12.2));
#6068=CARTESIAN_POINT('',(15.6,1.1,-12.2));
#6069=CARTESIAN_POINT('',(15.6,1.1,-16.));
#6070=CARTESIAN_POINT('',(15.6,1.1,-15.5));
#6071=CARTESIAN_POINT('',(15.6,-1.1,-15.5));
#6072=CARTESIAN_POINT('',(15.6,-1.1,-15.5));
#6073=CARTESIAN_POINT('',(15.6,-1.1,-16.));
#6074=CARTESIAN_POINT('',(12.41,-1.6,-16.));
#6075=CARTESIAN_POINT('',(15.1,-1.6,-16.));
#6076=CARTESIAN_POINT('',(15.1,-1.6,-12.2));
#6077=CARTESIAN_POINT('',(15.1,-1.6,-15.5));
#6078=CARTESIAN_POINT('',(14.,-1.6,-15.5));
#6079=CARTESIAN_POINT('',(12.9,-1.6,-15.5));
#6080=CARTESIAN_POINT('',(12.9,-1.6,-16.));
#6081=CARTESIAN_POINT('',(12.9,-1.6,-12.2));
#6082=CARTESIAN_POINT('',(14.,-1.6,-12.2));
#6083=CARTESIAN_POINT('',(14.,-2.60208521396521E-15,-12.2));
#6084=CARTESIAN_POINT('',(15.6,-1.6,-12.2));
#6085=CARTESIAN_POINT('',(12.4,-1.6,-12.2));
#6086=CARTESIAN_POINT('',(12.4,-1.1,-12.2));
#6087=CARTESIAN_POINT('',(12.4,-2.60208521396521E-15,-12.2));
#6088=CARTESIAN_POINT('',(12.4,1.1,-12.2));
#6089=CARTESIAN_POINT('',(12.4,1.6,-12.2));
#6090=CARTESIAN_POINT('',(12.9,1.6,-12.2));
#6091=CARTESIAN_POINT('',(14.,1.6,-12.2));
#6092=CARTESIAN_POINT('',(15.1,1.6,-12.2));
#6093=CARTESIAN_POINT('',(15.6,1.6,-12.2));
#6094=CARTESIAN_POINT('',(15.6,-1.6,-16.));
#6095=CARTESIAN_POINT('',(15.6,-1.6,-15.5));
#6096=CARTESIAN_POINT('',(15.6,-1.6,-15.5));
#6097=CARTESIAN_POINT('',(12.41,-1.6,-15.5));
#6098=CARTESIAN_POINT('',(12.4,-1.6,-15.5));
#6099=CARTESIAN_POINT('',(15.6,-1.59,-15.5));
#6100=CARTESIAN_POINT('',(15.6,1.6,-15.5));
#6101=CARTESIAN_POINT('',(15.,-2.66545000200748,-3.6166948285115));
#6102=CARTESIAN_POINT('',(15.,-0.86602540378444,-0.499999999999994));
#6103=CARTESIAN_POINT('',(15.,-0.86602540378444,-0.499999999999994));
#6104=CARTESIAN_POINT('',(13.,-0.86602540378444,-0.499999999999994));
#6105=CARTESIAN_POINT('',(13.,-2.66545000200748,-3.6166948285115));
#6106=CARTESIAN_POINT('',(13.,-1.92739572161414,-2.33834731612656));
#6107=CARTESIAN_POINT('',(15.,-1.92739572161414,-2.33834731612656));
#6108=CARTESIAN_POINT('',(15.,-1.92739572161414,-2.33834731612656));
#6109=CARTESIAN_POINT('',(15.,-2.66545000200748,-3.6166948285115));
#6110=CARTESIAN_POINT('',(15.,-8.67361737988404E-16,-0.999999999999997));
#6111=CARTESIAN_POINT('',(15.,0.866025403784435,-0.499999999999994));
#6112=CARTESIAN_POINT('',(13.,0.866025403784435,-0.499999999999994));
#6113=CARTESIAN_POINT('',(15.,0.866025403784435,-0.499999999999994));
#6114=CARTESIAN_POINT('',(13.,-8.67361737988404E-16,-0.999999999999997));
#6115=CARTESIAN_POINT('',(15.,-8.67361737988404E-16,-0.999999999999997));
#6116=CARTESIAN_POINT('',(15.,-8.67361737988404E-16,-0.999999999999997));
#6117=CARTESIAN_POINT('',(15.,-2.13115418556864,-2.67897503780394));
#6118=CARTESIAN_POINT('',(15.,-2.17457531096722,-2.62385979722459));
#6119=CARTESIAN_POINT('',(15.,-4.33680868994202E-15,-5.38408861031262));
#6120=CARTESIAN_POINT('',(15.,2.13115418556864,-2.67897503780394));
#6121=CARTESIAN_POINT('',(15.,2.17457531096721,-2.62385979722459));
#6122=CARTESIAN_POINT('',(15.,2.79342112539858,-1.83834731612656));
#6123=CARTESIAN_POINT('',(15.,1.92739572161414,-2.33834731612656));
#6124=CARTESIAN_POINT('',(15.,2.66545000200747,-3.6166948285115));
#6125=CARTESIAN_POINT('',(15.,-2.79342112539858,-1.83834731612656));
#6126=CARTESIAN_POINT('',(14.9459453724471,-3.86031123729301,-16.6938029397995));
#6127=CARTESIAN_POINT('',(14.9639635816314,-3.90687415819534,-16.4625352931997));
#6128=CARTESIAN_POINT('',(14.9819817908157,-3.95343707909767,-16.2312676465998));
#6129=CARTESIAN_POINT('',(15.,-4.,-16.));
#6130=CARTESIAN_POINT('',(15.3844272516267,-4.99344255175855,-11.0657923402345));
#6131=CARTESIAN_POINT('',(15.7688545032533,-5.9868851035171,-6.131584680469));
#6132=CARTESIAN_POINT('',(16.15328175488,-6.98032765527565,-1.19737702070341));
#6133=CARTESIAN_POINT('',(16.155682026018,-6.98653047121598,-1.16656901688809));
#6134=CARTESIAN_POINT('',(16.158082297156,-6.99273328715631,-1.13576101307277));
#6135=CARTESIAN_POINT('',(16.1604825682941,-6.99893610309663,-1.10495300925744));
#6136=CARTESIAN_POINT('',(18.,-3.86031123729301,-16.6938029397995));
#6137=CARTESIAN_POINT('',(18.,-3.90687415819534,-16.4625352931997));
#6138=CARTESIAN_POINT('',(18.,-3.95343707909767,-16.2312676465998));
#6139=CARTESIAN_POINT('',(18.,-4.,-16.));
#6140=CARTESIAN_POINT('',(18.,-4.99344255175855,-11.0657923402345));
#6141=CARTESIAN_POINT('',(18.,-5.9868851035171,-6.131584680469));
#6142=CARTESIAN_POINT('',(18.,-6.98032765527565,-1.19737702070341));
#6143=CARTESIAN_POINT('',(18.,-6.98653047121598,-1.16656901688809));
#6144=CARTESIAN_POINT('',(18.,-6.99273328715631,-1.13576101307276));
#6145=CARTESIAN_POINT('',(18.,-6.99893610309663,-1.10495300925744));
#6146=CARTESIAN_POINT('',(18.,-0.866337025180283,-16.0910027363476));
#6147=CARTESIAN_POINT('',(18.,-0.930563694844545,-15.863291470195));
#6148=CARTESIAN_POINT('',(18.,-0.994790364508808,-15.6355802040424));
#6149=CARTESIAN_POINT('',(18.,-1.05901703417307,-15.4078689378897));
#6150=CARTESIAN_POINT('',(18.,-2.42932425214283,-10.5495383837275));
#6151=CARTESIAN_POINT('',(18.,-3.79963147011259,-5.69120782956528));
#6152=CARTESIAN_POINT('',(18.,-5.16993868808234,-0.832877275402967));
#6153=CARTESIAN_POINT('',(18.,-5.17849455619945,-0.80254302995375));
#6154=CARTESIAN_POINT('',(18.,-5.18705042431656,-0.772208784504533));
#6155=CARTESIAN_POINT('',(18.,-5.19560629243367,-0.741874539055316));
#6156=CARTESIAN_POINT('',(16.15328175488,-6.98032765527565,-1.19737702070341));
#6157=CARTESIAN_POINT('',(16.3089953573426,-6.9790505797171,-1.2037128926636));
#6158=CARTESIAN_POINT('',(16.4642690023945,-6.95448688673706,-1.22307854148595));
#6159=CARTESIAN_POINT('',(16.6108982902377,-6.90890629672514,-1.25423339769628));
#6160=CARTESIAN_POINT('',(16.6108982902377,-6.90890629672515,-1.25423339769629));
#6161=CARTESIAN_POINT('',(16.6108982902377,-6.90890629672515,-1.25423339769629));
#6162=CARTESIAN_POINT('',(16.9289240992988,-6.81004607426045,-1.32180549395489));
#6163=CARTESIAN_POINT('',(17.391071393789,-6.42778653559912,-1.69519681445019));
#6164=CARTESIAN_POINT('',(17.8857200253518,-5.54646963519126,-2.56310793234333));
#6165=CARTESIAN_POINT('',(18.,-4.83358951255999,-3.27604494259042));
#6166=CARTESIAN_POINT('',(18.,-4.34896985127132,-3.74356615712942));
#6167=CARTESIAN_POINT('',(16.15328175488,-6.98032765527566,-1.19737702070342));
#6168=CARTESIAN_POINT('',(16.15328175488,-7.80728393375382,2.90993043893314));
#6169=CARTESIAN_POINT('',(16.15328175488,-5.21448751890198,-0.381154185568638));
#6170=CARTESIAN_POINT('',(16.3144590018433,-6.97900774343493,-1.2039327285329));
#6171=CARTESIAN_POINT('',(17.0517287381903,-7.84622037908996,2.95935319185358));
#6172=CARTESIAN_POINT('',(16.2269047565394,-5.21448748377822,-0.381154230151875));
#6173=CARTESIAN_POINT('',(16.4721869809075,-6.95202555686229,-1.22476080712348));
#6174=CARTESIAN_POINT('',(17.8582553926428,-7.56056476703106,2.59676522028232));
#6175=CARTESIAN_POINT('',(16.2982799707252,-5.20056413219154,-0.398827398807131));
#6176=CARTESIAN_POINT('',(16.6108982902377,-6.90890629672515,-1.2542333976963));
#6177=CARTESIAN_POINT('',(18.3027629366269,-7.20833321790906,2.14967117582258));
#6178=CARTESIAN_POINT('',(16.3609668281486,-5.17760817575772,-0.427965820484715));
#6179=CARTESIAN_POINT('',(16.3609668281486,-5.96312065685575,-1.04681163491607));
#6180=CARTESIAN_POINT('',(16.6108982902377,-6.90890629672515,-1.25423339769629));
#6181=CARTESIAN_POINT('',(18.3027629366268,-7.20833321790913,2.14967117582268));
#6182=CARTESIAN_POINT('',(16.3609668281486,-5.17760817575773,-0.427965820484707));
#6183=CARTESIAN_POINT('',(16.6777346993239,-6.88812969897327,-1.26843483112298));
#6184=CARTESIAN_POINT('',(18.6373814243171,-6.96089335994858,1.68606050580453));
#6185=CARTESIAN_POINT('',(16.4367176808489,-5.16869968059223,-0.439273538784017));
#6186=CARTESIAN_POINT('',(16.7912303471842,-6.84208432144852,-1.30569650551833));
#6187=CARTESIAN_POINT('',(18.7669227850227,-6.59869867888926,0.910180392716527));
#6188=CARTESIAN_POINT('',(16.5632148488326,-5.1510323225844,-0.476739146701938));
#6189=CARTESIAN_POINT('',(16.9309601611264,-6.76558082514498,-1.37389386271591));
#6190=CARTESIAN_POINT('',(18.6717307591128,-6.29627540948209,0.221276474261454));
#6191=CARTESIAN_POINT('',(16.7171022355357,-5.12356498554165,-0.553486231900111));
#6192=CARTESIAN_POINT('',(17.045053867505,-6.68801234851551,-1.44598935782144));
#6193=CARTESIAN_POINT('',(18.5489619884437,-6.11553474555117,-0.199264287720137));
#6194=CARTESIAN_POINT('',(16.8422135943577,-5.09645206126931,-0.638555182826982));
#6195=CARTESIAN_POINT('',(17.1765473565412,-6.58257411484463,-1.54604932580499));
#6196=CARTESIAN_POINT('',(18.4149112650674,-5.95038642411242,-0.581278661010034));
#6197=CARTESIAN_POINT('',(16.9865580644571,-5.05998263089323,-0.75969812317644));
#6198=CARTESIAN_POINT('',(17.3117804012695,-6.44800482146204,-1.67616042960887));
#6199=CARTESIAN_POINT('',(18.2924021952092,-5.801389666517,-0.916468777593034));
#6200=CARTESIAN_POINT('',(17.1361008263671,-5.01375599142034,-0.921306749896937));
#6201=CARTESIAN_POINT('',(17.4418175295901,-6.28722619766365,-1.83333721011791));
#6202=CARTESIAN_POINT('',(18.1995162969945,-5.65756391744898,-1.22541685526358));
#6203=CARTESIAN_POINT('',(17.2825043342408,-4.95863766209165,-1.12047064470763));
#6204=CARTESIAN_POINT('',(17.5495925743823,-6.12633519885222,-1.99162768633676));
#6205=CARTESIAN_POINT('',(18.1384836281121,-5.53114858813971,-1.48691432350455));
#6206=CARTESIAN_POINT('',(17.4066428692468,-4.90362282863028,-1.32401968540243));
#6207=CARTESIAN_POINT('',(17.6703224907905,-5.91179008275687,-2.20353722806581));
#6208=CARTESIAN_POINT('',(18.0846273642806,-5.37785857873412,-1.79486365822765));
#6209=CARTESIAN_POINT('',(17.5494767740629,-4.83059514182732,-1.5999041727937));
#6210=CARTESIAN_POINT('',(17.7867842916946,-5.64345250830224,-2.46955402200628));
#6211=CARTESIAN_POINT('',(18.0458787247901,-5.19495882931123,-2.15076283861032));
#6212=CARTESIAN_POINT('',(17.694103010799,-4.7402407511035,-1.95202732779358));
#6213=CARTESIAN_POINT('',(17.886481118811,-5.32032158189964,-2.79022849468443));
#6214=CARTESIAN_POINT('',(18.0213648583985,-4.97881748919945,-2.56130520016198));
#6215=CARTESIAN_POINT('',(17.8270309490436,-4.63434645391971,-2.38566337292851));
#6216=CARTESIAN_POINT('',(17.9531783051592,-4.99756398594012,-3.10978588659224));
#6217=CARTESIAN_POINT('',(18.008344913457,-4.76676262300078,-2.95893755672371));
#6218=CARTESIAN_POINT('',(17.92356532804,-4.53286550207497,-2.82777671789984));
#6219=CARTESIAN_POINT('',(17.9916020532029,-4.67412071176552,-3.42810977898503));
#6220=CARTESIAN_POINT('',(18.001605943012,-4.55684067302109,-3.35132883896225));
#6221=CARTESIAN_POINT('',(17.9847212292095,-4.43697342051825,-3.27968697394362));
#6222=CARTESIAN_POINT('',(18.,-4.4583241460138,-3.63801453929581));
#6223=CARTESIAN_POINT('',(17.9999999929432,-4.41794743432767,-3.61226552166125));
#6224=CARTESIAN_POINT('',(18.,-4.37757070533571,-3.58651653695811));
#6225=CARTESIAN_POINT('',(18.,-4.34896985127132,-3.74356615712942));
#6226=CARTESIAN_POINT('',(18.,-4.34896985127128,-3.74356615712941));
#6227=CARTESIAN_POINT('',(18.,-4.34896985127125,-3.7435661571294));
#6228=CARTESIAN_POINT('',(18.,-4.34896985127123,-3.74356615712941));
#6229=CARTESIAN_POINT('',(18.,-4.47032015228966,-3.08247909880685));
#6230=CARTESIAN_POINT('',(17.8107511232233,-4.69508063848877,-2.09886579747515));
#6231=CARTESIAN_POINT('',(17.2267969129079,-5.00800100978573,-0.93463290608951));
#6232=CARTESIAN_POINT('',(16.6911204515137,-5.13878007258733,-0.477258956014482));
#6233=CARTESIAN_POINT('',(16.3609668281486,-5.17760817575773,-0.427965820484703));
#6234=CARTESIAN_POINT('',(16.3566023411491,-5.2129703518811,-0.383079953834351));
#6235=CARTESIAN_POINT('',(16.5710682274327,-3.47531356792073,-2.58871996922289));
#6236=CARTESIAN_POINT('',(16.7855341137164,-1.73765678396036,-4.79435998461145));
#6237=CARTESIAN_POINT('',(17.,-3.46944695195361E-15,-6.99999999999999));
#6238=CARTESIAN_POINT('',(17.0309152716892,0.250483340309306,-7.31794315406476));
#6239=CARTESIAN_POINT('',(17.0618305433784,0.500966680618615,-7.63588630812953));
#6240=CARTESIAN_POINT('',(17.0927458150677,0.751450020927925,-7.9538294621943));
#6241=CARTESIAN_POINT('',(18.,-5.2129703518811,-0.383079953834357));
#6242=CARTESIAN_POINT('',(18.,-3.47531356792073,-2.5887199692229));
#6243=CARTESIAN_POINT('',(18.,-1.73765678396036,-4.79435998461145));
#6244=CARTESIAN_POINT('',(18.,-6.1331736667335E-16,-7.));
#6245=CARTESIAN_POINT('',(18.,0.250483340309309,-7.31794315406477));
#6246=CARTESIAN_POINT('',(18.,0.500966680618618,-7.63588630812954));
#6247=CARTESIAN_POINT('',(18.,0.751450020927927,-7.9538294621943));
#6248=CARTESIAN_POINT('',(18.,-6.50387972431579,-1.40008971646056));
#6249=CARTESIAN_POINT('',(18.,-4.59775730990986,-3.47300841578416));
#6250=CARTESIAN_POINT('',(18.,-2.69163489550394,-5.54592711510776));
#6251=CARTESIAN_POINT('',(18.,-0.785512481098029,-7.61884581443136));
#6252=CARTESIAN_POINT('',(18.,-0.510744809020313,-7.91765718200926));
#6253=CARTESIAN_POINT('',(18.,-0.235977136942597,-8.21646854958716));
#6254=CARTESIAN_POINT('',(18.,0.0387905351351191,-8.51527991716505));
#6255=CARTESIAN_POINT('',(18.,-3.46944695195361E-15,-8.47309499502649));
#6256=CARTESIAN_POINT('',(18.,-0.161872779136317,-8.00243525638354));
#6257=CARTESIAN_POINT('',(17.904859152931,-0.394708136869284,-7.2794905063996));
#6258=CARTESIAN_POINT('',(17.5344945658278,-0.65841816503364,-6.40477645825232));
#6259=CARTESIAN_POINT('',(17.151314209706,-0.774877779811438,-6.01644923567059));
#6260=CARTESIAN_POINT('',(16.9030501120821,-0.78551248109802,-6.00293442474401));
#6261=CARTESIAN_POINT('',(18.,6.,-0.999999999999994));
#6262=CARTESIAN_POINT('',(18.,6.98032765527564,-1.19737702070341));
#6263=CARTESIAN_POINT('',(11.84671824512,6.98032765527564,-1.19737702070341));
#6264=CARTESIAN_POINT('',(16.15328175488,6.98032765527564,-1.19737702070341));
#6265=CARTESIAN_POINT('',(11.84671824512,6.,-0.999999999999994));
#6266=CARTESIAN_POINT('',(11.84671824512,5.21448751890196,-0.381154185568635));
#6267=CARTESIAN_POINT('',(18.,5.21448751890196,-0.381154185568635));
#6268=CARTESIAN_POINT('',(16.15328175488,5.21448751890196,-0.381154185568635));
#6269=CARTESIAN_POINT('',(16.15328175488,6.,-0.999999999999994));
#6270=CARTESIAN_POINT('',(18.,5.21448751890197,-0.381154185568635));
#6271=CARTESIAN_POINT('',(11.84671824512,5.21448751890197,-0.381154185568632));
#6272=CARTESIAN_POINT('',(11.7732325495569,5.21448751890197,-0.381154185568632));
#6273=CARTESIAN_POINT('',(11.7021857736145,5.20073460942018,-0.39861100889592));
#6274=CARTESIAN_POINT('',(11.6390331718513,5.17760817575786,-0.42796582048453));
#6275=CARTESIAN_POINT('',(11.6390331718514,5.17760817575772,-0.427965820484707));
#6276=CARTESIAN_POINT('',(13.1075173901765,17.075638246315,14.6744246343819));
#6277=CARTESIAN_POINT('',(12.6409927276115,13.2957375878074,9.87652655487943));
#6278=CARTESIAN_POINT('',(12.1744680650465,9.51583692929979,5.07862847537697));
#6279=CARTESIAN_POINT('',(11.7079434024815,5.73593627079217,0.280730395874507));
#6280=CARTESIAN_POINT('',(11.6864905721032,5.5621200201621,0.0601022020601284));
#6281=CARTESIAN_POINT('',(11.665037741725,5.38830376953204,-0.160525991754253));
#6282=CARTESIAN_POINT('',(11.6435849113468,5.21448751890197,-0.381154185568632));
#6283=CARTESIAN_POINT('',(11.4290566075645,3.47632501260131,-2.58743612371241));
#6284=CARTESIAN_POINT('',(11.2145283037822,1.73816250630065,-4.79371806185621));
#6285=CARTESIAN_POINT('',(11.,-1.73472347597681E-15,-6.99999999999999));
#6286=CARTESIAN_POINT('',(10.9462305403156,-0.43565374432941,-7.55298338556638));
#6287=CARTESIAN_POINT('',(10.8924610806313,-0.871307488658818,-8.10596677113276));
#6288=CARTESIAN_POINT('',(10.8386916209469,-1.30696123298823,-8.65895015669914));
#6289=CARTESIAN_POINT('',(10.5591277472979,-3.57205835409356,-11.5340799839282));
#6290=CARTESIAN_POINT('',(10.2795638736489,-5.8371554751989,-14.4092098111572));
#6291=CARTESIAN_POINT('',(9.99999999999995,-8.10225259630423,-17.2843396383863));
#6292=CARTESIAN_POINT('',(11.0969498879183,0.785512481098039,-6.00293442474397));
#6293=CARTESIAN_POINT('',(11.,0.785512481098027,-6.00293442474398));
#6294=CARTESIAN_POINT('',(12.,0.785512481098027,-6.00293442474398));
#6295=CARTESIAN_POINT('',(12.,5.21448751890197,-0.381154185568635));
#6296=CARTESIAN_POINT('',(12.,3.57893360649661,-2.45719313055793));
#6297=CARTESIAN_POINT('',(15.,3.57893360649661,-2.45719313055793));
#6298=CARTESIAN_POINT('',(16.,3.57893360649661,-2.45719313055793));
#6299=CARTESIAN_POINT('',(16.,5.21448751890197,-0.381154185568635));
#6300=CARTESIAN_POINT('',(16.,0.785512481098027,-6.00293442474398));
#6301=CARTESIAN_POINT('',(17.,0.785512481098027,-6.00293442474398));
#6302=CARTESIAN_POINT('',(16.9030501120817,0.785512481098039,-6.00293442474397));
#6303=CARTESIAN_POINT('',(14.8924826098235,17.075638246315,14.6744246343819));
#6304=CARTESIAN_POINT('',(15.3590072723885,13.2957375878074,9.87652655487943));
#6305=CARTESIAN_POINT('',(15.8255319349535,9.51583692929979,5.07862847537697));
#6306=CARTESIAN_POINT('',(16.2920565975185,5.73593627079217,0.280730395874507));
#6307=CARTESIAN_POINT('',(16.3135094278968,5.5621200201621,0.0601022020601284));
#6308=CARTESIAN_POINT('',(16.334962258275,5.38830376953204,-0.160525991754253));
#6309=CARTESIAN_POINT('',(16.3564150886532,5.21448751890197,-0.381154185568632));
#6310=CARTESIAN_POINT('',(16.5709433924355,3.47632501260131,-2.58743612371241));
#6311=CARTESIAN_POINT('',(16.7854716962178,1.73816250630065,-4.79371806185621));
#6312=CARTESIAN_POINT('',(17.,-1.73472347597681E-15,-6.99999999999999));
#6313=CARTESIAN_POINT('',(17.0537694596844,-0.43565374432941,-7.55298338556638));
#6314=CARTESIAN_POINT('',(17.1075389193687,-0.871307488658818,-8.10596677113276));
#6315=CARTESIAN_POINT('',(17.1613083790531,-1.30696123298823,-8.65895015669914));
#6316=CARTESIAN_POINT('',(17.4408722527021,-3.57205835409356,-11.5340799839282));
#6317=CARTESIAN_POINT('',(17.7204361263511,-5.8371554751989,-14.4092098111572));
#6318=CARTESIAN_POINT('',(18.0000000000001,-8.10225259630423,-17.2843396383863));
#6319=CARTESIAN_POINT('',(16.3609668281486,5.17760817575772,-0.427965820484707));
#6320=CARTESIAN_POINT('',(16.15328175488,5.21448751890197,-0.381154185568632));
#6321=CARTESIAN_POINT('',(16.2267674504431,5.21448751890197,-0.381154185568632));
#6322=CARTESIAN_POINT('',(16.2978142263855,5.20073460942018,-0.398611008895919));
#6323=CARTESIAN_POINT('',(16.3609668281487,5.17760817575786,-0.42796582048453));
#6324=CARTESIAN_POINT('',(18.,4.,-16.));
#6325=CARTESIAN_POINT('',(15.4471249521763,-2.32389625520932,-47.4093827436539));
#6326=CARTESIAN_POINT('',(14.6852371289496,-0.355014548573047,-37.6303862824492));
#6327=CARTESIAN_POINT('',(13.9233493057228,1.61386715806323,-27.8513898212446));
#6328=CARTESIAN_POINT('',(13.1614614824961,3.58274886469951,-18.0723933600399));
#6329=CARTESIAN_POINT('',(13.1076409883307,3.72183257646634,-17.3815955733599));
#6330=CARTESIAN_POINT('',(13.0538204941653,3.86091628823317,-16.69079778668));
#6331=CARTESIAN_POINT('',(13.,4.,-16.));
#6332=CARTESIAN_POINT('',(12.6155727483733,4.99344255175854,-11.0657923402345));
#6333=CARTESIAN_POINT('',(12.2311454967467,5.9868851035171,-6.131584680469));
#6334=CARTESIAN_POINT('',(11.84671824512,6.98032765527565,-1.19737702070341));
#6335=CARTESIAN_POINT('',(11.8082755199574,7.0796719104515,-0.703956254726867));
#6336=CARTESIAN_POINT('',(11.7698327947947,7.17901616562735,-0.210535488750316));
#6337=CARTESIAN_POINT('',(11.731390069632,7.2783604208032,0.282885277226239));
#6338=CARTESIAN_POINT('',(11.1542600464214,8.76978830612839,7.69047505957749));
#6339=CARTESIAN_POINT('',(10.5771300232107,10.2612161914536,15.0980648419287));
#6340=CARTESIAN_POINT('',(10.,11.7526440767788,22.50565462428));
#6341=CARTESIAN_POINT('',(12.5528750478237,-2.32389625520932,-47.4093827436539));
#6342=CARTESIAN_POINT('',(13.3147628710504,-0.355014548573047,-37.6303862824492));
#6343=CARTESIAN_POINT('',(14.0766506942772,1.61386715806323,-27.8513898212446));
#6344=CARTESIAN_POINT('',(14.8385385175039,3.58274886469951,-18.0723933600399));
#6345=CARTESIAN_POINT('',(14.8923590116693,3.72183257646634,-17.3815955733599));
#6346=CARTESIAN_POINT('',(14.9461795058347,3.86091628823317,-16.69079778668));
#6347=CARTESIAN_POINT('',(15.,4.,-16.));
#6348=CARTESIAN_POINT('',(15.3844272516267,4.99344255175854,-11.0657923402345));
#6349=CARTESIAN_POINT('',(15.7688545032533,5.9868851035171,-6.131584680469));
#6350=CARTESIAN_POINT('',(16.15328175488,6.98032765527565,-1.19737702070341));
#6351=CARTESIAN_POINT('',(16.1917244800426,7.0796719104515,-0.703956254726867));
#6352=CARTESIAN_POINT('',(16.2301672052053,7.17901616562735,-0.210535488750316));
#6353=CARTESIAN_POINT('',(16.268609930368,7.2783604208032,0.282885277226239));
#6354=CARTESIAN_POINT('',(16.8457399535786,8.76978830612839,7.69047505957749));
#6355=CARTESIAN_POINT('',(17.4228699767893,10.2612161914536,15.0980648419287));
#6356=CARTESIAN_POINT('',(18.,11.7526440767788,22.50565462428));
#6357=CARTESIAN_POINT('',(12.41,1.6,-16.));
#6358=CARTESIAN_POINT('',(15.1,1.6,-16.));
#6359=CARTESIAN_POINT('',(15.1,1.6,-15.5));
#6360=CARTESIAN_POINT('',(12.9,1.6,-16.));
#6361=CARTESIAN_POINT('',(12.9,1.6,-15.5));
#6362=CARTESIAN_POINT('',(14.,1.6,-15.5));
#6363=CARTESIAN_POINT('',(15.6,1.6,-16.));
#6364=CARTESIAN_POINT('',(15.6,1.6,-15.5));
#6365=CARTESIAN_POINT('',(12.41,1.6,-15.5));
#6366=CARTESIAN_POINT('',(12.4,1.6,-15.5));
#6367=CARTESIAN_POINT('',(15.,2.66545000200747,-3.6166948285115));
#6368=CARTESIAN_POINT('',(14.,1.92739572161414,-2.33834731612656));
#6369=CARTESIAN_POINT('',(13.,1.92739572161414,-2.33834731612656));
#6370=CARTESIAN_POINT('',(13.,2.66545000200747,-3.6166948285115));
#6371=CARTESIAN_POINT('',(14.9459453724471,3.86031123729301,-16.6938029397995));
#6372=CARTESIAN_POINT('',(14.9639635816314,3.90687415819534,-16.4625352931997));
#6373=CARTESIAN_POINT('',(14.9819817908157,3.95343707909767,-16.2312676465998));
#6374=CARTESIAN_POINT('',(15.,4.,-16.));
#6375=CARTESIAN_POINT('',(15.3844272516267,4.99344255175854,-11.0657923402345));
#6376=CARTESIAN_POINT('',(15.7688545032533,5.9868851035171,-6.131584680469));
#6377=CARTESIAN_POINT('',(16.15328175488,6.98032765527565,-1.19737702070341));
#6378=CARTESIAN_POINT('',(16.155682026018,6.98653047121597,-1.16656901688809));
#6379=CARTESIAN_POINT('',(16.158082297156,6.9927332871563,-1.13576101307277));
#6380=CARTESIAN_POINT('',(16.1604825682941,6.99893610309663,-1.10495300925745));
#6381=CARTESIAN_POINT('',(18.,3.86031123729301,-16.6938029397995));
#6382=CARTESIAN_POINT('',(18.,3.90687415819534,-16.4625352931997));
#6383=CARTESIAN_POINT('',(18.,3.95343707909767,-16.2312676465998));
#6384=CARTESIAN_POINT('',(18.,4.,-16.));
#6385=CARTESIAN_POINT('',(18.,4.99344255175855,-11.0657923402345));
#6386=CARTESIAN_POINT('',(18.,5.9868851035171,-6.131584680469));
#6387=CARTESIAN_POINT('',(18.,6.98032765527564,-1.19737702070341));
#6388=CARTESIAN_POINT('',(18.,6.98653047121597,-1.16656901688809));
#6389=CARTESIAN_POINT('',(18.,6.9927332871563,-1.13576101307277));
#6390=CARTESIAN_POINT('',(18.,6.99893610309663,-1.10495300925744));
#6391=CARTESIAN_POINT('',(18.,0.866337025180278,-16.0910027363476));
#6392=CARTESIAN_POINT('',(18.,0.93056369484454,-15.863291470195));
#6393=CARTESIAN_POINT('',(18.,0.994790364508803,-15.6355802040424));
#6394=CARTESIAN_POINT('',(18.,1.05901703417307,-15.4078689378897));
#6395=CARTESIAN_POINT('',(18.,2.42932425214282,-10.5495383837275));
#6396=CARTESIAN_POINT('',(18.,3.79963147011258,-5.69120782956528));
#6397=CARTESIAN_POINT('',(18.,5.16993868808234,-0.832877275402967));
#6398=CARTESIAN_POINT('',(18.,5.17849455619945,-0.802543029953751));
#6399=CARTESIAN_POINT('',(18.,5.18705042431655,-0.772208784504534));
#6400=CARTESIAN_POINT('',(18.,5.19560629243366,-0.741874539055318));
#6401=CARTESIAN_POINT('',(16.15328175488,6.98032765527564,-1.19737702070341));
#6402=CARTESIAN_POINT('',(16.3089953573427,6.97905057971881,-1.20371289266142));
#6403=CARTESIAN_POINT('',(16.4642690023945,6.95448688673706,-1.22307854148595));
#6404=CARTESIAN_POINT('',(16.6108982902377,6.90890629672514,-1.25423339769628));
#6405=CARTESIAN_POINT('',(16.6108982902377,6.90890629672515,-1.25423339769629));
#6406=CARTESIAN_POINT('',(16.6108982902377,6.90890629672515,-1.25423339769629));
#6407=CARTESIAN_POINT('',(16.9289240992988,6.81004607426044,-1.32180549395489));
#6408=CARTESIAN_POINT('',(17.3910713937891,6.42778653559912,-1.69519681445019));
#6409=CARTESIAN_POINT('',(17.8857200253518,5.54646963519125,-2.56310793234333));
#6410=CARTESIAN_POINT('',(18.,4.83358951256001,-3.27604494259044));
#6411=CARTESIAN_POINT('',(18.,4.34896985127131,-3.74356615712942));
#6412=CARTESIAN_POINT('',(16.15328175488,5.21448751890197,-0.381154185568638));
#6413=CARTESIAN_POINT('',(16.15328175488,7.80728393375382,2.90993043893315));
#6414=CARTESIAN_POINT('',(16.15328175488,6.98032765527565,-1.19737702070342));
#6415=CARTESIAN_POINT('',(16.2269047565398,5.2144874837783,-0.381154230151769));
#6416=CARTESIAN_POINT('',(17.0517287381987,7.84622037909017,2.95935319185327));
#6417=CARTESIAN_POINT('',(16.3144590018446,6.97900774343493,-1.20393272853287));
#6418=CARTESIAN_POINT('',(16.2982799707257,5.20056413219145,-0.398827398807241));
#6419=CARTESIAN_POINT('',(17.8582553926521,7.56056476702413,2.59676522027611));
#6420=CARTESIAN_POINT('',(16.4721869809095,6.95202555686181,-1.22476080712327));
#6421=CARTESIAN_POINT('',(16.3609668281486,5.17760817575772,-0.427965820484712));
#6422=CARTESIAN_POINT('',(18.3027629366268,7.20833321790913,2.14967117582266));
#6423=CARTESIAN_POINT('',(16.6108982902377,6.90890629672515,-1.25423339769629));
#6424=CARTESIAN_POINT('',(16.3609668281486,5.96312065685575,-1.04681163491607));
#6425=CARTESIAN_POINT('',(16.3609668281486,5.17760817575772,-0.427965820484707));
#6426=CARTESIAN_POINT('',(18.3027629366268,7.20833321790913,2.14967117582269));
#6427=CARTESIAN_POINT('',(16.6108982902377,6.90890629672515,-1.25423339769629));
#6428=CARTESIAN_POINT('',(16.4367176808488,5.16869968059227,-0.439273538783961));
#6429=CARTESIAN_POINT('',(18.6373814243166,6.96089335994948,1.68606050580572));
#6430=CARTESIAN_POINT('',(16.6777346993236,6.88812969897336,-1.26843483112293));
#6431=CARTESIAN_POINT('',(16.5632148488326,5.15103232258437,-0.476739146701956));
#6432=CARTESIAN_POINT('',(18.7669227850229,6.59869867888891,0.910180392716113));
#6433=CARTESIAN_POINT('',(16.7912303471843,6.84208432144847,-1.30569650551834));
#6434=CARTESIAN_POINT('',(16.7171022355356,5.12356498554164,-0.553486231900104));
#6435=CARTESIAN_POINT('',(18.6717307591128,6.29627540948217,0.221276474261626));
#6436=CARTESIAN_POINT('',(16.9309601611263,6.76558082514499,-1.3738938627159));
#6437=CARTESIAN_POINT('',(16.8422135943577,5.09645206126931,-0.638555182826989));
#6438=CARTESIAN_POINT('',(18.5489619884437,6.11553474555117,-0.199264287720213));
#6439=CARTESIAN_POINT('',(17.045053867505,6.6880123485155,-1.44598935782144));
#6440=CARTESIAN_POINT('',(16.9865580644571,5.05998263089322,-0.759698123176434));
#6441=CARTESIAN_POINT('',(18.4149112650674,5.95038642411242,-0.581278661010002));
#6442=CARTESIAN_POINT('',(17.1765473565412,6.58257411484463,-1.54604932580499));
#6443=CARTESIAN_POINT('',(17.1361008263671,5.01375599142034,-0.921306749896941));
#6444=CARTESIAN_POINT('',(18.2924021952092,5.801389666517,-0.916468777593043));
#6445=CARTESIAN_POINT('',(17.3117804012695,6.44800482146204,-1.67616042960886));
#6446=CARTESIAN_POINT('',(17.2825043342408,4.95863766209164,-1.12047064470762));
#6447=CARTESIAN_POINT('',(18.1995162969945,5.65756391744896,-1.22541685526357));
#6448=CARTESIAN_POINT('',(17.4418175295901,6.28722619766364,-1.83333721011791));
#6449=CARTESIAN_POINT('',(17.4066428692467,4.90362282863026,-1.32401968540243));
#6450=CARTESIAN_POINT('',(18.1384836281121,5.5311485881397,-1.48691432350454));
#6451=CARTESIAN_POINT('',(17.5495925743823,6.12633519885221,-1.99162768633676));
#6452=CARTESIAN_POINT('',(17.5494767740629,4.83059514182732,-1.5999041727937));
#6453=CARTESIAN_POINT('',(18.0846273642806,5.37785857873412,-1.79486365822765));
#6454=CARTESIAN_POINT('',(17.6703224907905,5.91179008275686,-2.20353722806582));
#6455=CARTESIAN_POINT('',(17.694103010799,4.74024075110352,-1.95202732779361));
#6456=CARTESIAN_POINT('',(18.0458787247901,5.19495882931125,-2.15076283861033));
#6457=CARTESIAN_POINT('',(17.7867842916946,5.64345250830225,-2.46955402200628));
#6458=CARTESIAN_POINT('',(17.8270309490435,4.63434645391963,-2.38566337292846));
#6459=CARTESIAN_POINT('',(18.0213648583985,4.97881748919938,-2.56130520016195));
#6460=CARTESIAN_POINT('',(17.886481118811,5.3203215818996,-2.79022849468442));
#6461=CARTESIAN_POINT('',(17.92356532804,4.53286550207514,-2.8277767179));
#6462=CARTESIAN_POINT('',(18.0083449134568,4.76676262300096,-2.9589375567238));
#6463=CARTESIAN_POINT('',(17.9531783051592,4.99756398594024,-3.10978588659226));
#6464=CARTESIAN_POINT('',(17.9847212292095,4.43697342051759,-3.27968697394305));
#6465=CARTESIAN_POINT('',(18.0016059430126,4.55684067302044,-3.35132883896192));
#6466=CARTESIAN_POINT('',(17.9916020532029,4.67412071176506,-3.42810977898494));
#6467=CARTESIAN_POINT('',(18.,4.37757070533713,-3.58651653695933));
#6468=CARTESIAN_POINT('',(17.9999999929417,4.41794743432903,-3.61226552166197));
#6469=CARTESIAN_POINT('',(18.,4.45832414601474,-3.63801453929599));
#6470=CARTESIAN_POINT('',(18.,4.34896985127124,-3.7435661571294));
#6471=CARTESIAN_POINT('',(18.,4.34896985127128,-3.74356615712941));
#6472=CARTESIAN_POINT('',(18.,4.34896985127132,-3.74356615712942));
#6473=CARTESIAN_POINT('',(18.,4.34896985127123,-3.74356615712941));
#6474=CARTESIAN_POINT('',(18.,4.47032015228962,-3.08247909880684));
#6475=CARTESIAN_POINT('',(17.8107511232232,4.69508063848874,-2.09886579747541));
#6476=CARTESIAN_POINT('',(17.226796912908,5.0080010097858,-0.934632906089068));
#6477=CARTESIAN_POINT('',(16.6911204515135,5.13878007258711,-0.477258956015463));
#6478=CARTESIAN_POINT('',(16.3609668281486,5.17760817575772,-0.427965820484703));
#6479=CARTESIAN_POINT('',(16.3566023411491,5.2129703518811,-0.383079953834351));
#6480=CARTESIAN_POINT('',(16.5710682274327,3.47531356792072,-2.58871996922289));
#6481=CARTESIAN_POINT('',(16.7855341137164,1.73765678396036,-4.79435998461145));
#6482=CARTESIAN_POINT('',(17.,-1.73472347597681E-15,-6.99999999999999));
#6483=CARTESIAN_POINT('',(17.0309152716892,-0.250483340309307,-7.31794315406476));
#6484=CARTESIAN_POINT('',(17.0618305433784,-0.500966680618611,-7.63588630812952));
#6485=CARTESIAN_POINT('',(17.0927458150677,-0.751450020927916,-7.95382946219428));
#6486=CARTESIAN_POINT('',(18.,5.2129703518811,-0.383079953834357));
#6487=CARTESIAN_POINT('',(18.,3.47531356792072,-2.5887199692229));
#6488=CARTESIAN_POINT('',(18.,1.73765678396036,-4.79435998461145));
#6489=CARTESIAN_POINT('',(18.,-4.29322156671345E-15,-7.));
#6490=CARTESIAN_POINT('',(18.,-0.250483340309309,-7.31794315406476));
#6491=CARTESIAN_POINT('',(18.,-0.500966680618614,-7.63588630812952));
#6492=CARTESIAN_POINT('',(18.,-0.751450020927918,-7.95382946219429));
#6493=CARTESIAN_POINT('',(18.,6.50387972431578,-1.40008971646056));
#6494=CARTESIAN_POINT('',(18.,4.59775730990986,-3.47300841578416));
#6495=CARTESIAN_POINT('',(18.,2.69163489550394,-5.54592711510776));
#6496=CARTESIAN_POINT('',(18.,0.785512481098024,-7.61884581443136));
#6497=CARTESIAN_POINT('',(18.,0.510744809020313,-7.91765718200925));
#6498=CARTESIAN_POINT('',(18.,0.235977136942602,-8.21646854958714));
#6499=CARTESIAN_POINT('',(18.,-0.0387905351351089,-8.51527991716504));
#6500=CARTESIAN_POINT('',(16.9030501120821,0.785512481098015,-6.00293442474401));
#6501=CARTESIAN_POINT('',(17.15386738458,0.774768411384973,-6.0165882234421));
#6502=CARTESIAN_POINT('',(17.5333174202338,0.658548053246886,-6.40447789876383));
#6503=CARTESIAN_POINT('',(17.9055415815263,0.394319959174044,-7.28056414559171));
#6504=CARTESIAN_POINT('',(18.,0.163537496753838,-7.99759494079081));
#6505=CARTESIAN_POINT('',(18.,-4.33680868994202E-15,-8.47309499502649));
#6506=CARTESIAN_POINT('',(18.,6.9481231749005E-12,-8.47309499503401));
#6507=CARTESIAN_POINT('',(18.,-3.00188476508226E-15,-8.47309499503401));
#6508=CARTESIAN_POINT('',(18.,-6.95412694443067E-12,-8.47309499503401));
#6509=CARTESIAN_POINT('',(18.0000000000009,-0.0883878514064681,-8.21619131893623));
#6510=CARTESIAN_POINT('',(18.0000000001527,4.76332380613274E-12,-8.21619130116615));
#6511=CARTESIAN_POINT('',(18.0000000000009,0.0883878514159948,-8.21619131893154));
#6512=CARTESIAN_POINT('',(17.9615103285803,-0.262312300710769,-7.69316039955774));
#6513=CARTESIAN_POINT('',(17.9081276295408,-2.28272383765767E-12,-7.67604783886953));
#6514=CARTESIAN_POINT('',(17.9615103285803,0.262312300706323,-7.69316039955996));
#6515=CARTESIAN_POINT('',(17.773823520586,-0.501701902412761,-6.92723525503278));
#6516=CARTESIAN_POINT('',(17.5163773427593,7.87737088694575E-13,-6.99619298360193));
#6517=CARTESIAN_POINT('',(17.7738235205859,0.501701902414094,-6.92723525503201));
#6518=CARTESIAN_POINT('',(17.4364891300597,-0.701093426228578,-6.25998969366743));
#6519=CARTESIAN_POINT('',(16.8985063920551,-7.36871213530107E-13,-6.70652311594549));
#6520=CARTESIAN_POINT('',(17.43648913006,0.70109342622769,-6.25998969366829));
#6521=CARTESIAN_POINT('',(17.0823629440265,-0.777826828193765,-6.01268996665911));
#6522=CARTESIAN_POINT('',(16.8216691264129,1.23828780304786E-12,-6.9749219166739));
#6523=CARTESIAN_POINT('',(17.082362944026,0.777826828194925,-6.01268996665763));
#6524=CARTESIAN_POINT('',(16.9030501120817,-0.785512481098033,-6.00293442474398));
#6525=CARTESIAN_POINT('',(16.9030501120817,-2.60208521396521E-15,-7.));
#6526=CARTESIAN_POINT('',(16.9030501120817,0.785512481098028,-6.00293442474398));
#6527=CARTESIAN_POINT('',(16.9030501120817,-1.73472347597681E-15,-5.38408861031261));
#6528=CARTESIAN_POINT('',(18.,-3.46944695195361E-15,-5.38408861031262));
#6529=CARTESIAN_POINT('',(16.,-3.46944695195361E-15,-5.38408861031262));
#6530=CARTESIAN_POINT('',(18.,-2.79342112539858,-1.83834731612656));
#6531=CARTESIAN_POINT('',(13.,-2.79342112539858,-1.83834731612656));
#6532=CARTESIAN_POINT('',(13.,-2.17457531096722,-2.62385979722459));
#6533=CARTESIAN_POINT('',(12.,-2.79342112539858,-1.83834731612656));
#6534=CARTESIAN_POINT('',(16.,-2.79342112539858,-1.83834731612656));
#6535=CARTESIAN_POINT('',(16.,-4.42897503780394,0.237691628862727));
#6536=CARTESIAN_POINT('',(16.,-4.33680868994202E-15,-5.38408861031262));
#6537=CARTESIAN_POINT('',(16.,-3.46944695195361E-15,-5.38408861031262));
#6538=CARTESIAN_POINT('',(16.,-3.46944695195361E-15,-5.38408861031262));
#6539=CARTESIAN_POINT('',(16.,4.42897503780394,0.237691628862727));
#6540=CARTESIAN_POINT('',(16.,2.79342112539858,-1.83834731612656));
#6541=CARTESIAN_POINT('',(18.,2.79342112539858,-1.83834731612656));
#6542=CARTESIAN_POINT('',(12.,2.79342112539858,-1.83834731612656));
#6543=CARTESIAN_POINT('',(13.,2.17457531096721,-2.62385979722459));
#6544=CARTESIAN_POINT('',(13.,2.79342112539858,-1.83834731612656));
#6545=CARTESIAN_POINT('',(10.,-6.,-0.999999999999994));
#6546=CARTESIAN_POINT('',(9.99999999999993,7.66386348756988,-46.334245449194));
#6547=CARTESIAN_POINT('',(9.99999999999994,4.94808207760664,-36.7056281366481));
#6548=CARTESIAN_POINT('',(9.99999999999996,2.2323006676434,-27.0770108241022));
#6549=CARTESIAN_POINT('',(9.99999999999997,-0.483480742319833,-17.4483935115562));
#6550=CARTESIAN_POINT('',(9.99999999999997,-0.675326172937579,-16.7682186536674));
#6551=CARTESIAN_POINT('',(9.99999999999997,-0.867171603555324,-16.0880437957786));
#6552=CARTESIAN_POINT('',(9.99999999999997,-1.05901703417307,-15.4078689378897));
#6553=CARTESIAN_POINT('',(9.99999999999997,-2.42932425214283,-10.5495383837275));
#6554=CARTESIAN_POINT('',(9.99999999999996,-3.79963147011259,-5.69120782956528));
#6555=CARTESIAN_POINT('',(9.99999999999997,-5.16993868808234,-0.832877275402967));
#6556=CARTESIAN_POINT('',(9.99999999999997,-5.30696940987932,-0.347044219986745));
#6557=CARTESIAN_POINT('',(9.99999999999997,-5.44400013167629,0.138788835429476));
#6558=CARTESIAN_POINT('',(9.99999999999997,-5.58103085347326,0.624621890845705));
#6559=CARTESIAN_POINT('',(9.99999999999998,-7.63823526124177,7.91829946865713));
#6560=CARTESIAN_POINT('',(9.99999999999999,-9.69543966901028,15.2119770464686));
#6561=CARTESIAN_POINT('',(10.,-11.7526440767788,22.50565462428));
#6562=CARTESIAN_POINT('',(9.99999999999996,-4.34896985127132,-3.74356615712942));
#6563=CARTESIAN_POINT('',(9.99999999999989,-19.5166319415279,12.7513505041984));
#6564=CARTESIAN_POINT('',(9.99999999999991,-15.3702703378354,8.24215925945331));
#6565=CARTESIAN_POINT('',(9.99999999999994,-11.2239087341429,3.73296801470823));
#6566=CARTESIAN_POINT('',(9.99999999999996,-7.07754713045041,-0.77622323003684));
#6567=CARTESIAN_POINT('',(9.99999999999997,-6.88687941380337,-0.983575429563947));
#6568=CARTESIAN_POINT('',(9.99999999999997,-6.69621169715633,-1.19092762909105));
#6569=CARTESIAN_POINT('',(9.99999999999997,-6.50554398050929,-1.39827982861816));
#6570=CARTESIAN_POINT('',(9.99999999999997,-4.59886681403886,-3.47180182388922));
#6571=CARTESIAN_POINT('',(9.99999999999997,-2.69218964756844,-5.5453238191603));
#6572=CARTESIAN_POINT('',(9.99999999999997,-0.785512481098029,-7.61884581443136));
#6573=CARTESIAN_POINT('',(9.99999999999997,-0.307622155084666,-8.13855419492785));
#6574=CARTESIAN_POINT('',(9.99999999999997,0.170268170928697,-8.65826257542434));
#6575=CARTESIAN_POINT('',(9.99999999999996,0.648158496942059,-9.17797095592082));
#6576=CARTESIAN_POINT('',(9.99999999999996,3.13285653006278,-11.880093850076));
#6577=CARTESIAN_POINT('',(9.99999999999995,5.6175545631835,-14.5822167442311));
#6578=CARTESIAN_POINT('',(9.99999999999995,8.10225259630423,-17.2843396383863));
#6579=CARTESIAN_POINT('',(10.,-2.60208521396521E-15,-8.4730949950265));
#6580=CARTESIAN_POINT('',(9.99999999999989,19.5166319415279,12.7513505041984));
#6581=CARTESIAN_POINT('',(9.99999999999991,15.3702703378354,8.24215925945331));
#6582=CARTESIAN_POINT('',(9.99999999999994,11.2239087341429,3.73296801470823));
#6583=CARTESIAN_POINT('',(9.99999999999996,7.07754713045041,-0.77622323003684));
#6584=CARTESIAN_POINT('',(9.99999999999997,6.88687941380337,-0.983575429563947));
#6585=CARTESIAN_POINT('',(9.99999999999997,6.69621169715633,-1.19092762909105));
#6586=CARTESIAN_POINT('',(9.99999999999997,6.50554398050928,-1.39827982861816));
#6587=CARTESIAN_POINT('',(9.99999999999997,4.59886681403886,-3.47180182388922));
#6588=CARTESIAN_POINT('',(9.99999999999997,2.69218964756844,-5.5453238191603));
#6589=CARTESIAN_POINT('',(9.99999999999997,0.785512481098024,-7.61884581443136));
#6590=CARTESIAN_POINT('',(9.99999999999997,0.307622155084661,-8.13855419492785));
#6591=CARTESIAN_POINT('',(9.99999999999997,-0.170268170928702,-8.65826257542434));
#6592=CARTESIAN_POINT('',(9.99999999999996,-0.648158496942064,-9.17797095592082));
#6593=CARTESIAN_POINT('',(9.99999999999996,-3.13285653006279,-11.880093850076));
#6594=CARTESIAN_POINT('',(9.99999999999995,-5.61755456318351,-14.5822167442311));
#6595=CARTESIAN_POINT('',(9.99999999999995,-8.10225259630423,-17.2843396383863));
#6596=CARTESIAN_POINT('',(9.99999999999996,4.34896985127131,-3.74356615712942));
#6597=CARTESIAN_POINT('',(9.99999999999993,-7.66386348756988,-46.334245449194));
#6598=CARTESIAN_POINT('',(9.99999999999994,-4.94808207760664,-36.7056281366481));
#6599=CARTESIAN_POINT('',(9.99999999999996,-2.23230066764341,-27.0770108241022));
#6600=CARTESIAN_POINT('',(9.99999999999997,0.483480742319828,-17.4483935115562));
#6601=CARTESIAN_POINT('',(9.99999999999997,0.675326172937573,-16.7682186536674));
#6602=CARTESIAN_POINT('',(9.99999999999997,0.867171603555319,-16.0880437957786));
#6603=CARTESIAN_POINT('',(9.99999999999997,1.05901703417307,-15.4078689378897));
#6604=CARTESIAN_POINT('',(9.99999999999997,2.42932425214282,-10.5495383837275));
#6605=CARTESIAN_POINT('',(9.99999999999996,3.79963147011258,-5.69120782956528));
#6606=CARTESIAN_POINT('',(9.99999999999997,5.16993868808234,-0.832877275402967));
#6607=CARTESIAN_POINT('',(9.99999999999997,5.30696940987931,-0.347044219986745));
#6608=CARTESIAN_POINT('',(9.99999999999997,5.44400013167628,0.138788835429476));
#6609=CARTESIAN_POINT('',(9.99999999999997,5.58103085347326,0.624621890845705));
#6610=CARTESIAN_POINT('',(9.99999999999998,7.63823526124176,7.91829946865713));
#6611=CARTESIAN_POINT('',(9.99999999999999,9.69543966901027,15.2119770464686));
#6612=CARTESIAN_POINT('',(10.,11.7526440767788,22.50565462428));
#6613=CARTESIAN_POINT('',(12.4,-1.59,-16.));
#6614=CARTESIAN_POINT('',(12.4,-1.1,-16.));
#6615=CARTESIAN_POINT('',(12.4,-1.1,-15.5));
#6616=CARTESIAN_POINT('',(12.4,-1.1,-15.5));
#6617=CARTESIAN_POINT('',(12.4,1.1,-15.5));
#6618=CARTESIAN_POINT('',(12.4,1.1,-16.));
#6619=CARTESIAN_POINT('',(12.4,-1.6,-16.));
#6620=CARTESIAN_POINT('',(12.4,-1.6,-15.5));
#6621=CARTESIAN_POINT('',(12.4,-1.59,-15.5));
#6622=CARTESIAN_POINT('',(12.4,1.6,-15.5));
#6623=CARTESIAN_POINT('',(13.,-8.67361737988404E-16,-0.999999999999997));
#6624=CARTESIAN_POINT('',(13.,-2.13115418556864,-2.67897503780394));
#6625=CARTESIAN_POINT('',(13.,-4.33680868994202E-15,-5.38408861031262));
#6626=CARTESIAN_POINT('',(13.,2.13115418556864,-2.67897503780394));
#6627=CARTESIAN_POINT('',(13.0540546275529,-3.86031123729301,-16.6938029397995));
#6628=CARTESIAN_POINT('',(13.0360364183686,-3.90687415819534,-16.4625352931997));
#6629=CARTESIAN_POINT('',(13.0180182091843,-3.95343707909767,-16.2312676465998));
#6630=CARTESIAN_POINT('',(13.,-4.,-16.));
#6631=CARTESIAN_POINT('',(12.6155727483733,-4.99344255175855,-11.0657923402345));
#6632=CARTESIAN_POINT('',(12.2311454967467,-5.9868851035171,-6.131584680469));
#6633=CARTESIAN_POINT('',(11.84671824512,-6.98032765527565,-1.19737702070341));
#6634=CARTESIAN_POINT('',(11.844317973982,-6.98653047121598,-1.16656901688809));
#6635=CARTESIAN_POINT('',(11.841917702844,-6.99273328715631,-1.13576101307277));
#6636=CARTESIAN_POINT('',(11.8395174317059,-6.99893610309663,-1.10495300925744));
#6637=CARTESIAN_POINT('',(9.99999999999997,-3.86031123729301,-16.6938029397995));
#6638=CARTESIAN_POINT('',(9.99999999999997,-3.90687415819534,-16.4625352931997));
#6639=CARTESIAN_POINT('',(9.99999999999997,-3.95343707909767,-16.2312676465998));
#6640=CARTESIAN_POINT('',(9.99999999999997,-4.,-16.));
#6641=CARTESIAN_POINT('',(9.99999999999997,-4.99344255175855,-11.0657923402345));
#6642=CARTESIAN_POINT('',(9.99999999999996,-5.9868851035171,-6.131584680469));
#6643=CARTESIAN_POINT('',(9.99999999999997,-6.98032765527565,-1.19737702070341));
#6644=CARTESIAN_POINT('',(9.99999999999997,-6.98653047121598,-1.16656901688809));
#6645=CARTESIAN_POINT('',(9.99999999999997,-6.99273328715631,-1.13576101307276));
#6646=CARTESIAN_POINT('',(9.99999999999997,-6.99893610309663,-1.10495300925744));
#6647=CARTESIAN_POINT('',(9.99999999999997,-0.866337025180283,-16.0910027363476));
#6648=CARTESIAN_POINT('',(9.99999999999997,-0.930563694844545,-15.863291470195));
#6649=CARTESIAN_POINT('',(9.99999999999997,-0.994790364508808,-15.6355802040424));
#6650=CARTESIAN_POINT('',(9.99999999999997,-1.05901703417307,-15.4078689378897));
#6651=CARTESIAN_POINT('',(9.99999999999997,-2.42932425214283,-10.5495383837275));
#6652=CARTESIAN_POINT('',(9.99999999999996,-3.79963147011259,-5.69120782956528));
#6653=CARTESIAN_POINT('',(9.99999999999997,-5.16993868808234,-0.832877275402967));
#6654=CARTESIAN_POINT('',(9.99999999999997,-5.17849455619945,-0.80254302995375));
#6655=CARTESIAN_POINT('',(9.99999999999997,-5.18705042431656,-0.772208784504533));
#6656=CARTESIAN_POINT('',(9.99999999999997,-5.19560629243367,-0.741874539055316));
#6657=CARTESIAN_POINT('',(11.84671824512,-6.98032765527565,-1.19737702070341));
#6658=CARTESIAN_POINT('',(11.6910046426574,-6.979050579717,-1.20371289266374));
#6659=CARTESIAN_POINT('',(11.5357309976055,-6.95448688673706,-1.22307854148595));
#6660=CARTESIAN_POINT('',(11.3891017097623,-6.90890629672514,-1.25423339769628));
#6661=CARTESIAN_POINT('',(11.3891017097623,-6.90890629672515,-1.25423339769629));
#6662=CARTESIAN_POINT('',(11.3891017097623,-6.90890629672515,-1.25423339769629));
#6663=CARTESIAN_POINT('',(11.0710759007012,-6.81004607426045,-1.32180549395489));
#6664=CARTESIAN_POINT('',(10.608928606211,-6.42778653559912,-1.69519681445019));
#6665=CARTESIAN_POINT('',(10.1142799746482,-5.54646963519127,-2.56310793234334));
#6666=CARTESIAN_POINT('',(9.99999999999997,-4.83358951255999,-3.27604494259042));
#6667=CARTESIAN_POINT('',(9.99999999999997,-4.34896985127132,-3.74356615712942));
#6668=CARTESIAN_POINT('',(11.84671824512,-5.21448751890198,-0.381154185568638));
#6669=CARTESIAN_POINT('',(11.84671824512,-7.80728393375382,2.90993043893314));
#6670=CARTESIAN_POINT('',(11.84671824512,-6.98032765527566,-1.19737702070342));
#6671=CARTESIAN_POINT('',(11.7730952434616,-5.21448748377824,-0.381154230151853));
#6672=CARTESIAN_POINT('',(10.9482712618165,-7.84622037908904,2.95935319185138));
#6673=CARTESIAN_POINT('',(11.6855409981583,-6.97900774343492,-1.20393272853298));
#6674=CARTESIAN_POINT('',(11.7017200292761,-5.20056413219167,-0.398827398806973));
#6675=CARTESIAN_POINT('',(10.1417446073602,-7.56056476703264,2.59676522028676));
#6676=CARTESIAN_POINT('',(11.5278130190934,-6.95202555686259,-1.22476080712324));
#6677=CARTESIAN_POINT('',(11.6390331718514,-5.17760817575773,-0.427965820484712));
#6678=CARTESIAN_POINT('',(9.69723706337319,-7.20833321790912,2.14967117582264));
#6679=CARTESIAN_POINT('',(11.3891017097623,-6.90890629672515,-1.25423339769629));
#6680=CARTESIAN_POINT('',(11.6390331718514,-5.96312065685575,-1.04681163491607));
#6681=CARTESIAN_POINT('',(11.6390331718514,-5.17760817575773,-0.427965820484707));
#6682=CARTESIAN_POINT('',(9.6972370633732,-7.20833321790913,2.14967117582267));
#6683=CARTESIAN_POINT('',(11.3891017097623,-6.90890629672515,-1.25423339769629));
#6684=CARTESIAN_POINT('',(11.5632823191486,-5.16869968059246,-0.439273538783728));
#6685=CARTESIAN_POINT('',(9.36261857568064,-6.96089335994943,1.68606050579992));
#6686=CARTESIAN_POINT('',(11.3222653006763,-6.88812969897336,-1.26843483112288));
#6687=CARTESIAN_POINT('',(11.4367851511686,-5.15103232258429,-0.47673914670206));
#6688=CARTESIAN_POINT('',(9.23307721497812,-6.59869867888882,0.910180392718164));
#6689=CARTESIAN_POINT('',(11.2087696528157,-6.84208432144848,-1.30569650551836));
#6690=CARTESIAN_POINT('',(11.282897764464,-5.12356498554167,-0.553486231900073));
#6691=CARTESIAN_POINT('',(9.32826924088702,-6.29627540948218,0.221276474261182));
#6692=CARTESIAN_POINT('',(11.0690398388737,-6.76558082514499,-1.3738938627159));
#6693=CARTESIAN_POINT('',(11.1577864056424,-5.09645206126931,-0.638555182826994));
#6694=CARTESIAN_POINT('',(9.45103801155632,-6.11553474555116,-0.199264287720112));
#6695=CARTESIAN_POINT('',(10.954946132495,-6.68801234851551,-1.44598935782144));
#6696=CARTESIAN_POINT('',(11.0134419355429,-5.05998263089324,-0.759698123176432));
#6697=CARTESIAN_POINT('',(9.58508873493262,-5.95038642411245,-0.581278661010049));
#6698=CARTESIAN_POINT('',(10.8234526434588,-6.58257411484464,-1.54604932580499));
#6699=CARTESIAN_POINT('',(10.8638991736329,-5.01375599142035,-0.921306749896947));
#6700=CARTESIAN_POINT('',(9.70759780479086,-5.80138966651701,-0.916468777593045));
#6701=CARTESIAN_POINT('',(10.6882195987305,-6.44800482146205,-1.67616042960887));
#6702=CARTESIAN_POINT('',(10.7174956657592,-4.95863766209164,-1.12047064470761));
#6703=CARTESIAN_POINT('',(9.80048370300549,-5.65756391744894,-1.22541685526356));
#6704=CARTESIAN_POINT('',(10.5581824704099,-6.28722619766363,-1.83333721011791));
#6705=CARTESIAN_POINT('',(10.5933571307532,-4.9036228286303,-1.32401968540245));
#6706=CARTESIAN_POINT('',(9.86151637188791,-5.53114858813975,-1.48691432350457));
#6707=CARTESIAN_POINT('',(10.4504074256178,-6.12633519885225,-1.99162768633677));
#6708=CARTESIAN_POINT('',(10.4505232259371,-4.83059514182731,-1.59990417279369));
#6709=CARTESIAN_POINT('',(9.91537263571939,-5.37785857873411,-1.79486365822764));
#6710=CARTESIAN_POINT('',(10.3296775092095,-5.91179008275686,-2.20353722806581));
#6711=CARTESIAN_POINT('',(10.3058969892011,-4.74024075110348,-1.95202732779357));
#6712=CARTESIAN_POINT('',(9.95412127520985,-5.19495882931121,-2.15076283861031));
#6713=CARTESIAN_POINT('',(10.2132157083054,-5.64345250830223,-2.46955402200628));
#6714=CARTESIAN_POINT('',(10.1729690509564,-4.63434645391973,-2.38566337292853));
#6715=CARTESIAN_POINT('',(9.97863514160158,-4.97881748919947,-2.56130520016198));
#6716=CARTESIAN_POINT('',(10.113518881189,-5.32032158189964,-2.79022849468441));
#6717=CARTESIAN_POINT('',(10.07643467196,-4.53286550207495,-2.82777671789985));
#6718=CARTESIAN_POINT('',(9.99165508654285,-4.76676262300081,-2.95893755672376));
#6719=CARTESIAN_POINT('',(10.0468216948408,-4.99756398594018,-3.10978588659233));
#6720=CARTESIAN_POINT('',(10.0152787707905,-4.4369734205183,-3.2796869739436));
#6721=CARTESIAN_POINT('',(9.99839405698852,-4.55684067302096,-3.35132883896206));
#6722=CARTESIAN_POINT('',(10.0083979467971,-4.67412071176529,-3.42810977898468));
#6723=CARTESIAN_POINT('',(9.99999999999997,-4.37757070533559,-3.58651653695814));
#6724=CARTESIAN_POINT('',(10.0000000070558,-4.4179474343279,-3.61226552166164));
#6725=CARTESIAN_POINT('',(9.99999999999997,-4.45832414601427,-3.63801453929655));
#6726=CARTESIAN_POINT('',(9.99999999999997,-4.34896985127125,-3.7435661571294));
#6727=CARTESIAN_POINT('',(9.99999999999997,-4.34896985127128,-3.74356615712941));
#6728=CARTESIAN_POINT('',(9.99999999999997,-4.34896985127132,-3.74356615712942));
#6729=CARTESIAN_POINT('',(9.99999999999997,-4.34896985127123,-3.74356615712941));
#6730=CARTESIAN_POINT('',(9.99999999999997,-4.47032015228966,-3.08247909880684));
#6731=CARTESIAN_POINT('',(10.1892488767766,-4.69508063848889,-2.09886579747472));
#6732=CARTESIAN_POINT('',(10.7732030870922,-5.00800100978557,-0.934632906090225));
#6733=CARTESIAN_POINT('',(11.3088795484861,-5.13878007258767,-0.477258956012905));
#6734=CARTESIAN_POINT('',(11.6390331718514,-5.17760817575773,-0.427965820484703));
#6735=CARTESIAN_POINT('',(11.6433976588509,-5.2129703518811,-0.383079953834351));
#6736=CARTESIAN_POINT('',(11.4289317725673,-3.47531356792073,-2.58871996922289));
#6737=CARTESIAN_POINT('',(11.2144658862836,-1.73765678396036,-4.79435998461145));
#6738=CARTESIAN_POINT('',(11.,-3.46944695195361E-15,-6.99999999999999));
#6739=CARTESIAN_POINT('',(10.9690847283108,0.250483340309302,-7.31794315406476));
#6740=CARTESIAN_POINT('',(10.9381694566216,0.500966680618608,-7.63588630812952));
#6741=CARTESIAN_POINT('',(10.9072541849324,0.751450020927914,-7.95382946219429));
#6742=CARTESIAN_POINT('',(9.99999999999997,-5.2129703518811,-0.383079953834357));
#6743=CARTESIAN_POINT('',(9.99999999999998,-3.47531356792073,-2.5887199692229));
#6744=CARTESIAN_POINT('',(9.99999999999997,-1.73765678396036,-4.79435998461145));
#6745=CARTESIAN_POINT('',(9.99999999999997,-6.1331736667335E-16,-7.));
#6746=CARTESIAN_POINT('',(9.99999999999997,0.250483340309305,-7.31794315406476));
#6747=CARTESIAN_POINT('',(9.99999999999997,0.500966680618611,-7.63588630812953));
#6748=CARTESIAN_POINT('',(9.99999999999996,0.751450020927916,-7.95382946219429));
#6749=CARTESIAN_POINT('',(9.99999999999997,-6.50387972431579,-1.40008971646056));
#6750=CARTESIAN_POINT('',(9.99999999999997,-4.59775730990986,-3.47300841578416));
#6751=CARTESIAN_POINT('',(9.99999999999997,-2.69163489550394,-5.54592711510776));
#6752=CARTESIAN_POINT('',(9.99999999999997,-0.785512481098029,-7.61884581443136));
#6753=CARTESIAN_POINT('',(9.99999999999997,-0.510744809020317,-7.91765718200925));
#6754=CARTESIAN_POINT('',(9.99999999999997,-0.235977136942605,-8.21646854958715));
#6755=CARTESIAN_POINT('',(9.99999999999996,0.0387905351351072,-8.51527991716504));
#6756=CARTESIAN_POINT('',(9.99999999999997,-3.46944695195361E-15,-8.47309499502649));
#6757=CARTESIAN_POINT('',(9.99999999999997,-0.161872779136317,-8.00243525638354));
#6758=CARTESIAN_POINT('',(10.095140847069,-0.394708136869271,-7.27949050639958));
#6759=CARTESIAN_POINT('',(10.4655054341722,-0.65841816503367,-6.40477645825236));
#6760=CARTESIAN_POINT('',(10.848685790294,-0.774877779811367,-6.0164492356705));
#6761=CARTESIAN_POINT('',(11.0969498879179,-0.78551248109802,-6.00293442474401));
#6762=CARTESIAN_POINT('',(12.4,1.6,-16.));
#6763=CARTESIAN_POINT('',(13.0540546275529,3.86031123729301,-16.6938029397995));
#6764=CARTESIAN_POINT('',(13.0360364183686,3.90687415819534,-16.4625352931997));
#6765=CARTESIAN_POINT('',(13.0180182091843,3.95343707909767,-16.2312676465998));
#6766=CARTESIAN_POINT('',(13.,4.,-16.));
#6767=CARTESIAN_POINT('',(12.6155727483733,4.99344255175854,-11.0657923402345));
#6768=CARTESIAN_POINT('',(12.2311454967467,5.9868851035171,-6.131584680469));
#6769=CARTESIAN_POINT('',(11.84671824512,6.98032765527565,-1.19737702070341));
#6770=CARTESIAN_POINT('',(11.844317973982,6.98653047121597,-1.16656901688809));
#6771=CARTESIAN_POINT('',(11.841917702844,6.9927332871563,-1.13576101307277));
#6772=CARTESIAN_POINT('',(11.8395174317059,6.99893610309663,-1.10495300925745));
#6773=CARTESIAN_POINT('',(9.99999999999997,3.86031123729301,-16.6938029397995));
#6774=CARTESIAN_POINT('',(9.99999999999997,3.90687415819534,-16.4625352931997));
#6775=CARTESIAN_POINT('',(9.99999999999997,3.95343707909767,-16.2312676465998));
#6776=CARTESIAN_POINT('',(9.99999999999997,4.,-16.));
#6777=CARTESIAN_POINT('',(9.99999999999997,4.99344255175855,-11.0657923402345));
#6778=CARTESIAN_POINT('',(9.99999999999996,5.9868851035171,-6.131584680469));
#6779=CARTESIAN_POINT('',(9.99999999999997,6.98032765527564,-1.19737702070341));
#6780=CARTESIAN_POINT('',(9.99999999999997,6.98653047121597,-1.16656901688809));
#6781=CARTESIAN_POINT('',(9.99999999999997,6.9927332871563,-1.13576101307277));
#6782=CARTESIAN_POINT('',(9.99999999999997,6.99893610309663,-1.10495300925744));
#6783=CARTESIAN_POINT('',(9.99999999999997,0.866337025180278,-16.0910027363476));
#6784=CARTESIAN_POINT('',(9.99999999999997,0.93056369484454,-15.863291470195));
#6785=CARTESIAN_POINT('',(9.99999999999997,0.994790364508803,-15.6355802040424));
#6786=CARTESIAN_POINT('',(9.99999999999997,1.05901703417307,-15.4078689378897));
#6787=CARTESIAN_POINT('',(9.99999999999997,2.42932425214282,-10.5495383837275));
#6788=CARTESIAN_POINT('',(9.99999999999996,3.79963147011258,-5.69120782956528));
#6789=CARTESIAN_POINT('',(9.99999999999997,5.16993868808234,-0.832877275402967));
#6790=CARTESIAN_POINT('',(9.99999999999997,5.17849455619945,-0.802543029953751));
#6791=CARTESIAN_POINT('',(9.99999999999997,5.18705042431655,-0.772208784504534));
#6792=CARTESIAN_POINT('',(9.99999999999997,5.19560629243366,-0.741874539055318));
#6793=CARTESIAN_POINT('',(11.84671824512,6.98032765527564,-1.19737702070341));
#6794=CARTESIAN_POINT('',(11.6910046426573,6.97905057971871,-1.20371289266155));
#6795=CARTESIAN_POINT('',(11.5357309976055,6.95448688673706,-1.22307854148595));
#6796=CARTESIAN_POINT('',(11.3891017097623,6.90890629672514,-1.25423339769628));
#6797=CARTESIAN_POINT('',(11.3891017097623,6.90890629672515,-1.25423339769629));
#6798=CARTESIAN_POINT('',(11.3891017097623,6.90890629672515,-1.25423339769629));
#6799=CARTESIAN_POINT('',(11.0710759007012,6.81004607426044,-1.32180549395489));
#6800=CARTESIAN_POINT('',(10.608928606211,6.42778653559911,-1.69519681445019));
#6801=CARTESIAN_POINT('',(10.1142799746482,5.54646963519127,-2.56310793234335));
#6802=CARTESIAN_POINT('',(9.99999999999997,4.83358951256001,-3.27604494259044));
#6803=CARTESIAN_POINT('',(9.99999999999997,4.34896985127131,-3.74356615712942));
#6804=CARTESIAN_POINT('',(11.84671824512,6.98032765527565,-1.19737702070342));
#6805=CARTESIAN_POINT('',(11.84671824512,7.80728393375382,2.90993043893315));
#6806=CARTESIAN_POINT('',(11.84671824512,5.21448751890197,-0.381154185568638));
#6807=CARTESIAN_POINT('',(11.6855409981581,6.97900774343498,-1.20393272853261));
#6808=CARTESIAN_POINT('',(10.9482712618165,7.8462203790882,2.95935319185068));
#6809=CARTESIAN_POINT('',(11.7730952434614,5.21448748377834,-0.38115423015172));
#6810=CARTESIAN_POINT('',(11.5278130190937,6.95202555686268,-1.22476080712305));
#6811=CARTESIAN_POINT('',(10.1417446073566,7.56056476702896,2.5967652202801));
#6812=CARTESIAN_POINT('',(11.701720029276,5.20056413219183,-0.398827398806758));
#6813=CARTESIAN_POINT('',(11.3891017097623,6.90890629672514,-1.25423339769629));
#6814=CARTESIAN_POINT('',(9.69723706337318,7.20833321790911,2.14967117582266));
#6815=CARTESIAN_POINT('',(11.6390331718514,5.17760817575772,-0.427965820484712));
#6816=CARTESIAN_POINT('',(11.6390331718514,5.96312065685575,-1.04681163491607));
#6817=CARTESIAN_POINT('',(11.3891017097623,6.90890629672515,-1.25423339769629));
#6818=CARTESIAN_POINT('',(9.69723706337319,7.20833321790912,2.14967117582267));
#6819=CARTESIAN_POINT('',(11.6390331718514,5.17760817575772,-0.427965820484707));
#6820=CARTESIAN_POINT('',(11.3222653006762,6.88812969897331,-1.26843483112294));
#6821=CARTESIAN_POINT('',(9.36261857568076,6.96089335994856,1.68606050580092));
#6822=CARTESIAN_POINT('',(11.5632823191495,5.16869968059227,-0.439273538783958));
#6823=CARTESIAN_POINT('',(11.2087696528157,6.8420843214485,-1.30569650551834));
#6824=CARTESIAN_POINT('',(9.23307721497809,6.59869867888917,0.910180392717831));
#6825=CARTESIAN_POINT('',(11.4367851511682,5.15103232258437,-0.476739146701956));
#6826=CARTESIAN_POINT('',(11.0690398388737,6.76558082514497,-1.37389386271591));
#6827=CARTESIAN_POINT('',(9.32826924088703,6.29627540948211,0.221276474261238));
#6828=CARTESIAN_POINT('',(11.2828977644641,5.12356498554164,-0.553486231900105));
#6829=CARTESIAN_POINT('',(10.954946132495,6.68801234851551,-1.44598935782144));
#6830=CARTESIAN_POINT('',(9.45103801155631,6.11553474555118,-0.199264287720112));
#6831=CARTESIAN_POINT('',(11.1577864056424,5.09645206126931,-0.638555182826989));
#6832=CARTESIAN_POINT('',(10.8234526434588,6.58257411484462,-1.54604932580499));
#6833=CARTESIAN_POINT('',(9.58508873493262,5.95038642411241,-0.581278661010043));
#6834=CARTESIAN_POINT('',(11.0134419355429,5.05998263089323,-0.759698123176434));
#6835=CARTESIAN_POINT('',(10.6882195987305,6.44800482146204,-1.67616042960887));
#6836=CARTESIAN_POINT('',(9.70759780479086,5.801389666517,-0.916468777593041));
#6837=CARTESIAN_POINT('',(10.8638991736329,5.01375599142034,-0.92130674989694));
#6838=CARTESIAN_POINT('',(10.5581824704099,6.28722619766364,-1.83333721011791));
#6839=CARTESIAN_POINT('',(9.80048370300547,5.65756391744896,-1.22541685526357));
#6840=CARTESIAN_POINT('',(10.7174956657592,4.95863766209163,-1.12047064470762));
#6841=CARTESIAN_POINT('',(10.4504074256177,6.12633519885223,-1.99162768633677));
#6842=CARTESIAN_POINT('',(9.86151637188792,5.53114858813973,-1.48691432350457));
#6843=CARTESIAN_POINT('',(10.5933571307532,4.90362282863029,-1.32401968540244));
#6844=CARTESIAN_POINT('',(10.3296775092095,5.91179008275686,-2.20353722806582));
#6845=CARTESIAN_POINT('',(9.91537263571938,5.37785857873412,-1.79486365822765));
#6846=CARTESIAN_POINT('',(10.4505232259371,4.83059514182731,-1.5999041727937));
#6847=CARTESIAN_POINT('',(10.2132157083054,5.64345250830222,-2.46955402200628));
#6848=CARTESIAN_POINT('',(9.95412127520986,5.19495882931123,-2.15076283861032));
#6849=CARTESIAN_POINT('',(10.3058969892011,4.7402407511035,-1.95202732779359));
#6850=CARTESIAN_POINT('',(10.113518881189,5.32032158189961,-2.7902284946844));
#6851=CARTESIAN_POINT('',(9.97863514160157,4.9788174891994,-2.56130520016194));
#6852=CARTESIAN_POINT('',(10.1729690509564,4.63434645391963,-2.38566337292846));
#6853=CARTESIAN_POINT('',(10.0468216948408,4.99756398594022,-3.10978588659235));
#6854=CARTESIAN_POINT('',(9.99165508654286,4.76676262300097,-2.95893755672387));
#6855=CARTESIAN_POINT('',(10.07643467196,4.53286550207522,-2.82777671790006));
#6856=CARTESIAN_POINT('',(10.0083979467971,4.67412071176518,-3.42810977898463));
#6857=CARTESIAN_POINT('',(9.99839405698848,4.55684067302041,-3.35132883896168));
#6858=CARTESIAN_POINT('',(10.0152787707905,4.43697342051731,-3.27968697394285));
#6859=CARTESIAN_POINT('',(9.99999999999997,4.45832414601445,-3.63801453929664));
#6860=CARTESIAN_POINT('',(10.0000000070559,4.41794743432903,-3.61226552166241));
#6861=CARTESIAN_POINT('',(9.99999999999997,4.37757070533767,-3.58651653695971));
#6862=CARTESIAN_POINT('',(9.99999999999997,4.34896985127132,-3.74356615712942));
#6863=CARTESIAN_POINT('',(9.99999999999997,4.34896985127128,-3.74356615712941));
#6864=CARTESIAN_POINT('',(9.99999999999997,4.34896985127124,-3.7435661571294));
#6865=CARTESIAN_POINT('',(9.99999999999997,4.34896985127123,-3.74356615712941));
#6866=CARTESIAN_POINT('',(9.99999999999997,4.47032015228962,-3.08247909880684));
#6867=CARTESIAN_POINT('',(10.1892488767767,4.69508063848883,-2.09886579747498));
#6868=CARTESIAN_POINT('',(10.7732030870922,5.00800100978566,-0.934632906089782));
#6869=CARTESIAN_POINT('',(11.3088795484862,5.13878007258745,-0.477258956013887));
#6870=CARTESIAN_POINT('',(11.6390331718514,5.17760817575772,-0.427965820484703));
#6871=CARTESIAN_POINT('',(11.6433976588509,5.2129703518811,-0.383079953834351));
#6872=CARTESIAN_POINT('',(11.4289317725673,3.47531356792073,-2.58871996922289));
#6873=CARTESIAN_POINT('',(11.2144658862836,1.73765678396036,-4.79435998461145));
#6874=CARTESIAN_POINT('',(11.,-1.73472347597681E-15,-6.99999999999999));
#6875=CARTESIAN_POINT('',(10.9690847283108,-0.25048334030931,-7.31794315406476));
#6876=CARTESIAN_POINT('',(10.9381694566216,-0.500966680618619,-7.63588630812953));
#6877=CARTESIAN_POINT('',(10.9072541849324,-0.751450020927928,-7.9538294621943));
#6878=CARTESIAN_POINT('',(9.99999999999997,5.21297035188109,-0.383079953834357));
#6879=CARTESIAN_POINT('',(9.99999999999998,3.47531356792072,-2.5887199692229));
#6880=CARTESIAN_POINT('',(9.99999999999997,1.73765678396036,-4.79435998461145));
#6881=CARTESIAN_POINT('',(9.99999999999997,-4.29322156671345E-15,-7.));
#6882=CARTESIAN_POINT('',(9.99999999999997,-0.250483340309313,-7.31794315406477));
#6883=CARTESIAN_POINT('',(9.99999999999997,-0.500966680618622,-7.63588630812953));
#6884=CARTESIAN_POINT('',(9.99999999999996,-0.75145002092793,-7.9538294621943));
#6885=CARTESIAN_POINT('',(9.99999999999997,6.50387972431578,-1.40008971646056));
#6886=CARTESIAN_POINT('',(9.99999999999997,4.59775730990986,-3.47300841578416));
#6887=CARTESIAN_POINT('',(9.99999999999997,2.69163489550394,-5.54592711510776));
#6888=CARTESIAN_POINT('',(9.99999999999997,0.785512481098024,-7.61884581443136));
#6889=CARTESIAN_POINT('',(9.99999999999997,0.510744809020308,-7.91765718200926));
#6890=CARTESIAN_POINT('',(9.99999999999997,0.235977136942593,-8.21646854958716));
#6891=CARTESIAN_POINT('',(9.99999999999997,-0.0387905351351218,-8.51527991716505));
#6892=CARTESIAN_POINT('',(11.0969498879179,0.785512481098015,-6.00293442474401));
#6893=CARTESIAN_POINT('',(10.84613261542,0.774768411384901,-6.01658822344201));
#6894=CARTESIAN_POINT('',(10.4666825797662,0.658548053246918,-6.40447789876387));
#6895=CARTESIAN_POINT('',(10.0944584184737,0.394319959174023,-7.28056414559168));
#6896=CARTESIAN_POINT('',(9.99999999999997,0.163537496753839,-7.99759494079081));
#6897=CARTESIAN_POINT('',(9.99999999999997,-4.33680868994202E-15,-8.47309499502649));
#6898=CARTESIAN_POINT('',(9.99999999999997,-6.95412694443066E-12,-8.47309499503401));
#6899=CARTESIAN_POINT('',(9.99999999999997,-3.00188476506372E-15,-8.47309499503401));
#6900=CARTESIAN_POINT('',(9.99999999999997,6.94812317490053E-12,-8.47309499503401));
#6901=CARTESIAN_POINT('',(9.99999999999906,0.0883878514136965,-8.21619131893301));
#6902=CARTESIAN_POINT('',(9.99999999984951,3.76564833709867E-12,-8.21619130116733));
#6903=CARTESIAN_POINT('',(9.99999999999905,-0.0883878514061652,-8.21619131893593));
#6904=CARTESIAN_POINT('',(10.0384896714199,0.262312300707406,-7.69316039955925));
#6905=CARTESIAN_POINT('',(10.0918723704582,-1.76932037539855E-12,-7.67604783886895));
#6906=CARTESIAN_POINT('',(10.0384896714198,-0.262312300710872,-7.69316039955793));
#6907=CARTESIAN_POINT('',(10.2261764794136,0.501701902413712,-6.92723525503232));
#6908=CARTESIAN_POINT('',(10.4836226572407,4.46848421803541E-13,-6.99619298360215));
#6909=CARTESIAN_POINT('',(10.2261764794139,-0.501701902412875,-6.92723525503255));
#6910=CARTESIAN_POINT('',(10.5635108699418,0.701093426228131,-6.25998969366777));
#6911=CARTESIAN_POINT('',(11.1014936079462,2.23188548152947E-13,-6.70652311594525));
#6912=CARTESIAN_POINT('',(10.5635108699407,-0.701093426228012,-6.25998969366817));
#6913=CARTESIAN_POINT('',(10.9176370559702,0.777826828194154,-6.01268996665861));
#6914=CARTESIAN_POINT('',(11.1783308735837,-1.02450860320036E-12,-6.97492191667447));
#6915=CARTESIAN_POINT('',(10.9176370559726,-0.777826828195001,-6.01268996665754));
#6916=CARTESIAN_POINT('',(11.0969498879183,0.785512481098028,-6.00293442474398));
#6917=CARTESIAN_POINT('',(11.0969498879183,-2.60208521396521E-15,-7.));
#6918=CARTESIAN_POINT('',(11.0969498879183,-0.785512481098033,-6.00293442474398));
#6919=CARTESIAN_POINT('',(11.0969498879183,-1.73472347597681E-15,-5.38408861031261));
#6920=CARTESIAN_POINT('',(9.99999999999996,-3.46944695195361E-15,-5.38408861031262));
#6921=CARTESIAN_POINT('',(12.,-3.46944695195361E-15,-5.38408861031262));
#6922=CARTESIAN_POINT('',(12.,-4.42897503780394,0.237691628862727));
#6923=CARTESIAN_POINT('',(12.,-4.33680868994202E-15,-5.38408861031262));
#6924=CARTESIAN_POINT('',(12.,-3.46944695195361E-15,-5.38408861031262));
#6925=CARTESIAN_POINT('',(12.,-3.46944695195361E-15,-5.38408861031262));
#6926=CARTESIAN_POINT('',(12.,4.42897503780394,0.237691628862727));
#6927=CARTESIAN_POINT('',(-1.08501636981964,-8.88178419700125E-16,42.1543579101562));
#6928=CARTESIAN_POINT('',(0.,0.,0.));
#6929=CARTESIAN_POINT('',(-10.5102618473966,-10.5102618473966,42.1543579101562));
#6930=CARTESIAN_POINT('',(-1.08501636981964,-42.1543579101562,-8.));
#6931=CARTESIAN_POINT('',(0.,0.,0.));
#6932=CARTESIAN_POINT('',(-10.5102618473966,-10.5102618473966,42.1543579101562));
#6933=CARTESIAN_POINT('',(25.7032604217529,-1.77635683940025E-15,-8.));
#6934=CARTESIAN_POINT('',(0.,0.,0.));
#6935=CARTESIAN_POINT('',(-6.408542574417,-6.408542574417,25.7032604217529));
#6936=CARTESIAN_POINT('',(-1.08501636981964,42.1543579101562,-8.));
#6937=CARTESIAN_POINT('',(0.,0.,0.));
#6938=CARTESIAN_POINT('',(-10.5102618473966,-10.5102618473966,42.1543579101562));
#6939=CARTESIAN_POINT('',(-1.08501636981964,-8.88178419700125E-16,-42.1543579101562));
#6940=CARTESIAN_POINT('',(0.,0.,0.));
#6941=CARTESIAN_POINT('',(-10.5102618473966,-10.5102618473966,42.1543579101562));
#6942=CARTESIAN_POINT('',(-25.7032604217529,-1.77635683940025E-15,-8.));
#6943=CARTESIAN_POINT('',(0.,0.,0.));
#6944=CARTESIAN_POINT('',(-6.408542574417,-6.408542574417,25.7032604217529));
#6945=CARTESIAN_POINT('',(34.0918607711792,-35.308075428009,27.308075428009));
#6946=CARTESIAN_POINT('',(0.,0.,0.));
#6947=CARTESIAN_POINT('',(-13.9210785522576,-13.9210785522576,55.8343965457558));
#6948=CARTESIAN_POINT('',(35.6416574826554,-30.0208829297572,11.2469678156216));
#6949=CARTESIAN_POINT('',(0.,0.,0.));
#6950=CARTESIAN_POINT('',(-11.8201001653952,-11.8201001653952,47.407832472736));
#6951=MECHANICAL_DESIGN_GEOMETRIC_PRESENTATION_REPRESENTATION('',(#2722,
#2723,#2724),#6952);
#6952=(
GEOMETRIC_REPRESENTATION_CONTEXT(3)
GLOBAL_UNCERTAINTY_ASSIGNED_CONTEXT((#6953))
GLOBAL_UNIT_ASSIGNED_CONTEXT((#6956,#6955,#6954))
REPRESENTATION_CONTEXT('cap_crown_3versions','TOP_LEVEL_ASSEMBLY_PART')
);
#6953=UNCERTAINTY_MEASURE_WITH_UNIT(LENGTH_MEASURE(0.0508),#6956,
'DISTANCE_ACCURACY_VALUE','Maximum Tolerance applied to model');
#6954=(
NAMED_UNIT(*)
SI_UNIT($,.STERADIAN.)
SOLID_ANGLE_UNIT()
);
#6955=(
NAMED_UNIT(*)
PLANE_ANGLE_UNIT()
SI_UNIT($,.RADIAN.)
);
#6956=(
LENGTH_UNIT()
NAMED_UNIT(*)
SI_UNIT(.MILLI.,.METRE.)
);
#6957=PRODUCT_DEFINITION_SHAPE('','',#6958);
#6958=PRODUCT_DEFINITION('','',#6960,#6959);
#6959=PRODUCT_DEFINITION_CONTEXT('',#6966,'design');
#6960=PRODUCT_DEFINITION_FORMATION_WITH_SPECIFIED_SOURCE('','',#6962,
 .NOT_KNOWN.);
#6961=PRODUCT_RELATED_PRODUCT_CATEGORY('','',(#6962));
#6962=PRODUCT('cap_crown_3versions','cap_crown_3versions',
'cap_crown_3versions',(#6964));
#6963=PRODUCT_CATEGORY('','');
#6964=PRODUCT_CONTEXT('',#6966,'mechanical');
#6965=APPLICATION_PROTOCOL_DEFINITION('international standard',
'ap242_managed_model_based_3d_engineering',2020,#6966);
#6966=APPLICATION_CONTEXT('managed model based 3d engineering');
ENDSEC;
END-ISO-10303-21;
